0.000000 0.000000 300.000000 300.000000
0.000000 0.005051 300.000000 300.000000
0.000000 0.010101 300.000000 300.000000
0.000000 0.015152 300.000000 300.000000
0.000000 0.020202 300.000000 300.000000
0.000000 0.025253 300.000000 300.000000
0.000000 0.030303 300.000000 300.000000
0.000000 0.035354 300.000000 300.000000
0.000000 0.040404 300.000000 300.000000
0.000000 0.045455 300.000000 300.000000
0.000000 0.050505 300.000000 300.000000
0.000000 0.055556 300.000000 300.000000
0.000000 0.060606 300.000000 300.000000
0.000000 0.065657 300.000000 300.000000
0.000000 0.070707 300.000000 300.000000
0.000000 0.075758 300.000000 300.000000
0.000000 0.080808 300.000000 300.000000
0.000000 0.085859 300.000000 300.000000
0.000000 0.090909 300.000000 300.000000
0.000000 0.095960 300.000000 300.000000
0.000000 0.101010 300.000000 300.000000
0.000000 0.106061 300.000000 300.000000
0.000000 0.111111 300.000000 300.000000
0.000000 0.116162 300.000000 300.000000
0.000000 0.121212 300.000000 300.000000
0.000000 0.126263 300.000000 300.000000
0.000000 0.131313 300.000000 300.000000
0.000000 0.136364 300.000000 300.000000
0.000000 0.141414 300.000000 300.000000
0.000000 0.146465 300.000000 300.000000
0.000000 0.151515 300.000000 300.000000
0.000000 0.156566 300.000000 300.000000
0.000000 0.161616 300.000000 300.000000
0.000000 0.166667 300.000000 300.000000
0.000000 0.171717 300.000000 300.000000
0.000000 0.176768 300.000000 300.000000
0.000000 0.181818 300.000000 300.000000
0.000000 0.186869 300.000000 300.000000
0.000000 0.191919 300.000000 300.000000
0.000000 0.196970 300.000000 300.000000
0.000000 0.202020 300.000000 300.000000
0.000000 0.207071 300.000000 300.000000
0.000000 0.212121 300.000000 300.000000
0.000000 0.217172 300.000000 300.000000
0.000000 0.222222 300.000000 300.000000
0.000000 0.227273 300.000000 300.000000
0.000000 0.232323 300.000000 300.000000
0.000000 0.237374 300.000000 300.000000
0.000000 0.242424 300.000000 300.000000
0.000000 0.247475 300.000000 300.000000
0.000000 0.252525 300.000000 300.000000
0.000000 0.257576 300.000000 300.000000
0.000000 0.262626 300.000000 300.000000
0.000000 0.267677 300.000000 300.000000
0.000000 0.272727 300.000000 300.000000
0.000000 0.277778 300.000000 300.000000
0.000000 0.282828 300.000000 300.000000
0.000000 0.287879 300.000000 300.000000
0.000000 0.292929 300.000000 300.000000
0.000000 0.297980 300.000000 300.000000
0.000000 0.303030 300.000000 300.000000
0.000000 0.308081 300.000000 300.000000
0.000000 0.313131 300.000000 300.000000
0.000000 0.318182 300.000000 300.000000
0.000000 0.323232 300.000000 300.000000
0.000000 0.328283 300.000000 300.000000
0.000000 0.333333 300.000000 300.000000
0.000000 0.338384 300.000000 300.000000
0.000000 0.343434 300.000000 300.000000
0.000000 0.348485 300.000000 300.000000
0.000000 0.353535 300.000000 300.000000
0.000000 0.358586 300.000000 300.000000
0.000000 0.363636 300.000000 300.000000
0.000000 0.368687 300.000000 300.000000
0.000000 0.373737 300.000000 300.000000
0.000000 0.378788 300.000000 300.000000
0.000000 0.383838 300.000000 300.000000
0.000000 0.388889 300.000000 300.000000
0.000000 0.393939 300.000000 300.000000
0.000000 0.398990 300.000000 300.000000
0.000000 0.404040 300.000000 300.000000
0.000000 0.409091 300.000000 300.000000
0.000000 0.414141 300.000000 300.000000
0.000000 0.419192 300.000000 300.000000
0.000000 0.424242 300.000000 300.000000
0.000000 0.429293 300.000000 300.000000
0.000000 0.434343 300.000000 300.000000
0.000000 0.439394 300.000000 300.000000
0.000000 0.444444 300.000000 300.000000
0.000000 0.449495 300.000000 300.000000
0.000000 0.454545 300.000000 300.000000
0.000000 0.459596 300.000000 300.000000
0.000000 0.464646 300.000000 300.000000
0.000000 0.469697 300.000000 300.000000
0.000000 0.474747 300.000000 300.000000
0.000000 0.479798 300.000000 300.000000
0.000000 0.484848 300.000000 300.000000
0.000000 0.489899 300.000000 300.000000
0.000000 0.494949 300.000000 300.000000
0.000000 0.500000 300.000000 300.000000
0.010101 0.000000 299.994223 299.994232
0.010101 0.005051 299.994226 299.994235
0.010101 0.010101 299.994235 299.994244
0.010101 0.015152 299.994249 299.994258
0.010101 0.020202 299.994270 299.994278
0.010101 0.025253 299.994296 299.994304
0.010101 0.030303 299.994328 299.994336
0.010101 0.035354 299.994365 299.994374
0.010101 0.040404 299.994408 299.994417
0.010101 0.045455 299.994457 299.994466
0.010101 0.050505 299.994511 299.994520
0.010101 0.055556 299.994571 299.994580
0.010101 0.060606 299.994637 299.994645
0.010101 0.065657 299.994708 299.994716
0.010101 0.070707 299.994784 299.994792
0.010101 0.075758 299.994865 299.994873
0.010101 0.080808 299.994952 299.994960
0.010101 0.085859 299.995043 299.995051
0.010101 0.090909 299.995140 299.995148
0.010101 0.095960 299.995241 299.995249
0.010101 0.101010 299.995348 299.995355
0.010101 0.106061 299.995459 299.995466
0.010101 0.111111 299.995574 299.995581
0.010101 0.116162 299.995694 299.995701
0.010101 0.121212 299.995819 299.995825
0.010101 0.126263 299.995947 299.995954
0.010101 0.131313 299.996080 299.996086
0.010101 0.136364 299.996216 299.996223
0.010101 0.141414 299.996357 299.996363
0.010101 0.146465 299.996501 299.996507
0.010101 0.151515 299.996648 299.996654
0.010101 0.156566 299.996799 299.996805
0.010101 0.161616 299.996953 299.996959
0.010101 0.166667 299.997111 299.997116
0.010101 0.171717 299.997271 299.997276
0.010101 0.176768 299.997434 299.997439
0.010101 0.181818 299.997599 299.997604
0.010101 0.186869 299.997767 299.997772
0.010101 0.191919 299.997937 299.997941
0.010101 0.196970 299.998109 299.998113
0.010101 0.202020 299.998283 299.998287
0.010101 0.207071 299.998459 299.998463
0.010101 0.212121 299.998637 299.998640
0.010101 0.217172 299.998815 299.998819
0.010101 0.222222 299.998995 299.998998
0.010101 0.227273 299.999176 299.999179
0.010101 0.232323 299.999358 299.999361
0.010101 0.237374 299.999540 299.999543
0.010101 0.242424 299.999723 299.999726
0.010101 0.247475 299.999906 299.999908
0.010101 0.252525 300.000090 300.000092
0.010101 0.257576 300.000273 300.000274
0.010101 0.262626 300.000456 300.000457
0.010101 0.267677 300.000638 300.000639
0.010101 0.272727 300.000820 300.000821
0.010101 0.277778 300.001001 300.001002
0.010101 0.282828 300.001181 300.001181
0.010101 0.287879 300.001360 300.001360
0.010101 0.292929 300.001537 300.001537
0.010101 0.297980 300.001713 300.001713
0.010101 0.303030 300.001887 300.001887
0.010101 0.308081 300.002059 300.002059
0.010101 0.313131 300.002229 300.002228
0.010101 0.318182 300.002397 300.002396
0.010101 0.323232 300.002563 300.002561
0.010101 0.328283 300.002725 300.002724
0.010101 0.333333 300.002886 300.002884
0.010101 0.338384 300.003043 300.003041
0.010101 0.343434 300.003197 300.003195
0.010101 0.348485 300.003348 300.003346
0.010101 0.353535 300.003495 300.003493
0.010101 0.358586 300.003639 300.003637
0.010101 0.363636 300.003780 300.003777
0.010101 0.368687 300.003916 300.003914
0.010101 0.373737 300.004049 300.004046
0.010101 0.378788 300.004178 300.004175
0.010101 0.383838 300.004302 300.004299
0.010101 0.388889 300.004422 300.004419
0.010101 0.393939 300.004537 300.004534
0.010101 0.398990 300.004648 300.004645
0.010101 0.404040 300.004755 300.004751
0.010101 0.409091 300.004856 300.004852
0.010101 0.414141 300.004953 300.004949
0.010101 0.419192 300.005044 300.005040
0.010101 0.424242 300.005131 300.005127
0.010101 0.429293 300.005212 300.005208
0.010101 0.434343 300.005289 300.005284
0.010101 0.439394 300.005359 300.005355
0.010101 0.444444 300.005425 300.005420
0.010101 0.449495 300.005485 300.005480
0.010101 0.454545 300.005539 300.005534
0.010101 0.459596 300.005588 300.005583
0.010101 0.464646 300.005631 300.005626
0.010101 0.469697 300.005669 300.005664
0.010101 0.474747 300.005700 300.005696
0.010101 0.479798 300.005727 300.005722
0.010101 0.484848 300.005747 300.005742
0.010101 0.489899 300.005761 300.005756
0.010101 0.494949 300.005770 300.005765
0.010101 0.500000 300.005773 300.005768
0.020202 0.000000 299.988423 299.988441
0.020202 0.005051 299.988429 299.988447
0.020202 0.010101 299.988446 299.988464
0.020202 0.015152 299.988475 299.988493
0.020202 0.020202 299.988516 299.988534
0.020202 0.025253 299.988568 299.988586
0.020202 0.030303 299.988632 299.988650
0.020202 0.035354 299.988707 299.988725
0.020202 0.040404 299.988794 299.988811
0.020202 0.045455 299.988892 299.988909
0.020202 0.050505 299.989001 299.989018
0.020202 0.055556 299.989121 299.989138
0.020202 0.060606 299.989252 299.989269
0.020202 0.065657 299.989394 299.989410
0.020202 0.070707 299.989546 299.989563
0.020202 0.075758 299.989710 299.989726
0.020202 0.080808 299.989883 299.989899
0.020202 0.085859 299.990067 299.990082
0.020202 0.090909 299.990260 299.990276
0.020202 0.095960 299.990464 299.990479
0.020202 0.101010 299.990677 299.990692
0.020202 0.106061 299.990899 299.990914
0.020202 0.111111 299.991131 299.991145
0.020202 0.116162 299.991371 299.991385
0.020202 0.121212 299.991620 299.991634
0.020202 0.126263 299.991878 299.991891
0.020202 0.131313 299.992144 299.992157
0.020202 0.136364 299.992417 299.992430
0.020202 0.141414 299.992699 299.992711
0.020202 0.146465 299.992987 299.993000
0.020202 0.151515 299.993283 299.993295
0.020202 0.156566 299.993586 299.993597
0.020202 0.161616 299.993895 299.993906
0.020202 0.166667 299.994210 299.994220
0.020202 0.171717 299.994531 299.994541
0.020202 0.176768 299.994857 299.994867
0.020202 0.181818 299.995189 299.995198
0.020202 0.186869 299.995525 299.995534
0.020202 0.191919 299.995866 299.995875
0.020202 0.196970 299.996211 299.996219
0.020202 0.202020 299.996560 299.996568
0.020202 0.207071 299.996912 299.996920
0.020202 0.212121 299.997268 299.997275
0.020202 0.217172 299.997626 299.997633
0.020202 0.222222 299.997987 299.997993
0.020202 0.227273 299.998349 299.998355
0.020202 0.232323 299.998713 299.998719
0.020202 0.237374 299.999079 299.999084
0.020202 0.242424 299.999445 299.999450
0.020202 0.247475 299.999813 299.999817
0.020202 0.252525 300.000180 300.000183
0.020202 0.257576 300.000547 300.000550
0.020202 0.262626 300.000913 300.000916
0.020202 0.267677 300.001279 300.001281
0.020202 0.272727 300.001643 300.001645
0.020202 0.277778 300.002006 300.002007
0.020202 0.282828 300.002366 300.002367
0.020202 0.287879 300.002725 300.002725
0.020202 0.292929 300.003080 300.003080
0.020202 0.297980 300.003432 300.003432
0.020202 0.303030 300.003781 300.003781
0.020202 0.308081 300.004126 300.004125
0.020202 0.313131 300.004467 300.004466
0.020202 0.318182 300.004804 300.004802
0.020202 0.323232 300.005135 300.005133
0.020202 0.328283 300.005462 300.005459
0.020202 0.333333 300.005783 300.005780
0.020202 0.338384 300.006098 300.006094
0.020202 0.343434 300.006407 300.006403
0.020202 0.348485 300.006709 300.006705
0.020202 0.353535 300.007005 300.007000
0.020202 0.358586 300.007294 300.007289
0.020202 0.363636 300.007575 300.007570
0.020202 0.368687 300.007849 300.007843
0.020202 0.373737 300.008114 300.008109
0.020202 0.378788 300.008372 300.008366
0.020202 0.383838 300.008621 300.008615
0.020202 0.388889 300.008862 300.008855
0.020202 0.393939 300.009093 300.009086
0.020202 0.398990 300.009316 300.009308
0.020202 0.404040 300.009529 300.009521
0.020202 0.409091 300.009732 300.009724
0.020202 0.414141 300.009926 300.009918
0.020202 0.419192 300.010109 300.010101
0.020202 0.424242 300.010283 300.010274
0.020202 0.429293 300.010446 300.010437
0.020202 0.434343 300.010598 300.010590
0.020202 0.439394 300.010740 300.010731
0.020202 0.444444 300.010871 300.010862
0.020202 0.449495 300.010991 300.010982
0.020202 0.454545 300.011100 300.011091
0.020202 0.459596 300.011198 300.011189
0.020202 0.464646 300.011285 300.011275
0.020202 0.469697 300.011360 300.011350
0.020202 0.474747 300.011424 300.011414
0.020202 0.479798 300.011476 300.011466
0.020202 0.484848 300.011517 300.011507
0.020202 0.489899 300.011546 300.011536
0.020202 0.494949 300.011563 300.011553
0.020202 0.500000 300.011569 300.011559
0.030303 0.000000 299.982576 299.982603
0.030303 0.005051 299.982585 299.982612
0.030303 0.010101 299.982611 299.982638
0.030303 0.015152 299.982655 299.982682
0.030303 0.020202 299.982716 299.982743
0.030303 0.025253 299.982795 299.982821
0.030303 0.030303 299.982891 299.982917
0.030303 0.035354 299.983004 299.983030
0.030303 0.040404 299.983135 299.983160
0.030303 0.045455 299.983282 299.983308
0.030303 0.050505 299.983446 299.983471
0.030303 0.055556 299.983627 299.983652
0.030303 0.060606 299.983824 299.983849
0.030303 0.065657 299.984038 299.984062
0.030303 0.070707 299.984267 299.984292
0.030303 0.075758 299.984513 299.984537
0.030303 0.080808 299.984774 299.984798
0.030303 0.085859 299.985050 299.985074
0.030303 0.090909 299.985341 299.985365
0.030303 0.095960 299.985648 299.985670
0.030303 0.101010 299.985968 299.985991
0.030303 0.106061 299.986303 299.986325
0.030303 0.111111 299.986651 299.986673
0.030303 0.116162 299.987013 299.987035
0.030303 0.121212 299.987388 299.987409
0.030303 0.126263 299.987776 299.987796
0.030303 0.131313 299.988176 299.988196
0.030303 0.136364 299.988588 299.988607
0.030303 0.141414 299.989011 299.989030
0.030303 0.146465 299.989446 299.989464
0.030303 0.151515 299.989891 299.989909
0.030303 0.156566 299.990346 299.990363
0.030303 0.161616 299.990811 299.990828
0.030303 0.166667 299.991285 299.991301
0.030303 0.171717 299.991768 299.991784
0.030303 0.176768 299.992260 299.992275
0.030303 0.181818 299.992759 299.992773
0.030303 0.186869 299.993265 299.993279
0.030303 0.191919 299.993778 299.993791
0.030303 0.196970 299.994297 299.994310
0.030303 0.202020 299.994823 299.994834
0.030303 0.207071 299.995353 299.995364
0.030303 0.212121 299.995888 299.995898
0.030303 0.217172 299.996427 299.996437
0.030303 0.222222 299.996970 299.996979
0.030303 0.227273 299.997515 299.997524
0.030303 0.232323 299.998064 299.998072
0.030303 0.237374 299.998614 299.998621
0.030303 0.242424 299.999165 299.999172
0.030303 0.247475 299.999718 299.999724
0.030303 0.252525 300.000271 300.000276
0.030303 0.257576 300.000823 300.000828
0.030303 0.262626 300.001375 300.001379
0.030303 0.267677 300.001925 300.001928
0.030303 0.272727 300.002473 300.002476
0.030303 0.277778 300.003019 300.003021
0.030303 0.282828 300.003562 300.003563
0.030303 0.287879 300.004101 300.004102
0.030303 0.292929 300.004636 300.004636
0.030303 0.297980 300.005166 300.005166
0.030303 0.303030 300.005691 300.005690
0.030303 0.308081 300.006210 300.006209
0.030303 0.313131 300.006724 300.006721
0.030303 0.318182 300.007230 300.007227
0.030303 0.323232 300.007729 300.007725
0.030303 0.328283 300.008220 300.008216
0.030303 0.333333 300.008703 300.008699
0.030303 0.338384 300.009177 300.009172
0.030303 0.343434 300.009642 300.009637
0.030303 0.348485 300.010098 300.010091
0.030303 0.353535 300.010543 300.010536
0.030303 0.358586 300.010977 300.010970
0.030303 0.363636 300.011401 300.011393
0.030303 0.368687 300.011812 300.011804
0.030303 0.373737 300.012212 300.012204
0.030303 0.378788 300.012600 300.012591
0.030303 0.383838 300.012975 300.012965
0.030303 0.388889 300.013337 300.013327
0.030303 0.393939 300.013686 300.013675
0.030303 0.398990 300.014020 300.014009
0.030303 0.404040 300.014341 300.014330
0.030303 0.409091 300.014647 300.014635
0.030303 0.414141 300.014939 300.014926
0.030303 0.419192 300.015215 300.015202
0.030303 0.424242 300.015476 300.015463
0.030303 0.429293 300.015721 300.015708
0.030303 0.434343 300.015951 300.015938
0.030303 0.439394 300.016164 300.016151
0.030303 0.444444 300.016362 300.016348
0.030303 0.449495 300.016543 300.016529
0.030303 0.454545 300.016707 300.016692
0.030303 0.459596 300.016854 300.016840
0.030303 0.464646 300.016984 300.016970
0.030303 0.469697 300.017097 300.017083
0.030303 0.474747 300.017193 300.017179
0.030303 0.479798 300.017272 300.017257
0.030303 0.484848 300.017333 300.017318
0.030303 0.489899 300.017377 300.017362
0.030303 0.494949 300.017403 300.017388
0.030303 0.500000 300.017412 300.017397
0.040404 0.000000 299.976659 299.976695
0.040404 0.005051 299.976671 299.976707
0.040404 0.010101 299.976706 299.976742
0.040404 0.015152 299.976765 299.976800
0.040404 0.020202 299.976847 299.976882
0.040404 0.025253 299.976953 299.976988
0.040404 0.030303 299.977081 299.977116
0.040404 0.035354 299.977233 299.977268
0.040404 0.040404 299.977407 299.977442
0.040404 0.045455 299.977605 299.977639
0.040404 0.050505 299.977824 299.977859
0.040404 0.055556 299.978067 299.978100
0.040404 0.060606 299.978331 299.978364
0.040404 0.065657 299.978617 299.978650
0.040404 0.070707 299.978924 299.978957
0.040404 0.075758 299.979253 299.979286
0.040404 0.080808 299.979603 299.979635
0.040404 0.085859 299.979973 299.980005
0.040404 0.090909 299.980364 299.980395
0.040404 0.095960 299.980774 299.980804
0.040404 0.101010 299.981203 299.981233
0.040404 0.106061 299.981652 299.981681
0.040404 0.111111 299.982118 299.982147
0.040404 0.116162 299.982603 299.982632
0.040404 0.121212 299.983106 299.983133
0.040404 0.126263 299.983625 299.983652
0.040404 0.131313 299.984161 299.984187
0.040404 0.136364 299.984713 299.984738
0.040404 0.141414 299.985280 299.985305
0.040404 0.146465 299.985862 299.985886
0.040404 0.151515 299.986458 299.986482
0.040404 0.156566 299.987068 299.987091
0.040404 0.161616 299.987691 299.987713
0.040404 0.166667 299.988326 299.988348
0.040404 0.171717 299.988973 299.988994
0.040404 0.176768 299.989631 299.989651
0.040404 0.181818 299.990300 299.990319
0.040404 0.186869 299.990978 299.990996
0.040404 0.191919 299.991665 299.991683
0.040404 0.196970 299.992361 299.992378
0.040404 0.202020 299.993064 299.993080
0.040404 0.207071 299.993775 299.993790
0.040404 0.212121 299.994491 299.994506
0.040404 0.217172 299.995214 299.995227
0.040404 0.222222 299.995941 299.995953
0.040404 0.227273 299.996672 299.996683
0.040404 0.232323 299.997406 299.997417
0.040404 0.237374 299.998143 299.998153
0.040404 0.242424 299.998882 299.998891
0.040404 0.247475 299.999622 299.999630
0.040404 0.252525 300.000363 300.000370
0.040404 0.257576 300.001103 300.001109
0.040404 0.262626 300.001841 300.001847
0.040404 0.267677 300.002579 300.002583
0.040404 0.272727 300.003313 300.003317
0.040404 0.277778 300.004044 300.004047
0.040404 0.282828 300.004771 300.004773
0.040404 0.287879 300.005493 300.005494
0.040404 0.292929 300.006210 300.006210
0.040404 0.297980 300.006920 300.006920
0.040404 0.303030 300.007624 300.007622
0.040404 0.308081 300.008319 300.008317
0.040404 0.313131 300.009007 300.009004
0.040404 0.318182 300.009685 300.009681
0.040404 0.323232 300.010354 300.010349
0.040404 0.328283 300.011012 300.011006
0.040404 0.333333 300.011659 300.011652
0.040404 0.338384 300.012294 300.012287
0.040404 0.343434 300.012917 300.012909
0.040404 0.348485 300.013527 300.013518
0.040404 0.353535 300.014123 300.014114
0.040404 0.358586 300.014705 300.014695
0.040404 0.363636 300.015272 300.015262
0.040404 0.368687 300.015824 300.015813
0.040404 0.373737 300.016360 300.016348
0.040404 0.378788 300.016879 300.016867
0.040404 0.383838 300.017381 300.017368
0.040404 0.388889 300.017866 300.017853
0.040404 0.393939 300.018333 300.018319
0.040404 0.398990 300.018782 300.018767
0.040404 0.404040 300.019211 300.019196
0.040404 0.409091 300.019621 300.019605
0.040404 0.414141 300.020012 300.019995
0.040404 0.419192 300.020382 300.020365
0.040404 0.424242 300.020731 300.020714
0.040404 0.429293 300.021060 300.021043
0.040404 0.434343 300.021368 300.021350
0.040404 0.439394 300.021654 300.021636
0.040404 0.444444 300.021918 300.021900
0.040404 0.449495 300.022160 300.022141
0.040404 0.454545 300.022380 300.022361
0.040404 0.459596 300.022577 300.022558
0.040404 0.464646 300.022752 300.022732
0.040404 0.469697 300.022904 300.022884
0.040404 0.474747 300.023032 300.023012
0.040404 0.479798 300.023138 300.023118
0.040404 0.484848 300.023220 300.023200
0.040404 0.489899 300.023278 300.023258
0.040404 0.494949 300.023314 300.023293
0.040404 0.500000 300.023325 300.023305
0.050505 0.000000 299.970649 299.970693
0.050505 0.005051 299.970663 299.970708
0.050505 0.010101 299.970708 299.970752
0.050505 0.015152 299.970781 299.970826
0.050505 0.020202 299.970885 299.970929
0.050505 0.025253 299.971017 299.971061
0.050505 0.030303 299.971179 299.971223
0.050505 0.035354 299.971370 299.971413
0.050505 0.040404 299.971589 299.971632
0.050505 0.045455 299.971837 299.971880
0.050505 0.050505 299.972114 299.972156
0.050505 0.055556 299.972418 299.972461
0.050505 0.060606 299.972750 299.972792
0.050505 0.065657 299.973110 299.973152
0.050505 0.070707 299.973497 299.973538
0.050505 0.075758 299.973910 299.973951
0.050505 0.080808 299.974350 299.974390
0.050505 0.085859 299.974816 299.974855
0.050505 0.090909 299.975307 299.975345
0.050505 0.095960 299.975822 299.975861
0.050505 0.101010 299.976362 299.976400
0.050505 0.106061 299.976926 299.976963
0.050505 0.111111 299.977513 299.977550
0.050505 0.116162 299.978123 299.978159
0.050505 0.121212 299.978755 299.978790
0.050505 0.126263 299.979408 299.979442
0.050505 0.131313 299.980082 299.980115
0.050505 0.136364 299.980776 299.980808
0.050505 0.141414 299.981489 299.981521
0.050505 0.146465 299.982221 299.982252
0.050505 0.151515 299.982971 299.983000
0.050505 0.156566 299.983738 299.983766
0.050505 0.161616 299.984521 299.984549
0.050505 0.166667 299.985320 299.985347
0.050505 0.171717 299.986133 299.986159
0.050505 0.176768 299.986961 299.986986
0.050505 0.181818 299.987801 299.987826
0.050505 0.186869 299.988654 299.988677
0.050505 0.191919 299.989519 299.989541
0.050505 0.196970 299.990394 299.990415
0.050505 0.202020 299.991278 299.991298
0.050505 0.207071 299.992172 299.992191
0.050505 0.212121 299.993073 299.993091
0.050505 0.217172 299.993981 299.993998
0.050505 0.222222 299.994895 299.994911
0.050505 0.227273 299.995815 299.995829
0.050505 0.232323 299.996738 299.996752
0.050505 0.237374 299.997665 299.997677
0.050505 0.242424 299.998594 299.998606
0.050505 0.247475 299.999525 299.999535
0.050505 0.252525 300.000456 300.000465
0.050505 0.257576 300.001387 300.001394
0.050505 0.262626 300.002316 300.002323
0.050505 0.267677 300.003243 300.003248
0.050505 0.272727 300.004166 300.004171
0.050505 0.277778 300.005086 300.005089
0.050505 0.282828 300.006000 300.006002
0.050505 0.287879 300.006908 300.006909
0.050505 0.292929 300.007809 300.007809
0.050505 0.297980 300.008703 300.008702
0.050505 0.303030 300.009587 300.009585
0.050505 0.308081 300.010462 300.010459
0.050505 0.313131 300.011326 300.011323
0.050505 0.318182 300.012179 300.012174
0.050505 0.323232 300.013020 300.013014
0.050505 0.328283 300.013848 300.013841
0.050505 0.333333 300.014661 300.014653
0.050505 0.338384 300.015460 300.015451
0.050505 0.343434 300.016243 300.016234
0.050505 0.348485 300.017010 300.017000
0.050505 0.353535 300.017760 300.017748
0.050505 0.358586 300.018492 300.018479
0.050505 0.363636 300.019205 300.019192
0.050505 0.368687 300.019899 300.019885
0.050505 0.373737 300.020573 300.020558
0.050505 0.378788 300.021226 300.021210
0.050505 0.383838 300.021858 300.021841
0.050505 0.388889 300.022468 300.022450
0.050505 0.393939 300.023055 300.023037
0.050505 0.398990 300.023618 300.023600
0.050505 0.404040 300.024159 300.024139
0.050505 0.409091 300.024674 300.024655
0.050505 0.414141 300.025165 300.025145
0.050505 0.419192 300.025631 300.025610
0.050505 0.424242 300.026070 300.026049
0.050505 0.429293 300.026484 300.026462
0.050505 0.434343 300.026871 300.026848
0.050505 0.439394 300.027230 300.027208
0.050505 0.444444 300.027563 300.027539
0.050505 0.449495 300.027867 300.027844
0.050505 0.454545 300.028144 300.028120
0.050505 0.459596 300.028392 300.028368
0.050505 0.464646 300.028611 300.028587
0.050505 0.469697 300.028802 300.028777
0.050505 0.474747 300.028964 300.028939
0.050505 0.479798 300.029096 300.029071
0.050505 0.484848 300.029199 300.029174
0.050505 0.489899 300.029273 300.029248
0.050505 0.494949 300.029318 300.029292
0.050505 0.500000 300.029332 300.029307
0.060606 0.000000 299.964520 299.964573
0.060606 0.005051 299.964537 299.964591
0.060606 0.010101 299.964591 299.964644
0.060606 0.015152 299.964680 299.964734
0.060606 0.020202 299.964805 299.964858
0.060606 0.025253 299.964965 299.965018
0.060606 0.030303 299.965161 299.965213
0.060606 0.035354 299.965391 299.965444
0.060606 0.040404 299.965656 299.965709
0.060606 0.045455 299.965956 299.966008
0.060606 0.050505 299.966291 299.966342
0.060606 0.055556 299.966659 299.966710
0.060606 0.060606 299.967060 299.967111
0.060606 0.065657 299.967495 299.967545
0.060606 0.070707 299.967963 299.968012
0.060606 0.075758 299.968463 299.968511
0.060606 0.080808 299.968994 299.969042
0.060606 0.085859 299.969557 299.969604
0.060606 0.090909 299.970150 299.970197
0.060606 0.095960 299.970774 299.970820
0.060606 0.101010 299.971427 299.971472
0.060606 0.106061 299.972108 299.972153
0.060606 0.111111 299.972818 299.972862
0.060606 0.116162 299.973555 299.973598
0.060606 0.121212 299.974319 299.974360
0.060606 0.126263 299.975108 299.975149
0.060606 0.131313 299.975923 299.975963
0.060606 0.136364 299.976761 299.976800
0.060606 0.141414 299.977624 299.977662
0.060606 0.146465 299.978508 299.978545
0.060606 0.151515 299.979415 299.979450
0.060606 0.156566 299.980342 299.980376
0.060606 0.161616 299.981289 299.981322
0.060606 0.166667 299.982254 299.982287
0.060606 0.171717 299.983238 299.983269
0.060606 0.176768 299.984238 299.984268
0.060606 0.181818 299.985254 299.985283
0.060606 0.186869 299.986285 299.986313
0.060606 0.191919 299.987330 299.987357
0.060606 0.196970 299.988388 299.988413
0.060606 0.202020 299.989457 299.989481
0.060606 0.207071 299.990537 299.990560
0.060606 0.212121 299.991627 299.991648
0.060606 0.217172 299.992724 299.992744
0.060606 0.222222 299.993830 299.993848
0.060606 0.227273 299.994941 299.994958
0.060606 0.232323 299.996057 299.996073
0.060606 0.237374 299.997178 299.997192
0.060606 0.242424 299.998301 299.998314
0.060606 0.247475 299.999426 299.999438
0.060606 0.252525 300.000551 300.000562
0.060606 0.257576 300.001676 300.001686
0.060606 0.262626 300.002799 300.002808
0.060606 0.267677 300.003920 300.003927
0.060606 0.272727 300.005036 300.005042
0.060606 0.277778 300.006148 300.006152
0.060606 0.282828 300.007253 300.007256
0.060606 0.287879 300.008351 300.008352
0.060606 0.292929 300.009440 300.009440
0.060606 0.297980 300.010520 300.010519
0.060606 0.303030 300.011589 300.011587
0.060606 0.308081 300.012647 300.012643
0.060606 0.313131 300.013692 300.013687
0.060606 0.318182 300.014723 300.014717
0.060606 0.323232 300.015739 300.015732
0.060606 0.328283 300.016739 300.016731
0.060606 0.333333 300.017723 300.017713
0.060606 0.338384 300.018689 300.018678
0.060606 0.343434 300.019635 300.019624
0.060606 0.348485 300.020562 300.020550
0.060606 0.353535 300.021469 300.021455
0.060606 0.358586 300.022354 300.022338
0.060606 0.363636 300.023216 300.023200
0.060606 0.368687 300.024054 300.024037
0.060606 0.373737 300.024869 300.024851
0.060606 0.378788 300.025659 300.025640
0.060606 0.383838 300.026422 300.026402
0.060606 0.388889 300.027159 300.027138
0.060606 0.393939 300.027869 300.027847
0.060606 0.398990 300.028551 300.028528
0.060606 0.404040 300.029203 300.029180
0.060606 0.409091 300.029827 300.029803
0.060606 0.414141 300.030420 300.030396
0.060606 0.419192 300.030983 300.030958
0.060606 0.424242 300.031515 300.031489
0.060606 0.429293 300.032014 300.031988
0.060606 0.434343 300.032482 300.032455
0.060606 0.439394 300.032917 300.032889
0.060606 0.444444 300.033318 300.033290
0.060606 0.449495 300.033687 300.033658
0.060606 0.454545 300.034021 300.033992
0.060606 0.459596 300.034321 300.034291
0.060606 0.464646 300.034586 300.034556
0.060606 0.469697 300.034817 300.034787
0.060606 0.474747 300.035012 300.034982
0.060606 0.479798 300.035172 300.035142
0.060606 0.484848 300.035297 300.035266
0.060606 0.489899 300.035386 300.035356
0.060606 0.494949 300.035440 300.035409
0.060606 0.500000 300.035458 300.035427
0.070707 0.000000 299.958248 299.958310
0.070707 0.005051 299.958269 299.958331
0.070707 0.010101 299.958332 299.958394
0.070707 0.015152 299.958437 299.958499
0.070707 0.020202 299.958584 299.958646
0.070707 0.025253 299.958772 299.958834
0.070707 0.030303 299.959002 299.959064
0.070707 0.035354 299.959273 299.959335
0.070707 0.040404 299.959586 299.959647
0.070707 0.045455 299.959939 299.959999
0.070707 0.050505 299.960332 299.960392
0.070707 0.055556 299.960765 299.960825
0.070707 0.060606 299.961238 299.961297
0.070707 0.065657 299.961749 299.961808
0.070707 0.070707 299.962300 299.962357
0.070707 0.075758 299.962888 299.962945
0.070707 0.080808 299.963513 299.963570
0.070707 0.085859 299.964175 299.964231
0.070707 0.090909 299.964874 299.964929
0.070707 0.095960 299.965607 299.965661
0.070707 0.101010 299.966376 299.966429
0.070707 0.106061 299.967178 299.967230
0.070707 0.111111 299.968013 299.968064
0.070707 0.116162 299.968880 299.968930
0.070707 0.121212 299.969779 299.969828
0.070707 0.126263 299.970708 299.970756
0.070707 0.131313 299.971667 299.971713
0.070707 0.136364 299.972654 299.972699
0.070707 0.141414 299.973668 299.973713
0.070707 0.146465 299.974709 299.974753
0.070707 0.151515 299.975776 299.975818
0.070707 0.156566 299.976867 299.976907
0.070707 0.161616 299.977981 299.978020
0.070707 0.166667 299.979117 299.979155
0.070707 0.171717 299.980275 299.980311
0.070707 0.176768 299.981452 299.981487
0.070707 0.181818 299.982648 299.982682
0.070707 0.186869 299.983861 299.983894
0.070707 0.191919 299.985091 299.985122
0.070707 0.196970 299.986335 299.986365
0.070707 0.202020 299.987594 299.987622
0.070707 0.207071 299.988864 299.988891
0.070707 0.212121 299.990146 299.990171
0.070707 0.217172 299.991438 299.991462
0.070707 0.222222 299.992739 299.992761
0.070707 0.227273 299.994047 299.994067
0.070707 0.232323 299.995360 299.995379
0.070707 0.237374 299.996679 299.996696
0.070707 0.242424 299.998001 299.998016
0.070707 0.247475 299.999324 299.999339
0.070707 0.252525 300.000649 300.000661
0.070707 0.257576 300.001973 300.001984
0.070707 0.262626 300.003294 300.003304
0.070707 0.267677 300.004613 300.004621
0.070707 0.272727 300.005927 300.005933
0.070707 0.277778 300.007235 300.007239
0.070707 0.282828 300.008535 300.008538
0.070707 0.287879 300.009827 300.009829
0.070707 0.292929 300.011109 300.011109
0.070707 0.297980 300.012380 300.012378
0.070707 0.303030 300.013638 300.013635
0.070707 0.308081 300.014883 300.014878
0.070707 0.313131 300.016112 300.016106
0.070707 0.318182 300.017326 300.017318
0.070707 0.323232 300.018521 300.018513
0.070707 0.328283 300.019699 300.019689
0.070707 0.333333 300.020856 300.020845
0.070707 0.338384 300.021992 300.021980
0.070707 0.343434 300.023107 300.023093
0.070707 0.348485 300.024198 300.024182
0.070707 0.353535 300.025264 300.025247
0.070707 0.358586 300.026305 300.026287
0.070707 0.363636 300.027320 300.027301
0.070707 0.368687 300.028307 300.028287
0.070707 0.373737 300.029265 300.029244
0.070707 0.378788 300.030194 300.030172
0.070707 0.383838 300.031093 300.031070
0.070707 0.388889 300.031960 300.031936
0.070707 0.393939 300.032796 300.032770
0.070707 0.398990 300.033598 300.033571
0.070707 0.404040 300.034366 300.034339
0.070707 0.409091 300.035100 300.035071
0.070707 0.414141 300.035798 300.035769
0.070707 0.419192 300.036460 300.036430
0.070707 0.424242 300.037086 300.037055
0.070707 0.429293 300.037674 300.037643
0.070707 0.434343 300.038224 300.038192
0.070707 0.439394 300.038736 300.038703
0.070707 0.444444 300.039208 300.039175
0.070707 0.449495 300.039642 300.039608
0.070707 0.454545 300.040035 300.040001
0.070707 0.459596 300.040388 300.040353
0.070707 0.464646 300.040700 300.040665
0.070707 0.469697 300.040971 300.040936
0.070707 0.474747 300.041201 300.041166
0.070707 0.479798 300.041390 300.041354
0.070707 0.484848 300.041537 300.041501
0.070707 0.489899 300.041642 300.041606
0.070707 0.494949 300.041705 300.041669
0.070707 0.500000 300.041726 300.041690
0.080808 0.000000 299.951808 299.951880
0.080808 0.005051 299.951832 299.951904
0.080808 0.010101 299.951905 299.951977
0.080808 0.015152 299.952026 299.952098
0.080808 0.020202 299.952195 299.952267
0.080808 0.025253 299.952413 299.952484
0.080808 0.030303 299.952678 299.952749
0.080808 0.035354 299.952992 299.953062
0.080808 0.040404 299.953352 299.953422
0.080808 0.045455 299.953759 299.953829
0.080808 0.050505 299.954213 299.954282
0.080808 0.055556 299.954713 299.954782
0.080808 0.060606 299.955259 299.955327
0.080808 0.065657 299.955850 299.955917
0.080808 0.070707 299.956485 299.956551
0.080808 0.075758 299.957164 299.957229
0.080808 0.080808 299.957885 299.957950
0.080808 0.085859 299.958650 299.958714
0.080808 0.090909 299.959456 299.959519
0.080808 0.095960 299.960303 299.960365
0.080808 0.101010 299.961189 299.961250
0.080808 0.106061 299.962115 299.962175
0.080808 0.111111 299.963079 299.963138
0.080808 0.116162 299.964080 299.964138
0.080808 0.121212 299.965118 299.965174
0.080808 0.126263 299.966190 299.966245
0.080808 0.131313 299.967296 299.967350
0.080808 0.136364 299.968436 299.968488
0.080808 0.141414 299.969607 299.969658
0.080808 0.146465 299.970809 299.970858
0.080808 0.151515 299.972040 299.972088
0.080808 0.156566 299.973299 299.973345
0.080808 0.161616 299.974585 299.974630
0.080808 0.166667 299.975897 299.975940
0.080808 0.171717 299.977232 299.977274
0.080808 0.176768 299.978591 299.978632
0.080808 0.181818 299.979972 299.980010
0.080808 0.186869 299.981372 299.981409
0.080808 0.191919 299.982791 299.982827
0.080808 0.196970 299.984228 299.984262
0.080808 0.202020 299.985680 299.985712
0.080808 0.207071 299.987147 299.987177
0.080808 0.212121 299.988627 299.988655
0.080808 0.217172 299.990118 299.990145
0.080808 0.222222 299.991619 299.991644
0.080808 0.227273 299.993129 299.993152
0.080808 0.232323 299.994645 299.994666
0.080808 0.237374 299.996167 299.996186
0.080808 0.242424 299.997693 299.997710
0.080808 0.247475 299.999220 299.999237
0.080808 0.252525 300.000749 300.000763
0.080808 0.257576 300.002277 300.002290
0.080808 0.262626 300.003803 300.003814
0.080808 0.267677 300.005325 300.005334
0.080808 0.272727 300.006841 300.006848
0.080808 0.277778 300.008351 300.008356
0.080808 0.282828 300.009852 300.009855
0.080808 0.287879 300.011343 300.011345
0.080808 0.292929 300.012823 300.012823
0.080808 0.297980 300.014289 300.014288
0.080808 0.303030 300.015742 300.015738
0.080808 0.308081 300.017178 300.017173
0.080808 0.313131 300.018598 300.018591
0.080808 0.318182 300.019998 300.019990
0.080808 0.323232 300.021379 300.021368
0.080808 0.328283 300.022737 300.022726
0.080808 0.333333 300.024073 300.024060
0.080808 0.338384 300.025385 300.025370
0.080808 0.343434 300.026671 300.026655
0.080808 0.348485 300.027930 300.027912
0.080808 0.353535 300.029161 300.029142
0.080808 0.358586 300.030363 300.030342
0.080808 0.363636 300.031534 300.031512
0.080808 0.368687 300.032673 300.032650
0.080808 0.373737 300.033780 300.033755
0.080808 0.378788 300.034852 300.034826
0.080808 0.383838 300.035889 300.035862
0.080808 0.388889 300.036890 300.036862
0.080808 0.393939 300.037854 300.037825
0.080808 0.398990 300.038780 300.038750
0.080808 0.404040 300.039667 300.039635
0.080808 0.409091 300.040514 300.040481
0.080808 0.414141 300.041320 300.041286
0.080808 0.419192 300.042084 300.042050
0.080808 0.424242 300.042806 300.042771
0.080808 0.429293 300.043485 300.043449
0.080808 0.434343 300.044120 300.044083
0.080808 0.439394 300.044711 300.044673
0.080808 0.444444 300.045256 300.045218
0.080808 0.449495 300.045756 300.045718
0.080808 0.454545 300.046210 300.046171
0.080808 0.459596 300.046618 300.046578
0.080808 0.464646 300.046978 300.046938
0.080808 0.469697 300.047291 300.047251
0.080808 0.474747 300.047557 300.047516
0.080808 0.479798 300.047774 300.047733
0.080808 0.484848 300.047944 300.047902
0.080808 0.489899 300.048065 300.048023
0.080808 0.494949 300.048138 300.048096
0.080808 0.500000 300.048162 300.048120
0.090909 0.000000 299.945174 299.945255
0.090909 0.005051 299.945201 299.945283
0.090909 0.010101 299.945284 299.945365
0.090909 0.015152 299.945422 299.945503
0.090909 0.020202 299.945615 299.945696
0.090909 0.025253 299.945862 299.945943
0.090909 0.030303 299.946164 299.946245
0.090909 0.035354 299.946521 299.946600
0.090909 0.040404 299.946931 299.947010
0.090909 0.045455 299.947394 299.947473
0.090909 0.050505 299.947910 299.947989
0.090909 0.055556 299.948479 299.948557
0.090909 0.060606 299.949100 299.949177
0.090909 0.065657 299.949772 299.949848
0.090909 0.070707 299.950494 299.950570
0.090909 0.075758 299.951267 299.951341
0.090909 0.080808 299.952088 299.952161
0.090909 0.085859 299.952958 299.953030
0.090909 0.090909 299.953875 299.953946
0.090909 0.095960 299.954838 299.954908
0.090909 0.101010 299.955847 299.955916
0.090909 0.106061 299.956900 299.956968
0.090909 0.111111 299.957997 299.958063
0.090909 0.116162 299.959136 299.959201
0.090909 0.121212 299.960316 299.960379
0.090909 0.126263 299.961536 299.961598
0.090909 0.131313 299.962795 299.962855
0.090909 0.136364 299.964091 299.964150
0.090909 0.141414 299.965423 299.965481
0.090909 0.146465 299.966790 299.966846
0.090909 0.151515 299.968191 299.968245
0.090909 0.156566 299.969623 299.969676
0.090909 0.161616 299.971086 299.971137
0.090909 0.166667 299.972579 299.972628
0.090909 0.171717 299.974098 299.974146
0.090909 0.176768 299.975644 299.975690
0.090909 0.181818 299.977215 299.977258
0.090909 0.186869 299.978808 299.978850
0.090909 0.191919 299.980423 299.980462
0.090909 0.196970 299.982057 299.982095
0.090909 0.202020 299.983709 299.983745
0.090909 0.207071 299.985378 299.985412
0.090909 0.212121 299.987061 299.987094
0.090909 0.217172 299.988758 299.988788
0.090909 0.222222 299.990466 299.990494
0.090909 0.227273 299.992183 299.992209
0.090909 0.232323 299.993908 299.993932
0.090909 0.237374 299.995639 299.995662
0.090909 0.242424 299.997375 299.997395
0.090909 0.247475 299.999113 299.999131
0.090909 0.252525 300.000853 300.000869
0.090909 0.257576 300.002591 300.002605
0.090909 0.262626 300.004327 300.004338
0.090909 0.267677 300.006058 300.006068
0.090909 0.272727 300.007783 300.007791
0.090909 0.277778 300.009500 300.009506
0.090909 0.282828 300.011208 300.011212
0.090909 0.287879 300.012905 300.012906
0.090909 0.292929 300.014588 300.014588
0.090909 0.297980 300.016257 300.016255
0.090909 0.303030 300.017909 300.017905
0.090909 0.308081 300.019543 300.019538
0.090909 0.313131 300.021158 300.021150
0.090909 0.318182 300.022751 300.022742
0.090909 0.323232 300.024322 300.024310
0.090909 0.328283 300.025868 300.025854
0.090909 0.333333 300.027387 300.027372
0.090909 0.338384 300.028880 300.028863
0.090909 0.343434 300.030343 300.030324
0.090909 0.348485 300.031775 300.031755
0.090909 0.353535 300.033176 300.033154
0.090909 0.358586 300.034543 300.034519
0.090909 0.363636 300.035875 300.035850
0.090909 0.368687 300.037171 300.037145
0.090909 0.373737 300.038430 300.038402
0.090909 0.378788 300.039650 300.039621
0.090909 0.383838 300.040830 300.040799
0.090909 0.388889 300.041969 300.041937
0.090909 0.393939 300.043066 300.043032
0.090909 0.398990 300.044119 300.044084
0.090909 0.404040 300.045128 300.045092
0.090909 0.409091 300.046091 300.046054
0.090909 0.414141 300.047008 300.046970
0.090909 0.419192 300.047878 300.047839
0.090909 0.424242 300.048699 300.048659
0.090909 0.429293 300.049472 300.049430
0.090909 0.434343 300.050194 300.050152
0.090909 0.439394 300.050866 300.050823
0.090909 0.444444 300.051487 300.051443
0.090909 0.449495 300.052056 300.052011
0.090909 0.454545 300.052572 300.052527
0.090909 0.459596 300.053035 300.052990
0.090909 0.464646 300.053445 300.053400
0.090909 0.469697 300.053802 300.053755
0.090909 0.474747 300.054104 300.054057
0.090909 0.479798 300.054351 300.054304
0.090909 0.484848 300.054544 300.054497
0.090909 0.489899 300.054682 300.054635
0.090909 0.494949 300.054765 300.054717
0.090909 0.500000 300.054792 300.054745
0.101010 0.000000 299.938319 299.938410
0.101010 0.005051 299.938350 299.938441
0.101010 0.010101 299.938443 299.938534
0.101010 0.015152 299.938598 299.938689
0.101010 0.020202 299.938815 299.938906
0.101010 0.025253 299.939094 299.939184
0.101010 0.030303 299.939434 299.939523
0.101010 0.035354 299.939834 299.939923
0.101010 0.040404 299.940296 299.940384
0.101010 0.045455 299.940817 299.940905
0.101010 0.050505 299.941398 299.941485
0.101010 0.055556 299.942038 299.942124
0.101010 0.060606 299.942736 299.942822
0.101010 0.065657 299.943492 299.943577
0.101010 0.070707 299.944305 299.944389
0.101010 0.075758 299.945174 299.945257
0.101010 0.080808 299.946098 299.946180
0.101010 0.085859 299.947076 299.947157
0.101010 0.090909 299.948108 299.948187
0.101010 0.095960 299.949192 299.949270
0.101010 0.101010 299.950327 299.950404
0.101010 0.106061 299.951512 299.951587
0.101010 0.111111 299.952746 299.952820
0.101010 0.116162 299.954027 299.954099
0.101010 0.121212 299.955355 299.955425
0.101010 0.126263 299.956727 299.956796
0.101010 0.131313 299.958143 299.958211
0.101010 0.136364 299.959601 299.959667
0.101010 0.141414 299.961100 299.961164
0.101010 0.146465 299.962638 299.962701
0.101010 0.151515 299.964214 299.964275
0.101010 0.156566 299.965826 299.965884
0.101010 0.161616 299.967472 299.967528
0.101010 0.166667 299.969150 299.969205
0.101010 0.171717 299.970860 299.970913
0.101010 0.176768 299.972599 299.972650
0.101010 0.181818 299.974366 299.974415
0.101010 0.186869 299.976159 299.976205
0.101010 0.191919 299.977975 299.978020
0.101010 0.196970 299.979814 299.979856
0.101010 0.202020 299.981673 299.981713
0.101010 0.207071 299.983550 299.983588
0.101010 0.212121 299.985444 299.985480
0.101010 0.217172 299.987353 299.987386
0.101010 0.222222 299.989274 299.989305
0.101010 0.227273 299.991206 299.991235
0.101010 0.232323 299.993147 299.993174
0.101010 0.237374 299.995095 299.995119
0.101010 0.242424 299.997047 299.997069
0.101010 0.247475 299.999003 299.999023
0.101010 0.252525 300.000960 300.000977
0.101010 0.257576 300.002915 300.002931
0.101010 0.262626 300.004868 300.004881
0.101010 0.267677 300.006816 300.006826
0.101010 0.272727 300.008757 300.008765
0.101010 0.277778 300.010689 300.010695
0.101010 0.282828 300.012610 300.012614
0.101010 0.287879 300.014518 300.014520
0.101010 0.292929 300.016412 300.016412
0.101010 0.297980 300.018290 300.018287
0.101010 0.303030 300.020149 300.020144
0.101010 0.308081 300.021987 300.021980
0.101010 0.313131 300.023804 300.023795
0.101010 0.318182 300.025596 300.025585
0.101010 0.323232 300.027363 300.027350
0.101010 0.328283 300.029102 300.029087
0.101010 0.333333 300.030812 300.030795
0.101010 0.338384 300.032491 300.032472
0.101010 0.343434 300.034137 300.034116
0.101010 0.348485 300.035748 300.035725
0.101010 0.353535 300.037324 300.037299
0.101010 0.358586 300.038862 300.038836
0.101010 0.363636 300.040361 300.040333
0.101010 0.368687 300.041819 300.041789
0.101010 0.373737 300.043235 300.043204
0.101010 0.378788 300.044608 300.044575
0.101010 0.383838 300.045935 300.045901
0.101010 0.388889 300.047217 300.047180
0.101010 0.393939 300.048451 300.048413
0.101010 0.398990 300.049636 300.049596
0.101010 0.404040 300.050771 300.050730
0.101010 0.409091 300.051854 300.051813
0.101010 0.414141 300.052886 300.052843
0.101010 0.419192 300.053864 300.053820
0.101010 0.424242 300.054788 300.054743
0.101010 0.429293 300.055657 300.055611
0.101010 0.434343 300.056470 300.056423
0.101010 0.439394 300.057226 300.057178
0.101010 0.444444 300.057924 300.057876
0.101010 0.449495 300.058564 300.058515
0.101010 0.454545 300.059145 300.059095
0.101010 0.459596 300.059667 300.059616
0.101010 0.464646 300.060128 300.060077
0.101010 0.469697 300.060529 300.060477
0.101010 0.474747 300.060869 300.060816
0.101010 0.479798 300.061147 300.061094
0.101010 0.484848 300.061364 300.061311
0.101010 0.489899 300.061519 300.061466
0.101010 0.494949 300.061612 300.061559
0.101010 0.500000 300.061643 300.061590
0.111111 0.000000 299.931216 299.931317
0.111111 0.005051 299.931251 299.931351
0.111111 0.010101 299.931355 299.931455
0.111111 0.015152 299.931527 299.931628
0.111111 0.020202 299.931769 299.931869
0.111111 0.025253 299.932080 299.932180
0.111111 0.030303 299.932459 299.932558
0.111111 0.035354 299.932906 299.933004
0.111111 0.040404 299.933420 299.933518
0.111111 0.045455 299.934002 299.934099
0.111111 0.050505 299.934649 299.934746
0.111111 0.055556 299.935363 299.935459
0.111111 0.060606 299.936142 299.936237
0.111111 0.065657 299.936985 299.937079
0.111111 0.070707 299.937891 299.937984
0.111111 0.075758 299.938860 299.938952
0.111111 0.080808 299.939891 299.939981
0.111111 0.085859 299.940982 299.941071
0.111111 0.090909 299.942132 299.942220
0.111111 0.095960 299.943341 299.943427
0.111111 0.101010 299.944607 299.944692
0.111111 0.106061 299.945928 299.946011
0.111111 0.111111 299.947304 299.947386
0.111111 0.116162 299.948733 299.948813
0.111111 0.121212 299.950213 299.950292
0.111111 0.126263 299.951744 299.951821
0.111111 0.131313 299.953323 299.953398
0.111111 0.136364 299.954949 299.955022
0.111111 0.141414 299.956621 299.956692
0.111111 0.146465 299.958336 299.958405
0.111111 0.151515 299.960093 299.960160
0.111111 0.156566 299.961890 299.961955
0.111111 0.161616 299.963726 299.963789
0.111111 0.166667 299.965598 299.965659
0.111111 0.171717 299.967505 299.967563
0.111111 0.176768 299.969444 299.969500
0.111111 0.181818 299.971414 299.971468
0.111111 0.186869 299.973413 299.973465
0.111111 0.191919 299.975439 299.975488
0.111111 0.196970 299.977489 299.977536
0.111111 0.202020 299.979562 299.979607
0.111111 0.207071 299.981656 299.981698
0.111111 0.212121 299.983768 299.983807
0.111111 0.217172 299.985896 299.985933
0.111111 0.222222 299.988039 299.988073
0.111111 0.227273 299.990193 299.990225
0.111111 0.232323 299.992358 299.992387
0.111111 0.237374 299.994530 299.994557
0.111111 0.242424 299.996708 299.996732
0.111111 0.247475 299.998888 299.998910
0.111111 0.252525 300.001070 300.001090
0.111111 0.257576 300.003251 300.003268
0.111111 0.262626 300.005429 300.005443
0.111111 0.267677 300.007601 300.007613
0.111111 0.272727 300.009765 300.009775
0.111111 0.277778 300.011920 300.011927
0.111111 0.282828 300.014062 300.014067
0.111111 0.287879 300.016191 300.016193
0.111111 0.292929 300.018303 300.018302
0.111111 0.297980 300.020396 300.020393
0.111111 0.303030 300.022469 300.022464
0.111111 0.308081 300.024520 300.024512
0.111111 0.313131 300.026546 300.026535
0.111111 0.318182 300.028544 300.028532
0.111111 0.323232 300.030515 300.030500
0.111111 0.328283 300.032454 300.032437
0.111111 0.333333 300.034361 300.034341
0.111111 0.338384 300.036233 300.036211
0.111111 0.343434 300.038068 300.038045
0.111111 0.348485 300.039866 300.039840
0.111111 0.353535 300.041623 300.041595
0.111111 0.358586 300.043338 300.043308
0.111111 0.363636 300.045009 300.044978
0.111111 0.368687 300.046636 300.046602
0.111111 0.373737 300.048215 300.048179
0.111111 0.378788 300.049745 300.049708
0.111111 0.383838 300.051226 300.051187
0.111111 0.388889 300.052655 300.052614
0.111111 0.393939 300.054031 300.053989
0.111111 0.398990 300.055352 300.055308
0.111111 0.404040 300.056618 300.056573
0.111111 0.409091 300.057827 300.057780
0.111111 0.414141 300.058977 300.058929
0.111111 0.419192 300.060068 300.060019
0.111111 0.424242 300.061098 300.061048
0.111111 0.429293 300.062067 300.062016
0.111111 0.434343 300.062974 300.062921
0.111111 0.439394 300.063817 300.063763
0.111111 0.444444 300.064596 300.064541
0.111111 0.449495 300.065309 300.065254
0.111111 0.454545 300.065957 300.065901
0.111111 0.459596 300.066539 300.066482
0.111111 0.464646 300.067053 300.066996
0.111111 0.469697 300.067500 300.067442
0.111111 0.474747 300.067879 300.067820
0.111111 0.479798 300.068189 300.068131
0.111111 0.484848 300.068431 300.068372
0.111111 0.489899 300.068604 300.068545
0.111111 0.494949 300.068708 300.068649
0.111111 0.500000 300.068743 300.068683
0.121212 0.000000 299.923836 299.923947
0.121212 0.005051 299.923874 299.923985
0.121212 0.010101 299.923989 299.924100
0.121212 0.015152 299.924181 299.924291
0.121212 0.020202 299.924449 299.924559
0.121212 0.025253 299.924793 299.924902
0.121212 0.030303 299.925212 299.925321
0.121212 0.035354 299.925707 299.925815
0.121212 0.040404 299.926277 299.926384
0.121212 0.045455 299.926921 299.927027
0.121212 0.050505 299.927638 299.927744
0.121212 0.055556 299.928428 299.928533
0.121212 0.060606 299.929290 299.929395
0.121212 0.065657 299.930224 299.930327
0.121212 0.070707 299.931228 299.931330
0.121212 0.075758 299.932301 299.932401
0.121212 0.080808 299.933442 299.933541
0.121212 0.085859 299.934650 299.934748
0.121212 0.090909 299.935924 299.936020
0.121212 0.095960 299.937262 299.937357
0.121212 0.101010 299.938663 299.938757
0.121212 0.106061 299.940127 299.940218
0.121212 0.111111 299.941650 299.941740
0.121212 0.116162 299.943232 299.943320
0.121212 0.121212 299.944872 299.944958
0.121212 0.126263 299.946567 299.946651
0.121212 0.131313 299.948315 299.948397
0.121212 0.136364 299.950116 299.950196
0.121212 0.141414 299.951967 299.952045
0.121212 0.146465 299.953866 299.953942
0.121212 0.151515 299.955812 299.955885
0.121212 0.156566 299.957802 299.957873
0.121212 0.161616 299.959834 299.959903
0.121212 0.166667 299.961907 299.961974
0.121212 0.171717 299.964019 299.964082
0.121212 0.176768 299.966166 299.966228
0.121212 0.181818 299.968348 299.968407
0.121212 0.186869 299.970561 299.970617
0.121212 0.191919 299.972804 299.972858
0.121212 0.196970 299.975074 299.975126
0.121212 0.202020 299.977370 299.977418
0.121212 0.207071 299.979688 299.979734
0.121212 0.212121 299.982027 299.982070
0.121212 0.217172 299.984384 299.984424
0.121212 0.222222 299.986756 299.986794
0.121212 0.227273 299.989142 299.989177
0.121212 0.232323 299.991538 299.991570
0.121212 0.237374 299.993943 299.993973
0.121212 0.242424 299.996355 299.996381
0.121212 0.247475 299.998770 299.998793
0.121212 0.252525 300.001186 300.001207
0.121212 0.257576 300.003601 300.003619
0.121212 0.262626 300.006012 300.006027
0.121212 0.267677 300.008417 300.008430
0.121212 0.272727 300.010814 300.010823
0.121212 0.277778 300.013199 300.013206
0.121212 0.282828 300.015572 300.015576
0.121212 0.287879 300.017928 300.017930
0.121212 0.292929 300.020267 300.020266
0.121212 0.297980 300.022585 300.022582
0.121212 0.303030 300.024881 300.024874
0.121212 0.308081 300.027151 300.027142
0.121212 0.313131 300.029394 300.029383
0.121212 0.318182 300.031608 300.031593
0.121212 0.323232 300.033789 300.033772
0.121212 0.328283 300.035937 300.035918
0.121212 0.333333 300.038048 300.038026
0.121212 0.338384 300.040121 300.040097
0.121212 0.343434 300.042154 300.042127
0.121212 0.348485 300.044144 300.044115
0.121212 0.353535 300.046089 300.046058
0.121212 0.358586 300.047988 300.047955
0.121212 0.363636 300.049839 300.049804
0.121212 0.368687 300.051640 300.051603
0.121212 0.373737 300.053389 300.053349
0.121212 0.378788 300.055083 300.055042
0.121212 0.383838 300.056723 300.056680
0.121212 0.388889 300.058305 300.058260
0.121212 0.393939 300.059829 300.059782
0.121212 0.398990 300.061292 300.061243
0.121212 0.404040 300.062693 300.062643
0.121212 0.409091 300.064032 300.063980
0.121212 0.414141 300.065306 300.065252
0.121212 0.419192 300.066514 300.066459
0.121212 0.424242 300.067655 300.067599
0.121212 0.429293 300.068728 300.068670
0.121212 0.434343 300.069731 300.069673
0.121212 0.439394 300.070665 300.070605
0.121212 0.444444 300.071527 300.071467
0.121212 0.449495 300.072317 300.072256
0.121212 0.454545 300.073035 300.072973
0.121212 0.459596 300.073679 300.073616
0.121212 0.464646 300.074248 300.074185
0.121212 0.469697 300.074743 300.074679
0.121212 0.474747 300.075163 300.075098
0.121212 0.479798 300.075506 300.075441
0.121212 0.484848 300.075774 300.075709
0.121212 0.489899 300.075966 300.075900
0.121212 0.494949 300.076081 300.076015
0.121212 0.500000 300.076119 300.076053
0.131313 0.000000 299.916149 299.916270
0.131313 0.005051 299.916192 299.916312
0.131313 0.010101 299.916318 299.916439
0.131313 0.015152 299.916529 299.916649
0.131313 0.020202 299.916824 299.916944
0.131313 0.025253 299.917203 299.917322
0.131313 0.030303 299.917664 299.917783
0.131313 0.035354 299.918209 299.918327
0.131313 0.040404 299.918836 299.918954
0.131313 0.045455 299.919545 299.919662
0.131313 0.050505 299.920335 299.920451
0.131313 0.055556 299.921205 299.921320
0.131313 0.060606 299.922154 299.922268
0.131313 0.065657 299.923182 299.923294
0.131313 0.070707 299.924287 299.924398
0.131313 0.075758 299.925468 299.925578
0.131313 0.080808 299.926725 299.926833
0.131313 0.085859 299.928055 299.928161
0.131313 0.090909 299.929457 299.929562
0.131313 0.095960 299.930930 299.931034
0.131313 0.101010 299.932473 299.932575
0.131313 0.106061 299.934084 299.934184
0.131313 0.111111 299.935762 299.935859
0.131313 0.116162 299.937503 299.937599
0.131313 0.121212 299.939308 299.939402
0.131313 0.126263 299.941174 299.941266
0.131313 0.131313 299.943099 299.943189
0.131313 0.136364 299.945082 299.945169
0.131313 0.141414 299.947119 299.947204
0.131313 0.146465 299.949210 299.949293
0.131313 0.151515 299.951352 299.951432
0.131313 0.156566 299.953543 299.953621
0.131313 0.161616 299.955781 299.955856
0.131313 0.166667 299.958063 299.958135
0.131313 0.171717 299.960387 299.960457
0.131313 0.176768 299.962752 299.962819
0.131313 0.181818 299.965153 299.965218
0.131313 0.186869 299.967590 299.967652
0.131313 0.191919 299.970060 299.970118
0.131313 0.196970 299.972559 299.972615
0.131313 0.202020 299.975086 299.975139
0.131313 0.207071 299.977639 299.977688
0.131313 0.212121 299.980213 299.980260
0.131313 0.217172 299.982808 299.982852
0.131313 0.222222 299.985420 299.985461
0.131313 0.227273 299.988046 299.988084
0.131313 0.232323 299.990685 299.990720
0.131313 0.237374 299.993333 299.993364
0.131313 0.242424 299.995987 299.996016
0.131313 0.247475 299.998646 299.998672
0.131313 0.252525 300.001306 300.001328
0.131313 0.257576 300.003964 300.003984
0.131313 0.262626 300.006619 300.006636
0.131313 0.267677 300.009267 300.009280
0.131313 0.272727 300.011905 300.011916
0.131313 0.277778 300.014532 300.014539
0.131313 0.282828 300.017144 300.017148
0.131313 0.287879 300.019738 300.019740
0.131313 0.292929 300.022313 300.022312
0.131313 0.297980 300.024865 300.024861
0.131313 0.303030 300.027392 300.027385
0.131313 0.308081 300.029892 300.029882
0.131313 0.313131 300.032361 300.032348
0.131313 0.318182 300.034798 300.034782
0.131313 0.323232 300.037200 300.037181
0.131313 0.328283 300.039564 300.039543
0.131313 0.333333 300.041889 300.041865
0.131313 0.338384 300.044171 300.044144
0.131313 0.343434 300.046409 300.046379
0.131313 0.348485 300.048600 300.048568
0.131313 0.353535 300.050742 300.050707
0.131313 0.358586 300.052832 300.052796
0.131313 0.363636 300.054870 300.054831
0.131313 0.368687 300.056852 300.056811
0.131313 0.373737 300.058778 300.058734
0.131313 0.378788 300.060643 300.060598
0.131313 0.383838 300.062448 300.062401
0.131313 0.388889 300.064190 300.064141
0.131313 0.393939 300.065867 300.065816
0.131313 0.398990 300.067478 300.067425
0.131313 0.404040 300.069021 300.068966
0.131313 0.409091 300.070495 300.070438
0.131313 0.414141 300.071897 300.071839
0.131313 0.419192 300.073227 300.073167
0.131313 0.424242 300.074483 300.074422
0.131313 0.429293 300.075665 300.075602
0.131313 0.434343 300.076770 300.076706
0.131313 0.439394 300.077797 300.077732
0.131313 0.444444 300.078747 300.078680
0.131313 0.449495 300.079617 300.079549
0.131313 0.454545 300.080407 300.080338
0.131313 0.459596 300.081115 300.081046
0.131313 0.464646 300.081743 300.081673
0.131313 0.469697 300.082287 300.082217
0.131313 0.474747 300.082749 300.082678
0.131313 0.479798 300.083128 300.083056
0.131313 0.484848 300.083423 300.083351
0.131313 0.489899 300.083633 300.083561
0.131313 0.494949 300.083760 300.083688
0.131313 0.500000 300.083802 300.083730
0.141414 0.000000 299.908125 299.908256
0.141414 0.005051 299.908172 299.908302
0.141414 0.010101 299.908310 299.908441
0.141414 0.015152 299.908541 299.908672
0.141414 0.020202 299.908864 299.908994
0.141414 0.025253 299.909279 299.909409
0.141414 0.030303 299.909785 299.909914
0.141414 0.035354 299.910382 299.910510
0.141414 0.040404 299.911069 299.911197
0.141414 0.045455 299.911846 299.911973
0.141414 0.050505 299.912711 299.912837
0.141414 0.055556 299.913665 299.913789
0.141414 0.060606 299.914705 299.914828
0.141414 0.065657 299.915831 299.915953
0.141414 0.070707 299.917042 299.917162
0.141414 0.075758 299.918336 299.918455
0.141414 0.080808 299.919712 299.919830
0.141414 0.085859 299.921170 299.921286
0.141414 0.090909 299.922706 299.922820
0.141414 0.095960 299.924321 299.924433
0.141414 0.101010 299.926011 299.926122
0.141414 0.106061 299.927776 299.927885
0.141414 0.111111 299.929614 299.929721
0.141414 0.116162 299.931523 299.931627
0.141414 0.121212 299.933500 299.933602
0.141414 0.126263 299.935545 299.935644
0.141414 0.131313 299.937654 299.937751
0.141414 0.136364 299.939826 299.939921
0.141414 0.141414 299.942059 299.942151
0.141414 0.146465 299.944350 299.944439
0.141414 0.151515 299.946697 299.946784
0.141414 0.156566 299.949098 299.949182
0.141414 0.161616 299.951550 299.951631
0.141414 0.166667 299.954050 299.954128
0.141414 0.171717 299.956597 299.956672
0.141414 0.176768 299.959188 299.959260
0.141414 0.181818 299.961819 299.961889
0.141414 0.186869 299.964489 299.964556
0.141414 0.191919 299.967195 299.967258
0.141414 0.196970 299.969934 299.969994
0.141414 0.202020 299.972703 299.972760
0.141414 0.207071 299.975499 299.975553
0.141414 0.212121 299.978320 299.978371
0.141414 0.217172 299.981163 299.981210
0.141414 0.222222 299.984025 299.984069
0.141414 0.227273 299.986903 299.986944
0.141414 0.232323 299.989794 299.989831
0.141414 0.237374 299.992695 299.992729
0.141414 0.242424 299.995604 299.995635
0.141414 0.247475 299.998517 299.998544
0.141414 0.252525 300.001431 300.001456
0.141414 0.257576 300.004344 300.004365
0.141414 0.262626 300.007253 300.007271
0.141414 0.267677 300.010154 300.010169
0.141414 0.272727 300.013045 300.013056
0.141414 0.277778 300.015923 300.015931
0.141414 0.282828 300.018785 300.018790
0.141414 0.287879 300.021628 300.021629
0.141414 0.292929 300.024449 300.024447
0.141414 0.297980 300.027246 300.027240
0.141414 0.303030 300.030015 300.030006
0.141414 0.308081 300.032753 300.032742
0.141414 0.313131 300.035459 300.035444
0.141414 0.318182 300.038129 300.038111
0.141414 0.323232 300.040761 300.040740
0.141414 0.328283 300.043351 300.043328
0.141414 0.333333 300.045898 300.045872
0.141414 0.338384 300.048399 300.048369
0.141414 0.343434 300.050851 300.050818
0.141414 0.348485 300.053251 300.053216
0.141414 0.353535 300.055598 300.055561
0.141414 0.358586 300.057889 300.057849
0.141414 0.363636 300.060122 300.060079
0.141414 0.368687 300.062294 300.062249
0.141414 0.373737 300.064403 300.064356
0.141414 0.378788 300.066448 300.066398
0.141414 0.383838 300.068425 300.068373
0.141414 0.388889 300.070334 300.070279
0.141414 0.393939 300.072172 300.072115
0.141414 0.398990 300.073937 300.073878
0.141414 0.404040 300.075628 300.075567
0.141414 0.409091 300.077242 300.077180
0.141414 0.414141 300.078779 300.078714
0.141414 0.419192 300.080236 300.080170
0.141414 0.424242 300.081612 300.081545
0.141414 0.429293 300.082907 300.082838
0.141414 0.434343 300.084117 300.084047
0.141414 0.439394 300.085243 300.085172
0.141414 0.444444 300.086284 300.086211
0.141414 0.449495 300.087237 300.087163
0.141414 0.454545 300.088102 300.088027
0.141414 0.459596 300.088879 300.088803
0.141414 0.464646 300.089566 300.089490
0.141414 0.469697 300.090163 300.090086
0.141414 0.474747 300.090669 300.090591
0.141414 0.479798 300.091084 300.091006
0.141414 0.484848 300.091407 300.091328
0.141414 0.489899 300.091638 300.091559
0.141414 0.494949 300.091777 300.091698
0.141414 0.500000 300.091823 300.091744
0.151515 0.000000 299.899731 299.899873
0.151515 0.005051 299.899782 299.899923
0.151515 0.010101 299.899933 299.900074
0.151515 0.015152 299.900185 299.900326
0.151515 0.020202 299.900538 299.900678
0.151515 0.025253 299.900990 299.901130
0.151515 0.030303 299.901543 299.901682
0.151515 0.035354 299.902194 299.902333
0.151515 0.040404 299.902944 299.903082
0.151515 0.045455 299.903792 299.903929
0.151515 0.050505 299.904736 299.904872
0.151515 0.055556 299.905777 299.905911
0.151515 0.060606 299.906912 299.907045
0.151515 0.065657 299.908141 299.908273
0.151515 0.070707 299.909462 299.909593
0.151515 0.075758 299.910875 299.911003
0.151515 0.080808 299.912377 299.912504
0.151515 0.085859 299.913967 299.914093
0.151515 0.090909 299.915644 299.915768
0.151515 0.095960 299.917406 299.917528
0.151515 0.101010 299.919252 299.919371
0.151515 0.106061 299.921178 299.921295
0.151515 0.111111 299.923184 299.923298
0.151515 0.116162 299.925267 299.925379
0.151515 0.121212 299.927425 299.927535
0.151515 0.126263 299.929656 299.929764
0.151515 0.131313 299.931958 299.932063
0.151515 0.136364 299.934329 299.934431
0.151515 0.141414 299.936766 299.936865
0.151515 0.146465 299.939266 299.939362
0.151515 0.151515 299.941827 299.941921
0.151515 0.156566 299.944447 299.944538
0.151515 0.161616 299.947123 299.947211
0.151515 0.166667 299.949852 299.949937
0.151515 0.171717 299.952632 299.952713
0.151515 0.176768 299.955459 299.955537
0.151515 0.181818 299.958331 299.958406
0.151515 0.186869 299.961245 299.961317
0.151515 0.191919 299.964198 299.964266
0.151515 0.196970 299.967187 299.967252
0.151515 0.202020 299.970209 299.970270
0.151515 0.207071 299.973261 299.973319
0.151515 0.212121 299.976340 299.976394
0.151515 0.217172 299.979443 299.979493
0.151515 0.222222 299.982566 299.982613
0.151515 0.227273 299.985707 299.985751
0.151515 0.232323 299.988862 299.988902
0.151515 0.237374 299.992028 299.992065
0.151515 0.242424 299.995203 299.995236
0.151515 0.247475 299.998382 299.998411
0.151515 0.252525 300.001563 300.001589
0.151515 0.257576 300.004742 300.004764
0.151515 0.262626 300.007916 300.007935
0.151515 0.267677 300.011083 300.011098
0.151515 0.272727 300.014238 300.014249
0.151515 0.277778 300.017379 300.017387
0.151515 0.282828 300.020502 300.020507
0.151515 0.287879 300.023605 300.023606
0.151515 0.292929 300.026684 300.026681
0.151515 0.297980 300.029736 300.029730
0.151515 0.303030 300.032758 300.032748
0.151515 0.308081 300.035747 300.035734
0.151515 0.313131 300.038700 300.038683
0.151515 0.318182 300.041614 300.041594
0.151515 0.323232 300.044486 300.044463
0.151515 0.328283 300.047313 300.047287
0.151515 0.333333 300.050093 300.050063
0.151515 0.338384 300.052822 300.052789
0.151515 0.343434 300.055498 300.055462
0.151515 0.348485 300.058118 300.058079
0.151515 0.353535 300.060679 300.060638
0.151515 0.358586 300.063179 300.063135
0.151515 0.363636 300.065616 300.065569
0.151515 0.368687 300.067987 300.067937
0.151515 0.373737 300.070289 300.070236
0.151515 0.378788 300.072520 300.072465
0.151515 0.383838 300.074678 300.074621
0.151515 0.388889 300.076761 300.076702
0.151515 0.393939 300.078767 300.078705
0.151515 0.398990 300.080693 300.080629
0.151515 0.404040 300.082538 300.082472
0.151515 0.409091 300.084300 300.084232
0.151515 0.414141 300.085977 300.085907
0.151515 0.419192 300.087568 300.087496
0.151515 0.424242 300.089070 300.088997
0.151515 0.429293 300.090483 300.090407
0.151515 0.434343 300.091804 300.091727
0.151515 0.439394 300.093033 300.092955
0.151515 0.444444 300.094168 300.094089
0.151515 0.449495 300.095209 300.095128
0.151515 0.454545 300.096153 300.096071
0.151515 0.459596 300.097001 300.096918
0.151515 0.464646 300.097751 300.097667
0.151515 0.469697 300.098402 300.098318
0.151515 0.474747 300.098955 300.098870
0.151515 0.479798 300.099407 300.099322
0.151515 0.484848 300.099760 300.099674
0.151515 0.489899 300.100012 300.099926
0.151515 0.494949 300.100163 300.100077
0.151515 0.500000 300.100214 300.100127
0.161616 0.000000 299.890933 299.891086
0.161616 0.005051 299.890988 299.891140
0.161616 0.010101 299.891153 299.891305
0.161616 0.015152 299.891427 299.891579
0.161616 0.020202 299.891811 299.891962
0.161616 0.025253 299.892303 299.892454
0.161616 0.030303 299.892904 299.893054
0.161616 0.035354 299.893612 299.893762
0.161616 0.040404 299.894428 299.894577
0.161616 0.045455 299.895350 299.895498
0.161616 0.050505 299.896378 299.896524
0.161616 0.055556 299.897509 299.897654
0.161616 0.060606 299.898744 299.898888
0.161616 0.065657 299.900081 299.900223
0.161616 0.070707 299.901518 299.901659
0.161616 0.075758 299.903055 299.903193
0.161616 0.080808 299.904689 299.904826
0.161616 0.085859 299.906419 299.906554
0.161616 0.090909 299.908243 299.908376
0.161616 0.095960 299.910160 299.910290
0.161616 0.101010 299.912167 299.912295
0.161616 0.106061 299.914262 299.914388
0.161616 0.111111 299.916444 299.916567
0.161616 0.116162 299.918710 299.918830
0.161616 0.121212 299.921057 299.921175
0.161616 0.126263 299.923484 299.923600
0.161616 0.131313 299.925988 299.926101
0.161616 0.136364 299.928567 299.928677
0.161616 0.141414 299.931218 299.931324
0.161616 0.146465 299.933937 299.934041
0.161616 0.151515 299.936724 299.936824
0.161616 0.156566 299.939573 299.939671
0.161616 0.161616 299.942484 299.942578
0.161616 0.166667 299.945453 299.945543
0.161616 0.171717 299.948476 299.948563
0.161616 0.176768 299.951551 299.951635
0.161616 0.181818 299.954676 299.954756
0.161616 0.186869 299.957845 299.957922
0.161616 0.191919 299.961057 299.961130
0.161616 0.196970 299.964309 299.964378
0.161616 0.202020 299.967596 299.967661
0.161616 0.207071 299.970916 299.970978
0.161616 0.212121 299.974265 299.974323
0.161616 0.217172 299.977640 299.977694
0.161616 0.222222 299.981037 299.981087
0.161616 0.227273 299.984453 299.984500
0.161616 0.232323 299.987885 299.987928
0.161616 0.237374 299.991330 299.991369
0.161616 0.242424 299.994783 299.994818
0.161616 0.247475 299.998241 299.998272
0.161616 0.252525 300.001701 300.001728
0.161616 0.257576 300.005159 300.005182
0.161616 0.262626 300.008612 300.008631
0.161616 0.267677 300.012056 300.012072
0.161616 0.272727 300.015488 300.015500
0.161616 0.277778 300.018905 300.018913
0.161616 0.282828 300.022302 300.022306
0.161616 0.287879 300.025677 300.025677
0.161616 0.292929 300.029026 300.029022
0.161616 0.297980 300.032346 300.032339
0.161616 0.303030 300.035633 300.035622
0.161616 0.308081 300.038884 300.038870
0.161616 0.313131 300.042096 300.042078
0.161616 0.318182 300.045266 300.045244
0.161616 0.323232 300.048390 300.048365
0.161616 0.328283 300.051465 300.051437
0.161616 0.333333 300.054489 300.054457
0.161616 0.338384 300.057457 300.057422
0.161616 0.343434 300.060368 300.060329
0.161616 0.348485 300.063218 300.063176
0.161616 0.353535 300.066004 300.065959
0.161616 0.358586 300.068724 300.068676
0.161616 0.363636 300.071374 300.071323
0.161616 0.368687 300.073953 300.073899
0.161616 0.373737 300.076457 300.076400
0.161616 0.378788 300.078884 300.078825
0.161616 0.383838 300.081232 300.081170
0.161616 0.388889 300.083498 300.083433
0.161616 0.393939 300.085679 300.085612
0.161616 0.398990 300.087775 300.087705
0.161616 0.404040 300.089782 300.089710
0.161616 0.409091 300.091698 300.091624
0.161616 0.414141 300.093523 300.093446
0.161616 0.419192 300.095253 300.095174
0.161616 0.424242 300.096887 300.096807
0.161616 0.429293 300.098423 300.098341
0.161616 0.434343 300.099861 300.099777
0.161616 0.439394 300.101197 300.101112
0.161616 0.444444 300.102432 300.102346
0.161616 0.449495 300.103564 300.103476
0.161616 0.454545 300.104591 300.104502
0.161616 0.459596 300.105513 300.105423
0.161616 0.464646 300.106329 300.106238
0.161616 0.469697 300.107038 300.106946
0.161616 0.474747 300.107639 300.107546
0.161616 0.479798 300.108131 300.108038
0.161616 0.484848 300.108514 300.108421
0.161616 0.489899 300.108789 300.108695
0.161616 0.494949 300.108953 300.108860
0.161616 0.500000 300.109008 300.108914
0.171717 0.000000 299.881696 299.881860
0.171717 0.005051 299.881756 299.881919
0.171717 0.010101 299.881934 299.882098
0.171717 0.015152 299.882232 299.882395
0.171717 0.020202 299.882648 299.882810
0.171717 0.025253 299.883182 299.883344
0.171717 0.030303 299.883834 299.883995
0.171717 0.035354 299.884602 299.884763
0.171717 0.040404 299.885487 299.885646
0.171717 0.045455 299.886487 299.886645
0.171717 0.050505 299.887602 299.887758
0.171717 0.055556 299.888829 299.888985
0.171717 0.060606 299.890169 299.890323
0.171717 0.065657 299.891619 299.891771
0.171717 0.070707 299.893178 299.893328
0.171717 0.075758 299.894844 299.894993
0.171717 0.080808 299.896617 299.896764
0.171717 0.085859 299.898494 299.898638
0.171717 0.090909 299.900472 299.900614
0.171717 0.095960 299.902551 299.902691
0.171717 0.101010 299.904728 299.904866
0.171717 0.106061 299.907001 299.907136
0.171717 0.111111 299.909368 299.909500
0.171717 0.116162 299.911825 299.911955
0.171717 0.121212 299.914372 299.914498
0.171717 0.126263 299.917004 299.917128
0.171717 0.131313 299.919721 299.919841
0.171717 0.136364 299.922518 299.922635
0.171717 0.141414 299.925393 299.925507
0.171717 0.146465 299.928343 299.928454
0.171717 0.151515 299.931365 299.931473
0.171717 0.156566 299.934456 299.934560
0.171717 0.161616 299.937613 299.937714
0.171717 0.166667 299.940833 299.940931
0.171717 0.171717 299.944113 299.944206
0.171717 0.176768 299.947449 299.947538
0.171717 0.181818 299.950838 299.950923
0.171717 0.186869 299.954276 299.954358
0.171717 0.191919 299.957760 299.957838
0.171717 0.196970 299.961286 299.961361
0.171717 0.202020 299.964852 299.964922
0.171717 0.207071 299.968453 299.968519
0.171717 0.212121 299.972086 299.972148
0.171717 0.217172 299.975746 299.975804
0.171717 0.222222 299.979432 299.979485
0.171717 0.227273 299.983137 299.983187
0.171717 0.232323 299.986860 299.986906
0.171717 0.237374 299.990596 299.990638
0.171717 0.242424 299.994342 299.994379
0.171717 0.247475 299.998093 299.998126
0.171717 0.252525 300.001846 300.001874
0.171717 0.257576 300.005597 300.005621
0.171717 0.262626 300.009342 300.009362
0.171717 0.267677 300.013078 300.013094
0.171717 0.272727 300.016801 300.016813
0.171717 0.277778 300.020507 300.020515
0.171717 0.282828 300.024192 300.024196
0.171717 0.287879 300.027853 300.027852
0.171717 0.292929 300.031485 300.031481
0.171717 0.297980 300.035086 300.035078
0.171717 0.303030 300.038652 300.038639
0.171717 0.308081 300.042178 300.042162
0.171717 0.313131 300.045663 300.045642
0.171717 0.318182 300.049101 300.049077
0.171717 0.323232 300.052489 300.052462
0.171717 0.328283 300.055825 300.055794
0.171717 0.333333 300.059105 300.059069
0.171717 0.338384 300.062325 300.062286
0.171717 0.343434 300.065482 300.065440
0.171717 0.348485 300.068573 300.068527
0.171717 0.353535 300.071596 300.071546
0.171717 0.358586 300.074546 300.074493
0.171717 0.363636 300.077421 300.077365
0.171717 0.368687 300.080218 300.080159
0.171717 0.373737 300.082934 300.082872
0.171717 0.378788 300.085566 300.085502
0.171717 0.383838 300.088113 300.088045
0.171717 0.388889 300.090571 300.090500
0.171717 0.393939 300.092937 300.092864
0.171717 0.398990 300.095210 300.095134
0.171717 0.404040 300.097387 300.097309
0.171717 0.409091 300.099466 300.099386
0.171717 0.414141 300.101445 300.101362
0.171717 0.419192 300.103321 300.103236
0.171717 0.424242 300.105094 300.105007
0.171717 0.429293 300.106760 300.106672
0.171717 0.434343 300.108320 300.108229
0.171717 0.439394 300.109770 300.109677
0.171717 0.444444 300.111109 300.111015
0.171717 0.449495 300.112337 300.112242
0.171717 0.454545 300.113451 300.113355
0.171717 0.459596 300.114451 300.114354
0.171717 0.464646 300.115336 300.115237
0.171717 0.469697 300.116105 300.116005
0.171717 0.474747 300.116756 300.116656
0.171717 0.479798 300.117290 300.117190
0.171717 0.484848 300.117706 300.117605
0.171717 0.489899 300.118004 300.117902
0.171717 0.494949 300.118182 300.118081
0.171717 0.500000 300.118242 300.118140
0.181818 0.000000 299.871983 299.872158
0.181818 0.005051 299.872047 299.872222
0.181818 0.010101 299.872241 299.872415
0.181818 0.015152 299.872562 299.872737
0.181818 0.020202 299.873013 299.873186
0.181818 0.025253 299.873591 299.873764
0.181818 0.030303 299.874296 299.874468
0.181818 0.035354 299.875128 299.875299
0.181818 0.040404 299.876085 299.876255
0.181818 0.045455 299.877167 299.877336
0.181818 0.050505 299.878373 299.878541
0.181818 0.055556 299.879702 299.879868
0.181818 0.060606 299.881151 299.881316
0.181818 0.065657 299.882720 299.882883
0.181818 0.070707 299.884407 299.884568
0.181818 0.075758 299.886211 299.886370
0.181818 0.080808 299.888129 299.888286
0.181818 0.085859 299.890159 299.890314
0.181818 0.090909 299.892301 299.892453
0.181818 0.095960 299.894550 299.894700
0.181818 0.101010 299.896906 299.897053
0.181818 0.106061 299.899366 299.899510
0.181818 0.111111 299.901926 299.902068
0.181818 0.116162 299.904586 299.904724
0.181818 0.121212 299.907342 299.907477
0.181818 0.126263 299.910190 299.910323
0.181818 0.131313 299.913130 299.913259
0.181818 0.136364 299.916156 299.916282
0.181818 0.141414 299.919267 299.919390
0.181818 0.146465 299.922460 299.922578
0.181818 0.151515 299.925730 299.925845
0.181818 0.156566 299.929075 299.929186
0.181818 0.161616 299.932492 299.932599
0.181818 0.166667 299.935976 299.936080
0.181818 0.171717 299.939525 299.939625
0.181818 0.176768 299.943135 299.943230
0.181818 0.181818 299.946802 299.946893
0.181818 0.186869 299.950522 299.950609
0.181818 0.191919 299.954292 299.954376
0.181818 0.196970 299.958109 299.958188
0.181818 0.202020 299.961967 299.962042
0.181818 0.207071 299.965864 299.965934
0.181818 0.212121 299.969795 299.969861
0.181818 0.217172 299.973756 299.973817
0.181818 0.222222 299.977744 299.977801
0.181818 0.227273 299.981754 299.981806
0.181818 0.232323 299.985782 299.985830
0.181818 0.237374 299.989825 299.989869
0.181818 0.242424 299.993878 299.993917
0.181818 0.247475 299.997937 299.997972
0.181818 0.252525 300.001998 300.002028
0.181818 0.257576 300.006057 300.006083
0.181818 0.262626 300.010110 300.010131
0.181818 0.267677 300.014153 300.014170
0.181818 0.272727 300.018181 300.018194
0.181818 0.277778 300.022191 300.022199
0.181818 0.282828 300.026179 300.026183
0.181818 0.287879 300.030140 300.030139
0.181818 0.292929 300.034071 300.034066
0.181818 0.297980 300.037968 300.037958
0.181818 0.303030 300.041826 300.041812
0.181818 0.308081 300.045643 300.045624
0.181818 0.313131 300.049413 300.049391
0.181818 0.318182 300.053133 300.053107
0.181818 0.323232 300.056800 300.056770
0.181818 0.328283 300.060410 300.060375
0.181818 0.333333 300.063959 300.063920
0.181818 0.338384 300.067443 300.067401
0.181818 0.343434 300.070860 300.070814
0.181818 0.348485 300.074205 300.074155
0.181818 0.353535 300.077475 300.077422
0.181818 0.358586 300.080668 300.080610
0.181818 0.363636 300.083779 300.083718
0.181818 0.368687 300.086805 300.086741
0.181818 0.373737 300.089745 300.089677
0.181818 0.378788 300.092593 300.092523
0.181818 0.383838 300.095349 300.095276
0.181818 0.388889 300.098009 300.097932
0.181818 0.393939 300.100569 300.100490
0.181818 0.398990 300.103029 300.102947
0.181818 0.404040 300.105385 300.105300
0.181818 0.409091 300.107634 300.107547
0.181818 0.414141 300.109776 300.109686
0.181818 0.419192 300.111806 300.111714
0.181818 0.424242 300.113724 300.113630
0.181818 0.429293 300.115528 300.115432
0.181818 0.434343 300.117215 300.117117
0.181818 0.439394 300.118784 300.118684
0.181818 0.444444 300.120233 300.120132
0.181818 0.449495 300.121562 300.121459
0.181818 0.454545 300.122768 300.122664
0.181818 0.459596 300.123850 300.123745
0.181818 0.464646 300.124807 300.124701
0.181818 0.469697 300.125639 300.125532
0.181818 0.474747 300.126344 300.126236
0.181818 0.479798 300.126922 300.126814
0.181818 0.484848 300.127373 300.127263
0.181818 0.489899 300.127694 300.127585
0.181818 0.494949 300.127888 300.127778
0.181818 0.500000 300.127952 300.127842
0.191919 0.000000 299.861754 299.861941
0.191919 0.005051 299.861824 299.862010
0.191919 0.010101 299.862032 299.862219
0.191919 0.015152 299.862380 299.862566
0.191919 0.020202 299.862866 299.863051
0.191919 0.025253 299.863490 299.863675
0.191919 0.030303 299.864252 299.864436
0.191919 0.035354 299.865150 299.865333
0.191919 0.040404 299.866184 299.866366
0.191919 0.045455 299.867353 299.867533
0.191919 0.050505 299.868655 299.868834
0.191919 0.055556 299.870090 299.870267
0.191919 0.060606 299.871655 299.871830
0.191919 0.065657 299.873349 299.873523
0.191919 0.070707 299.875171 299.875343
0.191919 0.075758 299.877119 299.877288
0.191919 0.080808 299.879190 299.879357
0.191919 0.085859 299.881383 299.881548
0.191919 0.090909 299.883696 299.883858
0.191919 0.095960 299.886125 299.886284
0.191919 0.101010 299.888669 299.888826
0.191919 0.106061 299.891325 299.891479
0.191919 0.111111 299.894091 299.894241
0.191919 0.116162 299.896963 299.897110
0.191919 0.121212 299.899938 299.900083
0.191919 0.126263 299.903015 299.903156
0.191919 0.131313 299.906189 299.906326
0.191919 0.136364 299.909458 299.909591
0.191919 0.141414 299.912817 299.912947
0.191919 0.146465 299.916265 299.916391
0.191919 0.151515 299.919796 299.919919
0.191919 0.156566 299.923409 299.923527
0.191919 0.161616 299.927098 299.927213
0.191919 0.166667 299.930861 299.930971
0.191919 0.171717 299.934694 299.934800
0.191919 0.176768 299.938592 299.938693
0.191919 0.181818 299.942552 299.942649
0.191919 0.186869 299.946569 299.946662
0.191919 0.191919 299.950641 299.950729
0.191919 0.196970 299.954762 299.954846
0.191919 0.202020 299.958929 299.959008
0.191919 0.207071 299.963137 299.963211
0.191919 0.212121 299.967382 299.967452
0.191919 0.217172 299.971660 299.971725
0.191919 0.222222 299.975966 299.976027
0.191919 0.227273 299.980297 299.980352
0.191919 0.232323 299.984647 299.984698
0.191919 0.237374 299.989013 299.989059
0.191919 0.242424 299.993390 299.993431
0.191919 0.247475 299.997773 299.997810
0.191919 0.252525 300.002159 300.002190
0.191919 0.257576 300.006542 300.006569
0.191919 0.262626 300.010919 300.010941
0.191919 0.267677 300.015285 300.015302
0.191919 0.272727 300.019635 300.019648
0.191919 0.277778 300.023966 300.023973
0.191919 0.282828 300.028272 300.028275
0.191919 0.287879 300.032550 300.032548
0.191919 0.292929 300.036795 300.036789
0.191919 0.297980 300.041003 300.040992
0.191919 0.303030 300.045170 300.045154
0.191919 0.308081 300.049291 300.049271
0.191919 0.313131 300.053362 300.053338
0.191919 0.318182 300.057380 300.057351
0.191919 0.323232 300.061340 300.061307
0.191919 0.328283 300.065238 300.065200
0.191919 0.333333 300.069071 300.069029
0.191919 0.338384 300.072834 300.072787
0.191919 0.343434 300.076523 300.076473
0.191919 0.348485 300.080136 300.080081
0.191919 0.353535 300.083667 300.083609
0.191919 0.358586 300.087115 300.087053
0.191919 0.363636 300.090474 300.090409
0.191919 0.368687 300.093743 300.093674
0.191919 0.373737 300.096917 300.096844
0.191919 0.378788 300.099993 300.099917
0.191919 0.383838 300.102969 300.102890
0.191919 0.388889 300.105841 300.105759
0.191919 0.393939 300.108607 300.108521
0.191919 0.398990 300.111263 300.111174
0.191919 0.404040 300.113807 300.113716
0.191919 0.409091 300.116236 300.116142
0.191919 0.414141 300.118549 300.118452
0.191919 0.419192 300.120742 300.120643
0.191919 0.424242 300.122813 300.122712
0.191919 0.429293 300.124761 300.124657
0.191919 0.434343 300.126582 300.126477
0.191919 0.439394 300.128277 300.128170
0.191919 0.444444 300.129842 300.129733
0.191919 0.449495 300.131277 300.131166
0.191919 0.454545 300.132579 300.132467
0.191919 0.459596 300.133748 300.133634
0.191919 0.464646 300.134782 300.134667
0.191919 0.469697 300.135680 300.135564
0.191919 0.474747 300.136442 300.136325
0.191919 0.479798 300.137066 300.136949
0.191919 0.484848 300.137552 300.137434
0.191919 0.489899 300.137899 300.137781
0.191919 0.494949 300.138108 300.137990
0.191919 0.500000 300.138178 300.138059
0.202020 0.000000 299.850969 299.851167
0.202020 0.005051 299.851044 299.851242
0.202020 0.010101 299.851269 299.851467
0.202020 0.015152 299.851643 299.851841
0.202020 0.020202 299.852167 299.852365
0.202020 0.025253 299.852840 299.853037
0.202020 0.030303 299.853661 299.853857
0.202020 0.035354 299.854630 299.854824
0.202020 0.040404 299.855744 299.855938
0.202020 0.045455 299.857004 299.857196
0.202020 0.050505 299.858408 299.858599
0.202020 0.055556 299.859955 299.860143
0.202020 0.060606 299.861642 299.861829
0.202020 0.065657 299.863469 299.863654
0.202020 0.070707 299.865433 299.865615
0.202020 0.075758 299.867532 299.867713
0.202020 0.080808 299.869765 299.869943
0.202020 0.085859 299.872129 299.872305
0.202020 0.090909 299.874622 299.874795
0.202020 0.095960 299.877241 299.877411
0.202020 0.101010 299.879984 299.880150
0.202020 0.106061 299.882847 299.883010
0.202020 0.111111 299.885828 299.885988
0.202020 0.116162 299.888924 299.889081
0.202020 0.121212 299.892132 299.892286
0.202020 0.126263 299.895449 299.895599
0.202020 0.131313 299.898871 299.899017
0.202020 0.136364 299.902394 299.902536
0.202020 0.141414 299.906016 299.906154
0.202020 0.146465 299.909733 299.909867
0.202020 0.151515 299.913540 299.913670
0.202020 0.156566 299.917434 299.917560
0.202020 0.161616 299.921411 299.921533
0.202020 0.166667 299.925468 299.925585
0.202020 0.171717 299.929599 299.929712
0.202020 0.176768 299.933802 299.933909
0.202020 0.181818 299.938071 299.938174
0.202020 0.186869 299.942402 299.942500
0.202020 0.191919 299.946791 299.946885
0.202020 0.196970 299.951234 299.951322
0.202020 0.202020 299.955725 299.955809
0.202020 0.207071 299.960262 299.960341
0.202020 0.212121 299.964838 299.964912
0.202020 0.217172 299.969450 299.969519
0.202020 0.222222 299.974092 299.974156
0.202020 0.227273 299.978761 299.978819
0.202020 0.232323 299.983450 299.983504
0.202020 0.237374 299.988157 299.988205
0.202020 0.242424 299.992875 299.992918
0.202020 0.247475 299.997601 299.997639
0.202020 0.252525 300.002328 300.002361
0.202020 0.257576 300.007054 300.007082
0.202020 0.262626 300.011772 300.011795
0.202020 0.267677 300.016478 300.016496
0.202020 0.272727 300.021168 300.021181
0.202020 0.277778 300.025837 300.025844
0.202020 0.282828 300.030479 300.030481
0.202020 0.287879 300.035091 300.035088
0.202020 0.292929 300.039667 300.039659
0.202020 0.297980 300.044203 300.044191
0.202020 0.303030 300.048695 300.048678
0.202020 0.308081 300.053138 300.053115
0.202020 0.313131 300.057527 300.057500
0.202020 0.318182 300.061858 300.061826
0.202020 0.323232 300.066127 300.066091
0.202020 0.328283 300.070329 300.070288
0.202020 0.333333 300.074461 300.074415
0.202020 0.338384 300.078517 300.078467
0.202020 0.343434 300.082495 300.082440
0.202020 0.348485 300.086389 300.086330
0.202020 0.353535 300.090196 300.090133
0.202020 0.358586 300.093913 300.093846
0.202020 0.363636 300.097535 300.097464
0.202020 0.368687 300.101058 300.100983
0.202020 0.373737 300.104480 300.104401
0.202020 0.378788 300.107796 300.107714
0.202020 0.383838 300.111004 300.110919
0.202020 0.388889 300.114101 300.114012
0.202020 0.393939 300.117082 300.116990
0.202020 0.398990 300.119945 300.119850
0.202020 0.404040 300.122688 300.122589
0.202020 0.409091 300.125307 300.125205
0.202020 0.414141 300.127799 300.127695
0.202020 0.419192 300.130163 300.130057
0.202020 0.424242 300.132396 300.132287
0.202020 0.429293 300.134496 300.134385
0.202020 0.434343 300.136460 300.136346
0.202020 0.439394 300.138287 300.138171
0.202020 0.444444 300.139974 300.139857
0.202020 0.449495 300.141521 300.141401
0.202020 0.454545 300.142924 300.142804
0.202020 0.459596 300.144184 300.144062
0.202020 0.464646 300.145299 300.145176
0.202020 0.469697 300.146267 300.146143
0.202020 0.474747 300.147088 300.146963
0.202020 0.479798 300.147761 300.147635
0.202020 0.484848 300.148285 300.148159
0.202020 0.489899 300.148660 300.148533
0.202020 0.494949 300.148885 300.148758
0.202020 0.500000 300.148960 300.148833
0.212121 0.000000 299.839583 299.839794
0.212121 0.005051 299.839664 299.839875
0.212121 0.010101 299.839906 299.840117
0.212121 0.015152 299.840309 299.840520
0.212121 0.020202 299.840873 299.841083
0.212121 0.025253 299.841598 299.841807
0.212121 0.030303 299.842482 299.842689
0.212121 0.035354 299.843524 299.843731
0.212121 0.040404 299.844724 299.844929
0.212121 0.045455 299.846080 299.846284
0.212121 0.050505 299.847591 299.847793
0.212121 0.055556 299.849256 299.849456
0.212121 0.060606 299.851072 299.851270
0.212121 0.065657 299.853038 299.853235
0.212121 0.070707 299.855153 299.855346
0.212121 0.075758 299.857413 299.857604
0.212121 0.080808 299.859816 299.860005
0.212121 0.085859 299.862361 299.862547
0.212121 0.090909 299.865044 299.865227
0.212121 0.095960 299.867863 299.868043
0.212121 0.101010 299.870815 299.870992
0.212121 0.106061 299.873897 299.874071
0.212121 0.111111 299.877106 299.877276
0.212121 0.116162 299.880439 299.880606
0.212121 0.121212 299.883892 299.884055
0.212121 0.126263 299.887462 299.887621
0.212121 0.131313 299.891145 299.891300
0.212121 0.136364 299.894938 299.895089
0.212121 0.141414 299.898837 299.898983
0.212121 0.146465 299.902837 299.902979
0.212121 0.151515 299.906935 299.907073
0.212121 0.156566 299.911127 299.911260
0.212121 0.161616 299.915408 299.915537
0.212121 0.166667 299.919775 299.919898
0.212121 0.171717 299.924222 299.924341
0.212121 0.176768 299.928745 299.928859
0.212121 0.181818 299.933340 299.933449
0.212121 0.186869 299.938002 299.938106
0.212121 0.191919 299.942727 299.942826
0.212121 0.196970 299.947509 299.947603
0.212121 0.202020 299.952344 299.952433
0.212121 0.207071 299.957227 299.957310
0.212121 0.212121 299.962153 299.962231
0.212121 0.217172 299.967117 299.967190
0.212121 0.222222 299.972114 299.972181
0.212121 0.227273 299.977139 299.977201
0.212121 0.232323 299.982187 299.982243
0.212121 0.237374 299.987253 299.987304
0.212121 0.242424 299.992332 299.992377
0.212121 0.247475 299.997418 299.997458
0.212121 0.252525 300.002507 300.002542
0.212121 0.257576 300.007594 300.007623
0.212121 0.262626 300.012673 300.012696
0.212121 0.267677 300.017739 300.017757
0.212121 0.272727 300.022787 300.022799
0.212121 0.277778 300.027812 300.027819
0.212121 0.282828 300.032809 300.032810
0.212121 0.287879 300.037773 300.037769
0.212121 0.292929 300.042699 300.042690
0.212121 0.297980 300.047582 300.047567
0.212121 0.303030 300.052417 300.052397
0.212121 0.308081 300.057199 300.057174
0.212121 0.313131 300.061923 300.061894
0.212121 0.318182 300.066586 300.066551
0.212121 0.323232 300.071181 300.071141
0.212121 0.328283 300.075704 300.075659
0.212121 0.333333 300.080151 300.080102
0.212121 0.338384 300.084518 300.084463
0.212121 0.343434 300.088799 300.088740
0.212121 0.348485 300.092991 300.092927
0.212121 0.353535 300.097089 300.097021
0.212121 0.358586 300.101089 300.101017
0.212121 0.363636 300.104988 300.104911
0.212121 0.368687 300.108781 300.108700
0.212121 0.373737 300.112464 300.112379
0.212121 0.378788 300.116034 300.115945
0.212121 0.383838 300.119487 300.119394
0.212121 0.388889 300.122820 300.122724
0.212121 0.393939 300.126029 300.125929
0.212121 0.398990 300.129111 300.129008
0.212121 0.404040 300.132063 300.131957
0.212121 0.409091 300.134882 300.134773
0.212121 0.414141 300.137565 300.137453
0.212121 0.419192 300.140110 300.139995
0.212121 0.424242 300.142513 300.142396
0.212121 0.429293 300.144773 300.144654
0.212121 0.434343 300.146888 300.146765
0.212121 0.439394 300.148854 300.148730
0.212121 0.444444 300.150670 300.150544
0.212121 0.449495 300.152335 300.152207
0.212121 0.454545 300.153846 300.153716
0.212121 0.459596 300.155202 300.155071
0.212121 0.464646 300.156402 300.156269
0.212121 0.469697 300.157444 300.157311
0.212121 0.474747 300.158328 300.158193
0.212121 0.479798 300.159052 300.158917
0.212121 0.484848 300.159616 300.159480
0.212121 0.489899 300.160020 300.159883
0.212121 0.494949 300.160262 300.160125
0.212121 0.500000 300.160343 300.160206
0.222222 0.000000 299.827552 299.827775
0.222222 0.005051 299.827638 299.827862
0.222222 0.010101 299.827899 299.828122
0.222222 0.015152 299.828332 299.828555
0.222222 0.020202 299.828939 299.829161
0.222222 0.025253 299.829717 299.829939
0.222222 0.030303 299.830668 299.830888
0.222222 0.035354 299.831788 299.832007
0.222222 0.040404 299.833078 299.833296
0.222222 0.045455 299.834536 299.834752
0.222222 0.050505 299.836160 299.836375
0.222222 0.055556 299.837950 299.838162
0.222222 0.060606 299.839902 299.840113
0.222222 0.065657 299.842016 299.842224
0.222222 0.070707 299.844289 299.844495
0.222222 0.075758 299.846718 299.846922
0.222222 0.080808 299.849302 299.849503
0.222222 0.085859 299.852038 299.852235
0.222222 0.090909 299.854922 299.855117
0.222222 0.095960 299.857953 299.858144
0.222222 0.101010 299.861126 299.861314
0.222222 0.106061 299.864440 299.864624
0.222222 0.111111 299.867890 299.868070
0.222222 0.116162 299.871472 299.871649
0.222222 0.121212 299.875184 299.875357
0.222222 0.126263 299.879022 299.879190
0.222222 0.131313 299.882982 299.883146
0.222222 0.136364 299.887059 299.887219
0.222222 0.141414 299.891250 299.891405
0.222222 0.146465 299.895550 299.895701
0.222222 0.151515 299.899956 299.900102
0.222222 0.156566 299.904462 299.904603
0.222222 0.161616 299.909065 299.909201
0.222222 0.166667 299.913758 299.913889
0.222222 0.171717 299.918539 299.918665
0.222222 0.176768 299.923402 299.923522
0.222222 0.181818 299.928342 299.928457
0.222222 0.186869 299.933353 299.933463
0.222222 0.191919 299.938432 299.938537
0.222222 0.196970 299.943573 299.943672
0.222222 0.202020 299.948771 299.948864
0.222222 0.207071 299.954020 299.954108
0.222222 0.212121 299.959315 299.959398
0.222222 0.217172 299.964652 299.964728
0.222222 0.222222 299.970024 299.970094
0.222222 0.227273 299.975426 299.975491
0.222222 0.232323 299.980852 299.980911
0.222222 0.237374 299.986298 299.986352
0.222222 0.242424 299.991758 299.991805
0.222222 0.247475 299.997226 299.997268
0.222222 0.252525 300.002697 300.002732
0.222222 0.257576 300.008165 300.008195
0.222222 0.262626 300.013625 300.013648
0.222222 0.267677 300.019070 300.019089
0.222222 0.272727 300.024497 300.024509
0.222222 0.277778 300.029899 300.029906
0.222222 0.282828 300.035271 300.035272
0.222222 0.287879 300.040607 300.040602
0.222222 0.292929 300.045903 300.045892
0.222222 0.297980 300.051152 300.051136
0.222222 0.303030 300.056350 300.056328
0.222222 0.308081 300.061491 300.061463
0.222222 0.313131 300.066569 300.066537
0.222222 0.318182 300.071581 300.071543
0.222222 0.323232 300.076521 300.076478
0.222222 0.328283 300.081384 300.081335
0.222222 0.333333 300.086164 300.086111
0.222222 0.338384 300.090858 300.090799
0.222222 0.343434 300.095461 300.095397
0.222222 0.348485 300.099967 300.099898
0.222222 0.353535 300.104373 300.104299
0.222222 0.358586 300.108673 300.108595
0.222222 0.363636 300.112864 300.112781
0.222222 0.368687 300.116941 300.116854
0.222222 0.373737 300.120901 300.120810
0.222222 0.378788 300.124739 300.124643
0.222222 0.383838 300.128451 300.128351
0.222222 0.388889 300.132033 300.131930
0.222222 0.393939 300.135483 300.135376
0.222222 0.398990 300.138796 300.138686
0.222222 0.404040 300.141970 300.141856
0.222222 0.409091 300.145001 300.144883
0.222222 0.414141 300.147885 300.147765
0.222222 0.419192 300.150621 300.150497
0.222222 0.424242 300.153204 300.153078
0.222222 0.429293 300.155634 300.155505
0.222222 0.434343 300.157907 300.157776
0.222222 0.439394 300.160020 300.159887
0.222222 0.444444 300.161973 300.161838
0.222222 0.449495 300.163763 300.163625
0.222222 0.454545 300.165387 300.165248
0.222222 0.459596 300.166845 300.166704
0.222222 0.464646 300.168135 300.167993
0.222222 0.469697 300.169255 300.169112
0.222222 0.474747 300.170205 300.170061
0.222222 0.479798 300.170984 300.170839
0.222222 0.484848 300.171591 300.171445
0.222222 0.489899 300.172024 300.171878
0.222222 0.494949 300.172284 300.172138
0.222222 0.500000 300.172371 300.172225
0.232323 0.000000 299.814826 299.815063
0.232323 0.005051 299.814919 299.815156
0.232323 0.010101 299.815198 299.815435
0.232323 0.015152 299.815664 299.815900
0.232323 0.020202 299.816315 299.816551
0.232323 0.025253 299.817151 299.817386
0.232323 0.030303 299.818172 299.818405
0.232323 0.035354 299.819375 299.819607
0.232323 0.040404 299.820760 299.820991
0.232323 0.045455 299.822325 299.822554
0.232323 0.050505 299.824070 299.824297
0.232323 0.055556 299.825991 299.826216
0.232323 0.060606 299.828088 299.828311
0.232323 0.065657 299.830358 299.830578
0.232323 0.070707 299.832798 299.833016
0.232323 0.075758 299.835407 299.835622
0.232323 0.080808 299.838182 299.838394
0.232323 0.085859 299.841119 299.841328
0.232323 0.090909 299.844217 299.844422
0.232323 0.095960 299.847471 299.847673
0.232323 0.101010 299.850879 299.851077
0.232323 0.106061 299.854437 299.854631
0.232323 0.111111 299.858141 299.858332
0.232323 0.116162 299.861988 299.862175
0.232323 0.121212 299.865974 299.866157
0.232323 0.126263 299.870095 299.870273
0.232323 0.131313 299.874347 299.874520
0.232323 0.136364 299.878725 299.878894
0.232323 0.141414 299.883225 299.883389
0.232323 0.146465 299.887843 299.888002
0.232323 0.151515 299.892574 299.892728
0.232323 0.156566 299.897413 299.897562
0.232323 0.161616 299.902355 299.902498
0.232323 0.166667 299.907395 299.907533
0.232323 0.171717 299.912529 299.912662
0.232323 0.176768 299.917750 299.917878
0.232323 0.181818 299.923055 299.923176
0.232323 0.186869 299.928436 299.928552
0.232323 0.191919 299.933890 299.934000
0.232323 0.196970 299.939410 299.939515
0.232323 0.202020 299.944992 299.945090
0.232323 0.207071 299.950628 299.950720
0.232323 0.212121 299.956314 299.956401
0.232323 0.217172 299.962044 299.962125
0.232323 0.222222 299.967813 299.967887
0.232323 0.227273 299.973614 299.973681
0.232323 0.232323 299.979441 299.979503
0.232323 0.237374 299.985289 299.985344
0.232323 0.242424 299.991151 299.991201
0.232323 0.247475 299.997023 299.997066
0.232323 0.252525 300.002897 300.002934
0.232323 0.257576 300.008769 300.008799
0.232323 0.262626 300.014631 300.014656
0.232323 0.267677 300.020479 300.020497
0.232323 0.272727 300.026307 300.026319
0.232323 0.277778 300.032107 300.032113
0.232323 0.282828 300.037876 300.037875
0.232323 0.287879 300.043606 300.043599
0.232323 0.292929 300.049292 300.049280
0.232323 0.297980 300.054929 300.054910
0.232323 0.303030 300.060510 300.060485
0.232323 0.308081 300.066030 300.066000
0.232323 0.313131 300.071484 300.071448
0.232323 0.318182 300.076866 300.076824
0.232323 0.323232 300.082170 300.082122
0.232323 0.328283 300.087391 300.087338
0.232323 0.333333 300.092525 300.092467
0.232323 0.338384 300.097565 300.097502
0.232323 0.343434 300.102507 300.102438
0.232323 0.348485 300.107346 300.107272
0.232323 0.353535 300.112077 300.111998
0.232323 0.358586 300.116695 300.116611
0.232323 0.363636 300.121195 300.121106
0.232323 0.368687 300.125573 300.125480
0.232323 0.373737 300.129825 300.129727
0.232323 0.378788 300.133946 300.133843
0.232323 0.383838 300.137932 300.137825
0.232323 0.388889 300.141779 300.141668
0.232323 0.393939 300.145484 300.145369
0.232323 0.398990 300.149041 300.148923
0.232323 0.404040 300.152449 300.152327
0.232323 0.409091 300.155703 300.155578
0.232323 0.414141 300.158801 300.158672
0.232323 0.419192 300.161738 300.161606
0.232323 0.424242 300.164513 300.164378
0.232323 0.429293 300.167122 300.166984
0.232323 0.434343 300.169562 300.169422
0.232323 0.439394 300.171832 300.171689
0.232323 0.444444 300.173929 300.173784
0.232323 0.449495 300.175850 300.175703
0.232323 0.454545 300.177595 300.177446
0.232323 0.459596 300.179160 300.179009
0.232323 0.464646 300.180545 300.180393
0.232323 0.469697 300.181748 300.181595
0.232323 0.474747 300.182769 300.182614
0.232323 0.479798 300.183605 300.183449
0.232323 0.484848 300.184256 300.184100
0.232323 0.489899 300.184722 300.184565
0.232323 0.494949 300.185001 300.184844
0.232323 0.500000 300.185094 300.184937
0.242424 0.000000 299.801354 299.801605
0.242424 0.005051 299.801454 299.801705
0.242424 0.010101 299.801754 299.802004
0.242424 0.015152 299.802254 299.802503
0.242424 0.020202 299.802952 299.803201
0.242424 0.025253 299.803849 299.804097
0.242424 0.030303 299.804944 299.805190
0.242424 0.035354 299.806234 299.806480
0.242424 0.040404 299.807720 299.807964
0.242424 0.045455 299.809400 299.809642
0.242424 0.050505 299.811271 299.811511
0.242424 0.055556 299.813332 299.813570
0.242424 0.060606 299.815582 299.815817
0.242424 0.065657 299.818017 299.818250
0.242424 0.070707 299.820635 299.820865
0.242424 0.075758 299.823433 299.823661
0.242424 0.080808 299.826410 299.826634
0.242424 0.085859 299.829561 299.829782
0.242424 0.090909 299.832884 299.833101
0.242424 0.095960 299.836375 299.836588
0.242424 0.101010 299.840030 299.840240
0.242424 0.106061 299.843847 299.844053
0.242424 0.111111 299.847821 299.848023
0.242424 0.116162 299.851948 299.852145
0.242424 0.121212 299.856224 299.856417
0.242424 0.126263 299.860645 299.860833
0.242424 0.131313 299.865206 299.865389
0.242424 0.136364 299.869903 299.870081
0.242424 0.141414 299.874731 299.874904
0.242424 0.146465 299.879685 299.879853
0.242424 0.151515 299.884760 299.884922
0.242424 0.156566 299.889950 299.890108
0.242424 0.161616 299.895252 299.895404
0.242424 0.166667 299.900659 299.900805
0.242424 0.171717 299.906166 299.906306
0.242424 0.176768 299.911768 299.911902
0.242424 0.181818 299.917458 299.917586
0.242424 0.186869 299.923231 299.923353
0.242424 0.191919 299.929082 299.929198
0.242424 0.196970 299.935004 299.935113
0.242424 0.202020 299.940991 299.941094
0.242424 0.207071 299.947038 299.947135
0.242424 0.212121 299.953137 299.953228
0.242424 0.217172 299.959285 299.959369
0.242424 0.222222 299.965473 299.965550
0.242424 0.227273 299.971695 299.971766
0.242424 0.232323 299.977946 299.978011
0.242424 0.237374 299.984220 299.984278
0.242424 0.242424 299.990509 299.990560
0.242424 0.247475 299.996808 299.996852
0.242424 0.252525 300.003110 300.003148
0.242424 0.257576 300.009408 300.009440
0.242424 0.262626 300.015697 300.015722
0.242424 0.267677 300.021971 300.021989
0.242424 0.272727 300.028222 300.028234
0.242424 0.277778 300.034445 300.034450
0.242424 0.282828 300.040633 300.040631
0.242424 0.287879 300.046780 300.046772
0.242424 0.292929 300.052880 300.052865
0.242424 0.297980 300.058926 300.058906
0.242424 0.303030 300.064914 300.064887
0.242424 0.308081 300.070836 300.070802
0.242424 0.313131 300.076686 300.076647
0.242424 0.318182 300.082459 300.082414
0.242424 0.323232 300.088150 300.088098
0.242424 0.328283 300.093751 300.093694
0.242424 0.333333 300.099258 300.099195
0.242424 0.338384 300.104665 300.104596
0.242424 0.343434 300.109967 300.109892
0.242424 0.348485 300.115158 300.115078
0.242424 0.353535 300.120233 300.120147
0.242424 0.358586 300.125186 300.125096
0.242424 0.363636 300.130014 300.129919
0.242424 0.368687 300.134711 300.134611
0.242424 0.373737 300.139272 300.139167
0.242424 0.378788 300.143693 300.143583
0.242424 0.383838 300.147969 300.147855
0.242424 0.388889 300.152096 300.151977
0.242424 0.393939 300.156070 300.155947
0.242424 0.398990 300.159887 300.159760
0.242424 0.404040 300.163543 300.163412
0.242424 0.409091 300.167033 300.166899
0.242424 0.414141 300.170356 300.170218
0.242424 0.419192 300.173507 300.173366
0.242424 0.424242 300.176484 300.176339
0.242424 0.429293 300.179283 300.179135
0.242424 0.434343 300.181901 300.181750
0.242424 0.439394 300.184336 300.184183
0.242424 0.444444 300.186585 300.186430
0.242424 0.449495 300.188646 300.188489
0.242424 0.454545 300.190518 300.190358
0.242424 0.459596 300.192197 300.192036
0.242424 0.464646 300.193683 300.193520
0.242424 0.469697 300.194974 300.194810
0.242424 0.474747 300.196068 300.195903
0.242424 0.479798 300.196965 300.196799
0.242424 0.484848 300.197664 300.197497
0.242424 0.489899 300.198163 300.197996
0.242424 0.494949 300.198463 300.198295
0.242424 0.500000 300.198563 300.198395
0.252525 0.000000 299.787083 299.787347
0.252525 0.005051 299.787190 299.787455
0.252525 0.010101 299.787511 299.787776
0.252525 0.015152 299.788047 299.788310
0.252525 0.020202 299.788795 299.789058
0.252525 0.025253 299.789757 299.790019
0.252525 0.030303 299.790930 299.791191
0.252525 0.035354 299.792314 299.792573
0.252525 0.040404 299.793906 299.794164
0.252525 0.045455 299.795706 299.795962
0.252525 0.050505 299.797712 299.797966
0.252525 0.055556 299.799922 299.800173
0.252525 0.060606 299.802333 299.802581
0.252525 0.065657 299.804942 299.805188
0.252525 0.070707 299.807749 299.807992
0.252525 0.075758 299.810749 299.810988
0.252525 0.080808 299.813939 299.814175
0.252525 0.085859 299.817316 299.817550
0.252525 0.090909 299.820878 299.821107
0.252525 0.095960 299.824620 299.824845
0.252525 0.101010 299.828538 299.828760
0.252525 0.106061 299.832629 299.832846
0.252525 0.111111 299.836889 299.837101
0.252525 0.116162 299.841312 299.841520
0.252525 0.121212 299.845896 299.846099
0.252525 0.126263 299.850634 299.850833
0.252525 0.131313 299.855523 299.855716
0.252525 0.136364 299.860557 299.860745
0.252525 0.141414 299.865732 299.865914
0.252525 0.146465 299.871042 299.871219
0.252525 0.151515 299.876481 299.876653
0.252525 0.156566 299.882045 299.882211
0.252525 0.161616 299.887728 299.887887
0.252525 0.166667 299.893523 299.893677
0.252525 0.171717 299.899426 299.899573
0.252525 0.176768 299.905430 299.905571
0.252525 0.181818 299.911529 299.911664
0.252525 0.186869 299.917717 299.917845
0.252525 0.191919 299.923988 299.924110
0.252525 0.196970 299.930335 299.930451
0.252525 0.202020 299.936753 299.936861
0.252525 0.207071 299.943234 299.943336
0.252525 0.212121 299.949772 299.949867
0.252525 0.217172 299.956361 299.956449
0.252525 0.222222 299.962993 299.963075
0.252525 0.227273 299.969663 299.969738
0.252525 0.232323 299.976364 299.976431
0.252525 0.237374 299.983088 299.983148
0.252525 0.242424 299.989829 299.989882
0.252525 0.247475 299.996580 299.996626
0.252525 0.252525 300.003335 300.003374
0.252525 0.257576 300.010086 300.010118
0.252525 0.262626 300.016827 300.016852
0.252525 0.267677 300.023551 300.023569
0.252525 0.272727 300.030251 300.030262
0.252525 0.277778 300.036921 300.036925
0.252525 0.282828 300.043554 300.043551
0.252525 0.287879 300.050142 300.050133
0.252525 0.292929 300.056681 300.056664
0.252525 0.297980 300.063162 300.063139
0.252525 0.303030 300.069579 300.069549
0.252525 0.308081 300.075927 300.075890
0.252525 0.313131 300.082197 300.082155
0.252525 0.318182 300.088386 300.088336
0.252525 0.323232 300.094485 300.094429
0.252525 0.328283 300.100489 300.100427
0.252525 0.333333 300.106391 300.106323
0.252525 0.338384 300.112187 300.112113
0.252525 0.343434 300.117869 300.117789
0.252525 0.348485 300.123433 300.123347
0.252525 0.353535 300.128873 300.128781
0.252525 0.358586 300.134183 300.134086
0.252525 0.363636 300.139357 300.139255
0.252525 0.368687 300.144391 300.144284
0.252525 0.373737 300.149280 300.149167
0.252525 0.378788 300.154019 300.153901
0.252525 0.383838 300.158602 300.158480
0.252525 0.388889 300.163026 300.162899
0.252525 0.393939 300.167285 300.167154
0.252525 0.398990 300.171376 300.171240
0.252525 0.404040 300.175295 300.175155
0.252525 0.409091 300.179037 300.178893
0.252525 0.414141 300.182598 300.182450
0.252525 0.419192 300.185976 300.185825
0.252525 0.424242 300.189166 300.189012
0.252525 0.429293 300.192166 300.192008
0.252525 0.434343 300.194972 300.194812
0.252525 0.439394 300.197582 300.197419
0.252525 0.444444 300.199993 300.199827
0.252525 0.449495 300.202202 300.202034
0.252525 0.454545 300.204208 300.204038
0.252525 0.459596 300.206008 300.205836
0.252525 0.464646 300.207601 300.207427
0.252525 0.469697 300.208985 300.208809
0.252525 0.474747 300.210158 300.209981
0.252525 0.479798 300.211119 300.210942
0.252525 0.484848 300.211868 300.211690
0.252525 0.489899 300.212403 300.212224
0.252525 0.494949 300.212725 300.212545
0.252525 0.500000 300.212832 300.212653
0.262626 0.000000 299.771954 299.772233
0.262626 0.005051 299.772069 299.772348
0.262626 0.010101 299.772413 299.772692
0.262626 0.015152 299.772986 299.773265
0.262626 0.020202 299.773788 299.774066
0.262626 0.025253 299.774818 299.775094
0.262626 0.030303 299.776075 299.776350
0.262626 0.035354 299.777556 299.777830
0.262626 0.040404 299.779262 299.779534
0.262626 0.045455 299.781190 299.781460
0.262626 0.050505 299.783339 299.783606
0.262626 0.055556 299.785705 299.785970
0.262626 0.060606 299.788288 299.788550
0.262626 0.065657 299.791083 299.791342
0.262626 0.070707 299.794089 299.794345
0.262626 0.075758 299.797302 299.797555
0.262626 0.080808 299.800719 299.800968
0.262626 0.085859 299.804336 299.804582
0.262626 0.090909 299.808151 299.808393
0.262626 0.095960 299.812159 299.812396
0.262626 0.101010 299.816356 299.816589
0.262626 0.106061 299.820737 299.820966
0.262626 0.111111 299.825300 299.825524
0.262626 0.116162 299.830038 299.830257
0.262626 0.121212 299.834947 299.835161
0.262626 0.126263 299.840022 299.840231
0.262626 0.131313 299.845258 299.845462
0.262626 0.136364 299.850650 299.850848
0.262626 0.141414 299.856193 299.856385
0.262626 0.146465 299.861880 299.862066
0.262626 0.151515 299.867706 299.867886
0.262626 0.156566 299.873665 299.873839
0.262626 0.161616 299.879751 299.879919
0.262626 0.166667 299.885959 299.886120
0.262626 0.171717 299.892281 299.892436
0.262626 0.176768 299.898712 299.898860
0.262626 0.181818 299.905244 299.905386
0.262626 0.186869 299.911872 299.912007
0.262626 0.191919 299.918588 299.918716
0.262626 0.196970 299.925387 299.925508
0.262626 0.202020 299.932260 299.932374
0.262626 0.207071 299.939202 299.939309
0.262626 0.212121 299.946205 299.946304
0.262626 0.217172 299.953262 299.953354
0.262626 0.222222 299.960366 299.960450
0.262626 0.227273 299.967509 299.967587
0.262626 0.232323 299.974686 299.974756
0.262626 0.237374 299.981888 299.981950
0.262626 0.242424 299.989108 299.989163
0.262626 0.247475 299.996339 299.996386
0.262626 0.252525 300.003573 300.003614
0.262626 0.257576 300.010804 300.010837
0.262626 0.262626 300.018024 300.018050
0.262626 0.267677 300.025226 300.025244
0.262626 0.272727 300.032403 300.032413
0.262626 0.277778 300.039546 300.039550
0.262626 0.282828 300.046650 300.046646
0.262626 0.287879 300.053707 300.053696
0.262626 0.292929 300.060710 300.060691
0.262626 0.297980 300.067652 300.067626
0.262626 0.303030 300.074525 300.074492
0.262626 0.308081 300.081324 300.081284
0.262626 0.313131 300.088040 300.087993
0.262626 0.318182 300.094668 300.094614
0.262626 0.323232 300.101200 300.101140
0.262626 0.328283 300.107631 300.107564
0.262626 0.333333 300.113953 300.113880
0.262626 0.338384 300.120161 300.120081
0.262626 0.343434 300.126247 300.126161
0.262626 0.348485 300.132206 300.132114
0.262626 0.353535 300.138032 300.137934
0.262626 0.358586 300.143719 300.143615
0.262626 0.363636 300.149262 300.149152
0.262626 0.368687 300.154654 300.154538
0.262626 0.373737 300.159890 300.159769
0.262626 0.378788 300.164965 300.164839
0.262626 0.383838 300.169874 300.169743
0.262626 0.388889 300.174612 300.174476
0.262626 0.393939 300.179175 300.179034
0.262626 0.398990 300.183556 300.183411
0.262626 0.404040 300.187753 300.187604
0.262626 0.409091 300.191761 300.191607
0.262626 0.414141 300.195576 300.195418
0.262626 0.419192 300.199193 300.199032
0.262626 0.424242 300.202610 300.202445
0.262626 0.429293 300.205823 300.205655
0.262626 0.434343 300.208829 300.208658
0.262626 0.439394 300.211625 300.211450
0.262626 0.444444 300.214207 300.214030
0.262626 0.449495 300.216573 300.216394
0.262626 0.454545 300.218722 300.218540
0.262626 0.459596 300.220650 300.220466
0.262626 0.464646 300.222356 300.222170
0.262626 0.469697 300.223837 300.223650
0.262626 0.474747 300.225094 300.224906
0.262626 0.479798 300.226124 300.225934
0.262626 0.484848 300.226926 300.226735
0.262626 0.489899 300.227499 300.227308
0.262626 0.494949 300.227843 300.227652
0.262626 0.500000 300.227958 300.227767
0.272727 0.000000 299.755907 299.756201
0.272727 0.005051 299.756029 299.756324
0.272727 0.010101 299.756398 299.756692
0.272727 0.015152 299.757012 299.757305
0.272727 0.020202 299.757870 299.758163
0.272727 0.025253 299.758972 299.759264
0.272727 0.030303 299.760317 299.760607
0.272727 0.035354 299.761904 299.762192
0.272727 0.040404 299.763729 299.764016
0.272727 0.045455 299.765793 299.766078
0.272727 0.050505 299.768093 299.768375
0.272727 0.055556 299.770626 299.770905
0.272727 0.060606 299.773390 299.773666
0.272727 0.065657 299.776382 299.776656
0.272727 0.070707 299.779599 299.779869
0.272727 0.075758 299.783039 299.783305
0.272727 0.080808 299.786696 299.786959
0.272727 0.085859 299.790568 299.790827
0.272727 0.090909 299.794652 299.794906
0.272727 0.095960 299.798941 299.799192
0.272727 0.101010 299.803434 299.803679
0.272727 0.106061 299.808124 299.808365
0.272727 0.111111 299.813007 299.813243
0.272727 0.116162 299.818079 299.818309
0.272727 0.121212 299.823333 299.823559
0.272727 0.126263 299.828766 299.828985
0.272727 0.131313 299.834370 299.834585
0.272727 0.136364 299.840142 299.840350
0.272727 0.141414 299.846074 299.846277
0.272727 0.146465 299.852162 299.852358
0.272727 0.151515 299.858398 299.858587
0.272727 0.156566 299.864776 299.864960
0.272727 0.161616 299.871291 299.871468
0.272727 0.166667 299.877935 299.878105
0.272727 0.171717 299.884703 299.884865
0.272727 0.176768 299.891586 299.891741
0.272727 0.181818 299.898578 299.898726
0.272727 0.186869 299.905672 299.905813
0.272727 0.191919 299.912861 299.912995
0.272727 0.196970 299.920138 299.920265
0.272727 0.202020 299.927495 299.927614
0.272727 0.207071 299.934925 299.935037
0.272727 0.212121 299.942421 299.942525
0.272727 0.217172 299.949975 299.950071
0.272727 0.222222 299.957578 299.957667
0.272727 0.227273 299.965225 299.965305
0.272727 0.232323 299.972906 299.972979
0.272727 0.237374 299.980615 299.980680
0.272727 0.242424 299.988343 299.988400
0.272727 0.247475 299.996083 299.996132
0.272727 0.252525 300.003827 300.003868
0.272727 0.257576 300.011566 300.011600
0.272727 0.262626 300.019295 300.019320
0.272727 0.267677 300.027003 300.027021
0.272727 0.272727 300.034685 300.034695
0.272727 0.277778 300.042331 300.042333
0.272727 0.282828 300.049935 300.049929
0.272727 0.287879 300.057488 300.057475
0.272727 0.292929 300.064984 300.064963
0.272727 0.297980 300.072414 300.072386
0.272727 0.303030 300.079771 300.079735
0.272727 0.308081 300.087048 300.087005
0.272727 0.313131 300.094237 300.094187
0.272727 0.318182 300.101332 300.101274
0.272727 0.323232 300.108324 300.108259
0.272727 0.328283 300.115207 300.115135
0.272727 0.333333 300.121974 300.121895
0.272727 0.338384 300.128618 300.128532
0.272727 0.343434 300.135133 300.135040
0.272727 0.348485 300.141512 300.141413
0.272727 0.353535 300.147748 300.147642
0.272727 0.358586 300.153835 300.153723
0.272727 0.363636 300.159768 300.159650
0.272727 0.368687 300.165539 300.165415
0.272727 0.373737 300.171144 300.171015
0.272727 0.378788 300.176576 300.176441
0.272727 0.383838 300.181831 300.181691
0.272727 0.388889 300.186902 300.186757
0.272727 0.393939 300.191786 300.191635
0.272727 0.398990 300.196476 300.196321
0.272727 0.404040 300.200968 300.200808
0.272727 0.409091 300.205258 300.205094
0.272727 0.414141 300.209341 300.209173
0.272727 0.419192 300.213213 300.213041
0.272727 0.424242 300.216871 300.216695
0.272727 0.429293 300.220310 300.220131
0.272727 0.434343 300.223527 300.223344
0.272727 0.439394 300.226520 300.226334
0.272727 0.444444 300.229284 300.229095
0.272727 0.449495 300.231817 300.231625
0.272727 0.454545 300.234116 300.233922
0.272727 0.459596 300.236180 300.235984
0.272727 0.464646 300.238006 300.237808
0.272727 0.469697 300.239592 300.239393
0.272727 0.474747 300.240937 300.240736
0.272727 0.479798 300.242039 300.241837
0.272727 0.484848 300.242898 300.242695
0.272727 0.489899 300.243512 300.243308
0.272727 0.494949 300.243880 300.243676
0.272727 0.500000 300.244003 300.243799
0.282828 0.000000 299.738876 299.739187
0.282828 0.005051 299.739008 299.739318
0.282828 0.010101 299.739402 299.739712
0.282828 0.015152 299.740059 299.740368
0.282828 0.020202 299.740977 299.741285
0.282828 0.025253 299.742156 299.742463
0.282828 0.030303 299.743595 299.743900
0.282828 0.035354 299.745292 299.745595
0.282828 0.040404 299.747245 299.747547
0.282828 0.045455 299.749453 299.749752
0.282828 0.050505 299.751913 299.752210
0.282828 0.055556 299.754623 299.754917
0.282828 0.060606 299.757580 299.757871
0.282828 0.065657 299.760781 299.761069
0.282828 0.070707 299.764223 299.764507
0.282828 0.075758 299.767902 299.768182
0.282828 0.080808 299.771815 299.772091
0.282828 0.085859 299.775957 299.776230
0.282828 0.090909 299.780325 299.780593
0.282828 0.095960 299.784914 299.785178
0.282828 0.101010 299.789720 299.789979
0.282828 0.106061 299.794738 299.794991
0.282828 0.111111 299.799962 299.800210
0.282828 0.116162 299.805387 299.805630
0.282828 0.121212 299.811008 299.811245
0.282828 0.126263 299.816820 299.817051
0.282828 0.131313 299.822816 299.823041
0.282828 0.136364 299.828990 299.829209
0.282828 0.141414 299.835336 299.835549
0.282828 0.146465 299.841849 299.842054
0.282828 0.151515 299.848520 299.848719
0.282828 0.156566 299.855344 299.855536
0.282828 0.161616 299.862313 299.862498
0.282828 0.166667 299.869421 299.869599
0.282828 0.171717 299.876660 299.876831
0.282828 0.176768 299.884023 299.884187
0.282828 0.181818 299.891503 299.891659
0.282828 0.186869 299.899093 299.899241
0.282828 0.191919 299.906783 299.906924
0.282828 0.196970 299.914568 299.914701
0.282828 0.202020 299.922439 299.922563
0.282828 0.207071 299.930387 299.930504
0.282828 0.212121 299.938406 299.938514
0.282828 0.217172 299.946486 299.946587
0.282828 0.222222 299.954621 299.954713
0.282828 0.227273 299.962801 299.962884
0.282828 0.232323 299.971018 299.971093
0.282828 0.237374 299.979264 299.979332
0.282828 0.242424 299.987532 299.987591
0.282828 0.247475 299.995812 299.995862
0.282828 0.252525 300.004096 300.004138
0.282828 0.257576 300.012375 300.012409
0.282828 0.262626 300.020643 300.020668
0.282828 0.267677 300.028889 300.028907
0.282828 0.272727 300.037107 300.037116
0.282828 0.277778 300.045287 300.045287
0.282828 0.282828 300.053421 300.053413
0.282828 0.287879 300.061501 300.061486
0.282828 0.292929 300.069520 300.069496
0.282828 0.297980 300.077469 300.077437
0.282828 0.303030 300.085339 300.085299
0.282828 0.308081 300.093124 300.093076
0.282828 0.313131 300.100814 300.100759
0.282828 0.318182 300.108404 300.108341
0.282828 0.323232 300.115884 300.115813
0.282828 0.328283 300.123247 300.123169
0.282828 0.333333 300.130486 300.130401
0.282828 0.338384 300.137594 300.137502
0.282828 0.343434 300.144564 300.144464
0.282828 0.348485 300.151387 300.151281
0.282828 0.353535 300.158059 300.157946
0.282828 0.358586 300.164571 300.164451
0.282828 0.363636 300.170917 300.170791
0.282828 0.368687 300.177091 300.176959
0.282828 0.373737 300.183087 300.182949
0.282828 0.378788 300.188899 300.188755
0.282828 0.383838 300.194520 300.194370
0.282828 0.388889 300.199945 300.199790
0.282828 0.393939 300.205169 300.205009
0.282828 0.398990 300.210187 300.210021
0.282828 0.404040 300.214993 300.214822
0.282828 0.409091 300.219582 300.219407
0.282828 0.414141 300.223950 300.223770
0.282828 0.419192 300.228092 300.227909
0.282828 0.424242 300.232005 300.231818
0.282828 0.429293 300.235684 300.235493
0.282828 0.434343 300.239126 300.238931
0.282828 0.439394 300.242327 300.242129
0.282828 0.444444 300.245284 300.245083
0.282828 0.449495 300.247994 300.247790
0.282828 0.454545 300.250454 300.250248
0.282828 0.459596 300.252662 300.252453
0.282828 0.464646 300.254615 300.254405
0.282828 0.469697 300.256312 300.256100
0.282828 0.474747 300.257751 300.257537
0.282828 0.479798 300.258930 300.258715
0.282828 0.484848 300.259848 300.259632
0.282828 0.489899 300.260505 300.260288
0.282828 0.494949 300.260899 300.260682
0.282828 0.500000 300.261031 300.260813
0.292929 0.000000 299.720794 299.721121
0.292929 0.005051 299.720935 299.721261
0.292929 0.010101 299.721357 299.721682
0.292929 0.015152 299.722059 299.722384
0.292929 0.020202 299.723041 299.723365
0.292929 0.025253 299.724302 299.724624
0.292929 0.030303 299.725840 299.726161
0.292929 0.035354 299.727654 299.727974
0.292929 0.040404 299.729743 299.730060
0.292929 0.045455 299.732104 299.732419
0.292929 0.050505 299.734734 299.735047
0.292929 0.055556 299.737632 299.737941
0.292929 0.060606 299.740794 299.741100
0.292929 0.065657 299.744216 299.744519
0.292929 0.070707 299.747897 299.748196
0.292929 0.075758 299.751831 299.752126
0.292929 0.080808 299.756014 299.756305
0.292929 0.085859 299.760444 299.760730
0.292929 0.090909 299.765114 299.765396
0.292929 0.095960 299.770022 299.770299
0.292929 0.101010 299.775160 299.775432
0.292929 0.106061 299.780525 299.780792
0.292929 0.111111 299.786111 299.786372
0.292929 0.116162 299.791912 299.792167
0.292929 0.121212 299.797923 299.798172
0.292929 0.126263 299.804137 299.804380
0.292929 0.131313 299.810548 299.810784
0.292929 0.136364 299.817150 299.817380
0.292929 0.141414 299.823936 299.824159
0.292929 0.146465 299.830899 299.831115
0.292929 0.151515 299.838032 299.838241
0.292929 0.156566 299.845328 299.845530
0.292929 0.161616 299.852780 299.852975
0.292929 0.166667 299.860380 299.860567
0.292929 0.171717 299.868121 299.868300
0.292929 0.176768 299.875994 299.876165
0.292929 0.181818 299.883992 299.884155
0.292929 0.186869 299.892107 299.892262
0.292929 0.191919 299.900331 299.900477
0.292929 0.196970 299.908654 299.908793
0.292929 0.202020 299.917070 299.917200
0.292929 0.207071 299.925569 299.925690
0.292929 0.212121 299.934143 299.934256
0.292929 0.217172 299.942783 299.942887
0.292929 0.222222 299.951480 299.951576
0.292929 0.227273 299.960227 299.960314
0.292929 0.232323 299.969013 299.969091
0.292929 0.237374 299.977831 299.977900
0.292929 0.242424 299.986670 299.986731
0.292929 0.247475 299.995524 299.995576
0.292929 0.252525 300.004381 300.004424
0.292929 0.257576 300.013234 300.013269
0.292929 0.262626 300.022074 300.022100
0.292929 0.267677 300.030892 300.030909
0.292929 0.272727 300.039678 300.039686
0.292929 0.277778 300.048425 300.048424
0.292929 0.282828 300.057122 300.057113
0.292929 0.287879 300.065762 300.065744
0.292929 0.292929 300.074336 300.074310
0.292929 0.297980 300.082835 300.082800
0.292929 0.303030 300.091251 300.091207
0.292929 0.308081 300.099574 300.099523
0.292929 0.313131 300.107798 300.107738
0.292929 0.318182 300.115912 300.115845
0.292929 0.323232 300.123911 300.123835
0.292929 0.328283 300.131784 300.131700
0.292929 0.333333 300.139524 300.139433
0.292929 0.338384 300.147125 300.147025
0.292929 0.343434 300.154576 300.154470
0.292929 0.348485 300.161873 300.161759
0.292929 0.353535 300.169006 300.168885
0.292929 0.358586 300.175969 300.175841
0.292929 0.363636 300.182755 300.182620
0.292929 0.368687 300.189357 300.189216
0.292929 0.373737 300.195768 300.195620
0.292929 0.378788 300.201982 300.201828
0.292929 0.383838 300.207993 300.207833
0.292929 0.388889 300.213794 300.213628
0.292929 0.393939 300.219380 300.219208
0.292929 0.398990 300.224745 300.224568
0.292929 0.404040 300.229883 300.229701
0.292929 0.409091 300.234790 300.234604
0.292929 0.414141 300.239461 300.239270
0.292929 0.419192 300.243890 300.243695
0.292929 0.424242 300.248074 300.247874
0.292929 0.429293 300.252008 300.251804
0.292929 0.434343 300.255688 300.255481
0.292929 0.439394 300.259111 300.258900
0.292929 0.444444 300.262273 300.262059
0.292929 0.449495 300.265170 300.264953
0.292929 0.454545 300.267801 300.267581
0.292929 0.459596 300.270162 300.269940
0.292929 0.464646 300.272250 300.272026
0.292929 0.469697 300.274065 300.273839
0.292929 0.474747 300.275603 300.275376
0.292929 0.479798 300.276864 300.276635
0.292929 0.484848 300.277846 300.277616
0.292929 0.489899 300.278548 300.278318
0.292929 0.494949 300.278970 300.278739
0.292929 0.500000 300.279110 300.278879
0.303030 0.000000 299.701588 299.701931
0.303030 0.005051 299.701738 299.702082
0.303030 0.010101 299.702189 299.702532
0.303030 0.015152 299.702939 299.703281
0.303030 0.020202 299.703989 299.704330
0.303030 0.025253 299.705337 299.705676
0.303030 0.030303 299.706981 299.707319
0.303030 0.035354 299.708920 299.709256
0.303030 0.040404 299.711153 299.711486
0.303030 0.045455 299.713676 299.714007
0.303030 0.050505 299.716487 299.716816
0.303030 0.055556 299.719584 299.719910
0.303030 0.060606 299.722964 299.723285
0.303030 0.065657 299.726622 299.726940
0.303030 0.070707 299.730555 299.730870
0.303030 0.075758 299.734760 299.735070
0.303030 0.080808 299.739232 299.739537
0.303030 0.085859 299.743966 299.744267
0.303030 0.090909 299.748958 299.749254
0.303030 0.095960 299.754203 299.754494
0.303030 0.101010 299.759695 299.759980
0.303030 0.106061 299.765429 299.765709
0.303030 0.111111 299.771399 299.771673
0.303030 0.116162 299.777599 299.777867
0.303030 0.121212 299.784024 299.784285
0.303030 0.126263 299.790665 299.790920
0.303030 0.131313 299.797517 299.797766
0.303030 0.136364 299.804573 299.804815
0.303030 0.141414 299.811826 299.812060
0.303030 0.146465 299.819268 299.819495
0.303030 0.151515 299.826892 299.827111
0.303030 0.156566 299.834691 299.834902
0.303030 0.161616 299.842655 299.842859
0.303030 0.166667 299.850778 299.850974
0.303030 0.171717 299.859051 299.859239
0.303030 0.176768 299.867466 299.867645
0.303030 0.181818 299.876014 299.876185
0.303030 0.186869 299.884687 299.884850
0.303030 0.191919 299.893477 299.893630
0.303030 0.196970 299.902373 299.902518
0.303030 0.202020 299.911367 299.911503
0.303030 0.207071 299.920451 299.920578
0.303030 0.212121 299.929614 299.929732
0.303030 0.217172 299.938849 299.938958
0.303030 0.222222 299.948145 299.948245
0.303030 0.227273 299.957493 299.957583
0.303030 0.232323 299.966884 299.966965
0.303030 0.237374 299.976308 299.976380
0.303030 0.242424 299.985756 299.985818
0.303030 0.247475 299.995218 299.995271
0.303030 0.252525 300.004685 300.004729
0.303030 0.257576 300.014147 300.014182
0.303030 0.262626 300.023595 300.023620
0.303030 0.267677 300.033019 300.033035
0.303030 0.272727 300.042410 300.042417
0.303030 0.277778 300.051758 300.051755
0.303030 0.282828 300.061054 300.061042
0.303030 0.287879 300.070288 300.070268
0.303030 0.292929 300.079452 300.079422
0.303030 0.297980 300.088535 300.088497
0.303030 0.303030 300.097530 300.097482
0.303030 0.308081 300.106426 300.106370
0.303030 0.313131 300.115215 300.115150
0.303030 0.318182 300.123888 300.123815
0.303030 0.323232 300.132436 300.132355
0.303030 0.328283 300.140851 300.140761
0.303030 0.333333 300.149124 300.149026
0.303030 0.338384 300.157247 300.157141
0.303030 0.343434 300.165212 300.165098
0.303030 0.348485 300.173010 300.172889
0.303030 0.353535 300.180634 300.180505
0.303030 0.358586 300.188076 300.187940
0.303030 0.363636 300.195329 300.195185
0.303030 0.368687 300.202385 300.202234
0.303030 0.373737 300.209238 300.209080
0.303030 0.378788 300.215879 300.215715
0.303030 0.383838 300.222303 300.222133
0.303030 0.388889 300.228504 300.228327
0.303030 0.393939 300.234474 300.234291
0.303030 0.398990 300.240208 300.240020
0.303030 0.404040 300.245700 300.245506
0.303030 0.409091 300.250945 300.250746
0.303030 0.414141 300.255937 300.255733
0.303030 0.419192 300.260671 300.260463
0.303030 0.424242 300.265143 300.264930
0.303030 0.429293 300.269347 300.269130
0.303030 0.434343 300.273281 300.273060
0.303030 0.439394 300.276939 300.276715
0.303030 0.444444 300.280318 300.280090
0.303030 0.449495 300.283415 300.283184
0.303030 0.454545 300.286227 300.285993
0.303030 0.459596 300.288750 300.288514
0.303030 0.464646 300.290982 300.290744
0.303030 0.469697 300.292922 300.292681
0.303030 0.474747 300.294566 300.294324
0.303030 0.479798 300.295914 300.295670
0.303030 0.484848 300.296963 300.296719
0.303030 0.489899 300.297714 300.297468
0.303030 0.494949 300.298164 300.297918
0.303030 0.500000 300.298314 300.298069
0.313131 0.000000 299.681180 299.681541
0.313131 0.005051 299.681341 299.681701
0.313131 0.010101 299.681822 299.682182
0.313131 0.015152 299.682624 299.682983
0.313131 0.020202 299.683745 299.684103
0.313131 0.025253 299.685185 299.685542
0.313131 0.030303 299.686942 299.687297
0.313131 0.035354 299.689014 299.689367
0.313131 0.040404 299.691399 299.691749
0.313131 0.045455 299.694095 299.694443
0.313131 0.050505 299.697099 299.697444
0.313131 0.055556 299.700407 299.700749
0.313131 0.060606 299.704018 299.704356
0.313131 0.065657 299.707926 299.708261
0.313131 0.070707 299.712129 299.712459
0.313131 0.075758 299.716621 299.716947
0.313131 0.080808 299.721399 299.721720
0.313131 0.085859 299.726457 299.726773
0.313131 0.090909 299.731790 299.732101
0.313131 0.095960 299.737394 299.737699
0.313131 0.101010 299.743262 299.743562
0.313131 0.106061 299.749388 299.749682
0.313131 0.111111 299.755767 299.756054
0.313131 0.116162 299.762391 299.762672
0.313131 0.121212 299.769255 299.769529
0.313131 0.126263 299.776351 299.776618
0.313131 0.131313 299.783672 299.783932
0.313131 0.136364 299.791210 299.791463
0.313131 0.141414 299.798959 299.799205
0.313131 0.146465 299.806910 299.807148
0.313131 0.151515 299.815056 299.815285
0.313131 0.156566 299.823387 299.823609
0.313131 0.161616 299.831897 299.832110
0.313131 0.166667 299.840575 299.840780
0.313131 0.171717 299.849414 299.849610
0.313131 0.176768 299.858405 299.858592
0.313131 0.181818 299.867538 299.867716
0.313131 0.186869 299.876804 299.876973
0.313131 0.191919 299.886194 299.886354
0.313131 0.196970 299.895699 299.895850
0.313131 0.202020 299.905308 299.905450
0.313131 0.207071 299.915013 299.915145
0.313131 0.212121 299.924803 299.924926
0.313131 0.217172 299.934669 299.934783
0.313131 0.222222 299.944601 299.944704
0.313131 0.227273 299.954588 299.954682
0.313131 0.232323 299.964621 299.964705
0.313131 0.237374 299.974690 299.974764
0.313131 0.242424 299.984784 299.984848
0.313131 0.247475 299.994893 299.994948
0.313131 0.252525 300.005007 300.005052
0.313131 0.257576 300.015117 300.015152
0.313131 0.262626 300.025211 300.025236
0.313131 0.267677 300.035279 300.035295
0.313131 0.272727 300.045312 300.045318
0.313131 0.277778 300.055300 300.055296
0.313131 0.282828 300.065231 300.065217
0.313131 0.287879 300.075097 300.075074
0.313131 0.292929 300.084888 300.084855
0.313131 0.297980 300.094592 300.094550
0.313131 0.303030 300.104202 300.104150
0.313131 0.308081 300.113707 300.113646
0.313131 0.313131 300.123097 300.123027
0.313131 0.318182 300.132363 300.132284
0.313131 0.323232 300.141496 300.141408
0.313131 0.328283 300.150486 300.150390
0.313131 0.333333 300.159325 300.159220
0.313131 0.338384 300.168004 300.167890
0.313131 0.343434 300.176513 300.176391
0.313131 0.348485 300.184845 300.184715
0.313131 0.353535 300.192990 300.192852
0.313131 0.358586 300.200941 300.200795
0.313131 0.363636 300.208690 300.208537
0.313131 0.368687 300.216229 300.216068
0.313131 0.373737 300.223550 300.223382
0.313131 0.378788 300.230646 300.230471
0.313131 0.383838 300.237509 300.237328
0.313131 0.388889 300.244134 300.243946
0.313131 0.393939 300.250512 300.250318
0.313131 0.398990 300.256639 300.256438
0.313131 0.404040 300.262507 300.262301
0.313131 0.409091 300.268110 300.267899
0.313131 0.414141 300.273444 300.273227
0.313131 0.419192 300.278502 300.278280
0.313131 0.424242 300.283279 300.283053
0.313131 0.429293 300.287772 300.287541
0.313131 0.434343 300.291974 300.291739
0.313131 0.439394 300.295883 300.295644
0.313131 0.444444 300.299493 300.299251
0.313131 0.449495 300.302802 300.302556
0.313131 0.454545 300.305806 300.305557
0.313131 0.459596 300.308502 300.308251
0.313131 0.464646 300.310887 300.310633
0.313131 0.469697 300.312959 300.312703
0.313131 0.474747 300.314716 300.314458
0.313131 0.479798 300.316155 300.315897
0.313131 0.484848 300.317277 300.317017
0.313131 0.489899 300.318078 300.317818
0.313131 0.494949 300.318560 300.318299
0.313131 0.500000 300.318720 300.318459
0.323232 0.000000 299.659488 299.659867
0.323232 0.005051 299.659659 299.660038
0.323232 0.010101 299.660174 299.660552
0.323232 0.015152 299.661030 299.661407
0.323232 0.020202 299.662228 299.662604
0.323232 0.025253 299.663765 299.664140
0.323232 0.030303 299.665642 299.666015
0.323232 0.035354 299.667855 299.668225
0.323232 0.040404 299.670402 299.670770
0.323232 0.045455 299.673282 299.673647
0.323232 0.050505 299.676490 299.676852
0.323232 0.055556 299.680024 299.680383
0.323232 0.060606 299.683880 299.684235
0.323232 0.065657 299.688055 299.688406
0.323232 0.070707 299.692543 299.692890
0.323232 0.075758 299.697341 299.697683
0.323232 0.080808 299.702444 299.702781
0.323232 0.085859 299.707847 299.708178
0.323232 0.090909 299.713543 299.713869
0.323232 0.095960 299.719528 299.719849
0.323232 0.101010 299.725795 299.726110
0.323232 0.106061 299.732338 299.732647
0.323232 0.111111 299.739151 299.739453
0.323232 0.116162 299.746226 299.746521
0.323232 0.121212 299.753557 299.753845
0.323232 0.126263 299.761136 299.761416
0.323232 0.131313 299.768955 299.769228
0.323232 0.136364 299.777007 299.777272
0.323232 0.141414 299.785283 299.785540
0.323232 0.146465 299.793775 299.794024
0.323232 0.151515 299.802475 299.802715
0.323232 0.156566 299.811373 299.811605
0.323232 0.161616 299.820462 299.820685
0.323232 0.166667 299.829731 299.829945
0.323232 0.171717 299.839171 299.839376
0.323232 0.176768 299.848773 299.848969
0.323232 0.181818 299.858528 299.858714
0.323232 0.186869 299.868424 299.868601
0.323232 0.191919 299.878453 299.878621
0.323232 0.196970 299.888605 299.888762
0.323232 0.202020 299.898868 299.899016
0.323232 0.207071 299.909233 299.909371
0.323232 0.212121 299.919690 299.919818
0.323232 0.217172 299.930227 299.930345
0.323232 0.222222 299.940834 299.940942
0.323232 0.227273 299.951501 299.951598
0.323232 0.232323 299.962217 299.962304
0.323232 0.237374 299.972970 299.973047
0.323232 0.242424 299.983751 299.983817
0.323232 0.247475 299.994548 299.994604
0.323232 0.252525 300.005350 300.005396
0.323232 0.257576 300.016148 300.016183
0.323232 0.262626 300.026928 300.026953
0.323232 0.267677 300.037682 300.037696
0.323232 0.272727 300.048397 300.048402
0.323232 0.277778 300.059064 300.059058
0.323232 0.282828 300.069672 300.069655
0.323232 0.287879 300.080209 300.080182
0.323232 0.292929 300.090665 300.090629
0.323232 0.297980 300.101030 300.100984
0.323232 0.303030 300.111294 300.111238
0.323232 0.308081 300.121445 300.121379
0.323232 0.313131 300.131474 300.131399
0.323232 0.318182 300.141371 300.141286
0.323232 0.323232 300.151125 300.151031
0.323232 0.328283 300.160727 300.160624
0.323232 0.333333 300.170168 300.170055
0.323232 0.338384 300.179437 300.179315
0.323232 0.343434 300.188525 300.188395
0.323232 0.348485 300.197424 300.197285
0.323232 0.353535 300.206123 300.205976
0.323232 0.358586 300.214616 300.214460
0.323232 0.363636 300.222892 300.222728
0.323232 0.368687 300.230944 300.230772
0.323232 0.373737 300.238763 300.238584
0.323232 0.378788 300.246341 300.246155
0.323232 0.383838 300.253672 300.253479
0.323232 0.388889 300.260747 300.260547
0.323232 0.393939 300.267560 300.267353
0.323232 0.398990 300.274103 300.273890
0.323232 0.404040 300.280371 300.280151
0.323232 0.409091 300.286355 300.286131
0.323232 0.414141 300.292052 300.291822
0.323232 0.419192 300.297454 300.297219
0.323232 0.424242 300.302557 300.302317
0.323232 0.429293 300.307355 300.307110
0.323232 0.434343 300.311844 300.311594
0.323232 0.439394 300.316018 300.315765
0.323232 0.444444 300.319874 300.319617
0.323232 0.449495 300.323409 300.323148
0.323232 0.454545 300.326617 300.326353
0.323232 0.459596 300.329496 300.329230
0.323232 0.464646 300.332044 300.331775
0.323232 0.469697 300.334257 300.333985
0.323232 0.474747 300.336133 300.335860
0.323232 0.479798 300.337671 300.337396
0.323232 0.484848 300.338869 300.338593
0.323232 0.489899 300.339725 300.339448
0.323232 0.494949 300.340239 300.339962
0.323232 0.500000 300.340410 300.340133
0.333333 0.000000 299.636424 299.636822
0.333333 0.005051 299.636607 299.637005
0.333333 0.010101 299.637156 299.637553
0.333333 0.015152 299.638071 299.638467
0.333333 0.020202 299.639350 299.639745
0.333333 0.025253 299.640992 299.641385
0.333333 0.030303 299.642995 299.643386
0.333333 0.035354 299.645358 299.645747
0.333333 0.040404 299.648078 299.648465
0.333333 0.045455 299.651153 299.651536
0.333333 0.050505 299.654578 299.654959
0.333333 0.055556 299.658352 299.658729
0.333333 0.060606 299.662469 299.662842
0.333333 0.065657 299.666927 299.667295
0.333333 0.070707 299.671720 299.672083
0.333333 0.075758 299.676843 299.677202
0.333333 0.080808 299.682291 299.682645
0.333333 0.085859 299.688060 299.688408
0.333333 0.090909 299.694142 299.694485
0.333333 0.095960 299.700533 299.700869
0.333333 0.101010 299.707224 299.707554
0.333333 0.106061 299.714211 299.714534
0.333333 0.111111 299.721485 299.721801
0.333333 0.116162 299.729040 299.729349
0.333333 0.121212 299.736867 299.737169
0.333333 0.126263 299.744959 299.745253
0.333333 0.131313 299.753308 299.753594
0.333333 0.136364 299.761905 299.762183
0.333333 0.141414 299.770742 299.771012
0.333333 0.146465 299.779810 299.780070
0.333333 0.151515 299.789099 299.789351
0.333333 0.156566 299.798600 299.798843
0.333333 0.161616 299.808304 299.808538
0.333333 0.166667 299.818201 299.818425
0.333333 0.171717 299.828281 299.828495
0.333333 0.176768 299.838533 299.838738
0.333333 0.181818 299.848948 299.849143
0.333333 0.186869 299.859515 299.859700
0.333333 0.191919 299.870224 299.870399
0.333333 0.196970 299.881063 299.881227
0.333333 0.202020 299.892021 299.892175
0.333333 0.207071 299.903088 299.903232
0.333333 0.212121 299.914253 299.914386
0.333333 0.217172 299.925504 299.925626
0.333333 0.222222 299.936830 299.936941
0.333333 0.227273 299.948219 299.948320
0.333333 0.232323 299.959660 299.959750
0.333333 0.237374 299.971142 299.971221
0.333333 0.242424 299.982653 299.982721
0.333333 0.247475 299.994181 299.994238
0.333333 0.252525 300.005715 300.005762
0.333333 0.257576 300.017244 300.017279
0.333333 0.262626 300.028754 300.028779
0.333333 0.267677 300.040236 300.040250
0.333333 0.272727 300.051678 300.051680
0.333333 0.277778 300.063067 300.063059
0.333333 0.282828 300.074393 300.074374
0.333333 0.287879 300.085644 300.085614
0.333333 0.292929 300.096808 300.096768
0.333333 0.297980 300.107875 300.107825
0.333333 0.303030 300.118834 300.118773
0.333333 0.308081 300.129673 300.129601
0.333333 0.313131 300.140381 300.140300
0.333333 0.318182 300.150948 300.150857
0.333333 0.323232 300.161363 300.161262
0.333333 0.328283 300.171616 300.171505
0.333333 0.333333 300.181696 300.181575
0.333333 0.338384 300.191592 300.191462
0.333333 0.343434 300.201296 300.201157
0.333333 0.348485 300.210798 300.210649
0.333333 0.353535 300.220087 300.219930
0.333333 0.358586 300.229154 300.228988
0.333333 0.363636 300.237991 300.237817
0.333333 0.368687 300.246588 300.246406
0.333333 0.373737 300.254937 300.254747
0.333333 0.378788 300.263029 300.262831
0.333333 0.383838 300.270857 300.270651
0.333333 0.388889 300.278411 300.278199
0.333333 0.393939 300.285686 300.285466
0.333333 0.398990 300.292672 300.292446
0.333333 0.404040 300.299364 300.299131
0.333333 0.409091 300.305754 300.305515
0.333333 0.414141 300.311837 300.311592
0.333333 0.419192 300.317605 300.317355
0.333333 0.424242 300.323054 300.322798
0.333333 0.429293 300.328177 300.327917
0.333333 0.434343 300.332970 300.332705
0.333333 0.439394 300.337427 300.337158
0.333333 0.444444 300.341545 300.341271
0.333333 0.449495 300.345318 300.345041
0.333333 0.454545 300.348744 300.348464
0.333333 0.459596 300.351818 300.351535
0.333333 0.464646 300.354538 300.354253
0.333333 0.469697 300.356901 300.356614
0.333333 0.474747 300.358905 300.358615
0.333333 0.479798 300.360547 300.360255
0.333333 0.484848 300.361826 300.361533
0.333333 0.489899 300.362740 300.362447
0.333333 0.494949 300.363289 300.362995
0.333333 0.500000 300.363472 300.363178
0.343434 0.000000 299.611896 299.612314
0.343434 0.005051 299.612092 299.612509
0.343434 0.010101 299.612678 299.613094
0.343434 0.015152 299.613654 299.614069
0.343434 0.020202 299.615019 299.615433
0.343434 0.025253 299.616772 299.617185
0.343434 0.030303 299.618911 299.619321
0.343434 0.035354 299.621433 299.621841
0.343434 0.040404 299.624337 299.624742
0.343434 0.045455 299.627619 299.628021
0.343434 0.050505 299.631276 299.631675
0.343434 0.055556 299.635304 299.635699
0.343434 0.060606 299.639699 299.640090
0.343434 0.065657 299.644458 299.644844
0.343434 0.070707 299.649574 299.649955
0.343434 0.075758 299.655043 299.655419
0.343434 0.080808 299.660859 299.661230
0.343434 0.085859 299.667017 299.667382
0.343434 0.090909 299.673510 299.673869
0.343434 0.095960 299.680331 299.680684
0.343434 0.101010 299.687475 299.687821
0.343434 0.106061 299.694933 299.695272
0.343434 0.111111 299.702698 299.703029
0.343434 0.116162 299.710762 299.711086
0.343434 0.121212 299.719118 299.719434
0.343434 0.126263 299.727756 299.728064
0.343434 0.131313 299.736668 299.736968
0.343434 0.136364 299.745846 299.746136
0.343434 0.141414 299.755279 299.755561
0.343434 0.146465 299.764958 299.765231
0.343434 0.151515 299.774874 299.775137
0.343434 0.156566 299.785016 299.785270
0.343434 0.161616 299.795375 299.795619
0.343434 0.166667 299.805940 299.806174
0.343434 0.171717 299.816699 299.816924
0.343434 0.176768 299.827644 299.827858
0.343434 0.181818 299.838761 299.838965
0.343434 0.186869 299.850041 299.850234
0.343434 0.191919 299.861472 299.861654
0.343434 0.196970 299.873042 299.873214
0.343434 0.202020 299.884740 299.884900
0.343434 0.207071 299.896554 299.896703
0.343434 0.212121 299.908471 299.908610
0.343434 0.217172 299.920481 299.920608
0.343434 0.222222 299.932571 299.932687
0.343434 0.227273 299.944729 299.944833
0.343434 0.232323 299.956942 299.957035
0.343434 0.237374 299.969198 299.969279
0.343434 0.242424 299.981485 299.981555
0.343434 0.247475 299.993791 299.993850
0.343434 0.252525 300.006103 300.006150
0.343434 0.257576 300.018409 300.018445
0.343434 0.262626 300.030697 300.030721
0.343434 0.267677 300.042953 300.042965
0.343434 0.272727 300.055166 300.055167
0.343434 0.277778 300.067324 300.067313
0.343434 0.282828 300.079414 300.079392
0.343434 0.287879 300.091423 300.091390
0.343434 0.292929 300.103341 300.103297
0.343434 0.297980 300.115155 300.115100
0.343434 0.303030 300.126853 300.126786
0.343434 0.308081 300.138423 300.138346
0.343434 0.313131 300.149854 300.149766
0.343434 0.318182 300.161133 300.161035
0.343434 0.323232 300.172251 300.172142
0.343434 0.328283 300.183195 300.183076
0.343434 0.333333 300.193955 300.193826
0.343434 0.338384 300.204520 300.204381
0.343434 0.343434 300.214879 300.214730
0.343434 0.348485 300.225021 300.224863
0.343434 0.353535 300.234937 300.234769
0.343434 0.358586 300.244616 300.244439
0.343434 0.363636 300.254049 300.253864
0.343434 0.368687 300.263226 300.263032
0.343434 0.373737 300.272139 300.271936
0.343434 0.378788 300.280777 300.280566
0.343434 0.383838 300.289132 300.288914
0.343434 0.388889 300.297197 300.296971
0.343434 0.393939 300.304962 300.304728
0.343434 0.398990 300.312420 300.312179
0.343434 0.404040 300.319563 300.319316
0.343434 0.409091 300.326385 300.326131
0.343434 0.414141 300.332878 300.332618
0.343434 0.419192 300.339036 300.338770
0.343434 0.424242 300.344852 300.344581
0.343434 0.429293 300.350321 300.350045
0.343434 0.434343 300.355437 300.355156
0.343434 0.439394 300.360195 300.359910
0.343434 0.444444 300.364591 300.364301
0.343434 0.449495 300.368619 300.368325
0.343434 0.454545 300.372276 300.371979
0.343434 0.459596 300.375558 300.375258
0.343434 0.464646 300.378462 300.378159
0.343434 0.469697 300.380984 300.380679
0.343434 0.474747 300.383123 300.382815
0.343434 0.479798 300.384876 300.384567
0.343434 0.484848 300.386241 300.385931
0.343434 0.489899 300.387217 300.386906
0.343434 0.494949 300.387803 300.387491
0.343434 0.500000 300.387998 300.387686
0.353535 0.000000 299.585805 299.586243
0.353535 0.005051 299.586014 299.586451
0.353535 0.010101 299.586639 299.587076
0.353535 0.015152 299.587681 299.588117
0.353535 0.020202 299.589138 299.589572
0.353535 0.025253 299.591009 299.591441
0.353535 0.030303 299.593291 299.593722
0.353535 0.035354 299.595983 299.596411
0.353535 0.040404 299.599082 299.599507
0.353535 0.045455 299.602585 299.603007
0.353535 0.050505 299.606488 299.606906
0.353535 0.055556 299.610787 299.611201
0.353535 0.060606 299.615478 299.615888
0.353535 0.065657 299.620557 299.620962
0.353535 0.070707 299.626017 299.626417
0.353535 0.075758 299.631854 299.632248
0.353535 0.080808 299.638061 299.638450
0.353535 0.085859 299.644633 299.645016
0.353535 0.090909 299.651563 299.651939
0.353535 0.095960 299.658843 299.659212
0.353535 0.101010 299.666467 299.666829
0.353535 0.106061 299.674427 299.674781
0.353535 0.111111 299.682714 299.683061
0.353535 0.116162 299.691321 299.691660
0.353535 0.121212 299.700238 299.700569
0.353535 0.126263 299.709457 299.709779
0.353535 0.131313 299.718969 299.719282
0.353535 0.136364 299.728763 299.729067
0.353535 0.141414 299.738830 299.739125
0.353535 0.146465 299.749160 299.749446
0.353535 0.151515 299.759743 299.760018
0.353535 0.156566 299.770567 299.770833
0.353535 0.161616 299.781622 299.781878
0.353535 0.166667 299.792897 299.793142
0.353535 0.171717 299.804380 299.804615
0.353535 0.176768 299.816060 299.816284
0.353535 0.181818 299.827926 299.828138
0.353535 0.186869 299.839964 299.840165
0.353535 0.191919 299.852163 299.852353
0.353535 0.196970 299.864511 299.864689
0.353535 0.202020 299.876995 299.877162
0.353535 0.207071 299.889603 299.889758
0.353535 0.212121 299.902322 299.902465
0.353535 0.217172 299.915139 299.915271
0.353535 0.222222 299.928041 299.928161
0.353535 0.227273 299.941016 299.941124
0.353535 0.232323 299.954050 299.954146
0.353535 0.237374 299.967130 299.967214
0.353535 0.242424 299.980244 299.980315
0.353535 0.247475 299.993377 299.993436
0.353535 0.252525 300.006516 300.006564
0.353535 0.257576 300.019649 300.019685
0.353535 0.262626 300.032763 300.032786
0.353535 0.267677 300.045843 300.045854
0.353535 0.272727 300.058877 300.058876
0.353535 0.277778 300.071852 300.071839
0.353535 0.282828 300.084754 300.084729
0.353535 0.287879 300.097571 300.097535
0.353535 0.292929 300.110290 300.110242
0.353535 0.297980 300.122898 300.122838
0.353535 0.303030 300.135382 300.135311
0.353535 0.308081 300.147730 300.147647
0.353535 0.313131 300.159929 300.159835
0.353535 0.318182 300.171968 300.171862
0.353535 0.323232 300.183833 300.183716
0.353535 0.328283 300.195513 300.195385
0.353535 0.333333 300.206996 300.206858
0.353535 0.338384 300.218271 300.218122
0.353535 0.343434 300.229326 300.229167
0.353535 0.348485 300.240150 300.239982
0.353535 0.353535 300.250733 300.250554
0.353535 0.358586 300.261063 300.260875
0.353535 0.363636 300.271130 300.270933
0.353535 0.368687 300.280925 300.280718
0.353535 0.373737 300.290436 300.290221
0.353535 0.378788 300.299655 300.299431
0.353535 0.383838 300.308573 300.308340
0.353535 0.388889 300.317179 300.316939
0.353535 0.393939 300.325467 300.325219
0.353535 0.398990 300.333426 300.333171
0.353535 0.404040 300.341050 300.340788
0.353535 0.409091 300.348330 300.348061
0.353535 0.414141 300.355260 300.354984
0.353535 0.419192 300.361832 300.361550
0.353535 0.424242 300.368039 300.367752
0.353535 0.429293 300.373876 300.373583
0.353535 0.434343 300.379337 300.379038
0.353535 0.439394 300.384415 300.384112
0.353535 0.444444 300.389106 300.388799
0.353535 0.449495 300.393405 300.393094
0.353535 0.454545 300.397308 300.396993
0.353535 0.459596 300.400811 300.400493
0.353535 0.464646 300.403910 300.403589
0.353535 0.469697 300.406602 300.406278
0.353535 0.474747 300.408884 300.408559
0.353535 0.479798 300.410755 300.410428
0.353535 0.484848 300.412212 300.411883
0.353535 0.489899 300.413254 300.412924
0.353535 0.494949 300.413879 300.413549
0.353535 0.500000 300.414088 300.413757
0.363636 0.000000 299.558045 299.558504
0.363636 0.005051 299.558268 299.558726
0.363636 0.010101 299.558935 299.559393
0.363636 0.015152 299.560047 299.560504
0.363636 0.020202 299.561602 299.562057
0.363636 0.025253 299.563598 299.564051
0.363636 0.030303 299.566034 299.566485
0.363636 0.035354 299.568906 299.569355
0.363636 0.040404 299.572213 299.572659
0.363636 0.045455 299.575951 299.576393
0.363636 0.050505 299.580115 299.580554
0.363636 0.055556 299.584703 299.585137
0.363636 0.060606 299.589709 299.590138
0.363636 0.065657 299.595127 299.595552
0.363636 0.070707 299.600954 299.601373
0.363636 0.075758 299.607182 299.607595
0.363636 0.080808 299.613806 299.614213
0.363636 0.085859 299.620818 299.621219
0.363636 0.090909 299.628213 299.628606
0.363636 0.095960 299.635981 299.636368
0.363636 0.101010 299.644116 299.644495
0.363636 0.106061 299.652609 299.652981
0.363636 0.111111 299.661452 299.661816
0.363636 0.116162 299.670636 299.670991
0.363636 0.121212 299.680151 299.680497
0.363636 0.126263 299.689988 299.690325
0.363636 0.131313 299.700137 299.700465
0.363636 0.136364 299.710588 299.710907
0.363636 0.141414 299.721330 299.721639
0.363636 0.146465 299.732353 299.732651
0.363636 0.151515 299.743645 299.743933
0.363636 0.156566 299.755195 299.755472
0.363636 0.161616 299.766991 299.767258
0.363636 0.166667 299.779021 299.779277
0.363636 0.171717 299.791274 299.791519
0.363636 0.176768 299.803737 299.803970
0.363636 0.181818 299.816397 299.816619
0.363636 0.186869 299.829242 299.829452
0.363636 0.191919 299.842259 299.842457
0.363636 0.196970 299.855434 299.855620
0.363636 0.202020 299.868755 299.868929
0.363636 0.207071 299.882208 299.882369
0.363636 0.212121 299.895779 299.895928
0.363636 0.217172 299.909455 299.909592
0.363636 0.222222 299.923222 299.923346
0.363636 0.227273 299.937066 299.937178
0.363636 0.232323 299.950974 299.951073
0.363636 0.237374 299.964931 299.965017
0.363636 0.242424 299.978923 299.978996
0.363636 0.247475 299.992936 299.992996
0.363636 0.252525 300.006956 300.007004
0.363636 0.257576 300.020969 300.021004
0.363636 0.262626 300.034961 300.034983
0.363636 0.267677 300.048918 300.048927
0.363636 0.272727 300.062825 300.062822
0.363636 0.277778 300.076669 300.076654
0.363636 0.282828 300.090436 300.090408
0.363636 0.287879 300.104112 300.104072
0.363636 0.292929 300.117684 300.117631
0.363636 0.297980 300.131136 300.131071
0.363636 0.303030 300.144457 300.144380
0.363636 0.308081 300.157632 300.157543
0.363636 0.313131 300.170649 300.170548
0.363636 0.318182 300.183494 300.183381
0.363636 0.323232 300.196154 300.196030
0.363636 0.328283 300.208617 300.208481
0.363636 0.333333 300.220870 300.220723
0.363636 0.338384 300.232901 300.232742
0.363636 0.343434 300.244697 300.244528
0.363636 0.348485 300.256247 300.256067
0.363636 0.353535 300.267538 300.267349
0.363636 0.358586 300.278561 300.278361
0.363636 0.363636 300.289303 300.289093
0.363636 0.368687 300.299754 300.299535
0.363636 0.373737 300.309903 300.309675
0.363636 0.378788 300.319740 300.319503
0.363636 0.383838 300.329256 300.329009
0.363636 0.388889 300.338439 300.338184
0.363636 0.393939 300.347282 300.347019
0.363636 0.398990 300.355775 300.355505
0.363636 0.404040 300.363910 300.363632
0.363636 0.409091 300.371679 300.371394
0.363636 0.414141 300.379073 300.378781
0.363636 0.419192 300.386086 300.385787
0.363636 0.424242 300.392709 300.392405
0.363636 0.429293 300.398938 300.398627
0.363636 0.434343 300.404764 300.404448
0.363636 0.439394 300.410183 300.409862
0.363636 0.444444 300.415189 300.414863
0.363636 0.449495 300.419776 300.419446
0.363636 0.454545 300.423941 300.423607
0.363636 0.459596 300.427678 300.427341
0.363636 0.464646 300.430985 300.430645
0.363636 0.469697 300.433858 300.433515
0.363636 0.474747 300.436294 300.435949
0.363636 0.479798 300.438290 300.437943
0.363636 0.484848 300.439844 300.439496
0.363636 0.489899 300.440956 300.440607
0.363636 0.494949 300.441624 300.441274
0.363636 0.500000 300.441846 300.441496
0.373737 0.000000 299.528505 299.528986
0.373737 0.005051 299.528743 299.529223
0.373737 0.010101 299.529455 299.529935
0.373737 0.015152 299.530641 299.531120
0.373737 0.020202 299.532300 299.532777
0.373737 0.025253 299.534429 299.534904
0.373737 0.030303 299.537028 299.537501
0.373737 0.035354 299.540093 299.540563
0.373737 0.040404 299.543621 299.544088
0.373737 0.045455 299.547608 299.548072
0.373737 0.050505 299.552052 299.552511
0.373737 0.055556 299.556946 299.557401
0.373737 0.060606 299.562286 299.562736
0.373737 0.065657 299.568068 299.568512
0.373737 0.070707 299.574284 299.574722
0.373737 0.075758 299.580928 299.581361
0.373737 0.080808 299.587995 299.588421
0.373737 0.085859 299.595477 299.595896
0.373737 0.090909 299.603365 299.603778
0.373737 0.095960 299.611653 299.612058
0.373737 0.101010 299.620332 299.620729
0.373737 0.106061 299.629393 299.629782
0.373737 0.111111 299.638828 299.639208
0.373737 0.116162 299.648625 299.648997
0.373737 0.121212 299.658777 299.659139
0.373737 0.126263 299.669272 299.669624
0.373737 0.131313 299.680099 299.680442
0.373737 0.136364 299.691249 299.691582
0.373737 0.141414 299.702709 299.703032
0.373737 0.146465 299.714468 299.714780
0.373737 0.151515 299.726515 299.726816
0.373737 0.156566 299.738837 299.739127
0.373737 0.161616 299.751422 299.751700
0.373737 0.166667 299.764256 299.764523
0.373737 0.171717 299.777328 299.777583
0.373737 0.176768 299.790624 299.790867
0.373737 0.181818 299.804130 299.804361
0.373737 0.186869 299.817834 299.818053
0.373737 0.191919 299.831721 299.831927
0.373737 0.196970 299.845776 299.845970
0.373737 0.202020 299.859987 299.860168
0.373737 0.207071 299.874339 299.874507
0.373737 0.212121 299.888817 299.888972
0.373737 0.217172 299.903407 299.903549
0.373737 0.222222 299.918094 299.918223
0.373737 0.227273 299.932864 299.932979
0.373737 0.232323 299.947701 299.947802
0.373737 0.237374 299.962590 299.962679
0.373737 0.242424 299.977517 299.977592
0.373737 0.247475 299.992466 299.992528
0.373737 0.252525 300.007424 300.007472
0.373737 0.257576 300.022373 300.022408
0.373737 0.262626 300.037300 300.037321
0.373737 0.267677 300.052189 300.052198
0.373737 0.272727 300.067026 300.067021
0.373737 0.277778 300.081796 300.081777
0.373737 0.282828 300.096483 300.096451
0.373737 0.287879 300.111073 300.111028
0.373737 0.292929 300.125551 300.125493
0.373737 0.297980 300.139903 300.139832
0.373737 0.303030 300.154114 300.154030
0.373737 0.308081 300.168169 300.168073
0.373737 0.313131 300.182056 300.181947
0.373737 0.318182 300.195760 300.195639
0.373737 0.323232 300.209266 300.209133
0.373737 0.328283 300.222562 300.222417
0.373737 0.333333 300.235634 300.235477
0.373737 0.338384 300.248468 300.248300
0.373737 0.343434 300.261053 300.260873
0.373737 0.348485 300.273375 300.273184
0.373737 0.353535 300.285422 300.285220
0.373737 0.358586 300.297181 300.296968
0.373737 0.363636 300.308641 300.308418
0.373737 0.368687 300.319791 300.319558
0.373737 0.373737 300.330618 300.330376
0.373737 0.378788 300.341113 300.340861
0.373737 0.383838 300.351265 300.351003
0.373737 0.388889 300.361062 300.360792
0.373737 0.393939 300.370497 300.370218
0.373737 0.398990 300.379558 300.379271
0.373737 0.404040 300.388237 300.387942
0.373737 0.409091 300.396525 300.396222
0.373737 0.414141 300.404413 300.404104
0.373737 0.419192 300.411895 300.411579
0.373737 0.424242 300.418962 300.418639
0.373737 0.429293 300.425606 300.425278
0.373737 0.434343 300.431822 300.431488
0.373737 0.439394 300.437604 300.437264
0.373737 0.444444 300.442944 300.442599
0.373737 0.449495 300.447838 300.447489
0.373737 0.454545 300.452282 300.451928
0.373737 0.459596 300.456269 300.455912
0.373737 0.464646 300.459797 300.459437
0.373737 0.469697 300.462862 300.462499
0.373737 0.474747 300.465461 300.465096
0.373737 0.479798 300.467590 300.467223
0.373737 0.484848 300.469249 300.468880
0.373737 0.489899 300.470435 300.470065
0.373737 0.494949 300.471147 300.470777
0.373737 0.500000 300.471385 300.471014
0.383838 0.000000 299.497066 299.497569
0.383838 0.005051 299.497319 299.497822
0.383838 0.010101 299.498079 299.498581
0.383838 0.015152 299.499344 299.499845
0.383838 0.020202 299.501113 299.501613
0.383838 0.025253 299.503385 299.503883
0.383838 0.030303 299.506157 299.506652
0.383838 0.035354 299.509427 299.509919
0.383838 0.040404 299.513190 299.513679
0.383838 0.045455 299.517444 299.517929
0.383838 0.050505 299.522184 299.522664
0.383838 0.055556 299.527404 299.527880
0.383838 0.060606 299.533101 299.533572
0.383838 0.065657 299.539268 299.539733
0.383838 0.070707 299.545899 299.546358
0.383838 0.075758 299.552987 299.553440
0.383838 0.080808 299.560525 299.560972
0.383838 0.085859 299.568506 299.568945
0.383838 0.090909 299.576921 299.577353
0.383838 0.095960 299.585762 299.586186
0.383838 0.101010 299.595020 299.595435
0.383838 0.106061 299.604685 299.605092
0.383838 0.111111 299.614749 299.615147
0.383838 0.116162 299.625200 299.625589
0.383838 0.121212 299.636029 299.636408
0.383838 0.126263 299.647224 299.647592
0.383838 0.131313 299.658773 299.659132
0.383838 0.136364 299.670667 299.671014
0.383838 0.141414 299.682891 299.683228
0.383838 0.146465 299.695435 299.695761
0.383838 0.151515 299.708285 299.708599
0.383838 0.156566 299.721428 299.721731
0.383838 0.161616 299.734852 299.735143
0.383838 0.166667 299.748543 299.748821
0.383838 0.171717 299.762486 299.762752
0.383838 0.176768 299.776669 299.776922
0.383838 0.181818 299.791076 299.791316
0.383838 0.186869 299.805693 299.805920
0.383838 0.191919 299.820505 299.820720
0.383838 0.196970 299.835498 299.835700
0.383838 0.202020 299.850657 299.850845
0.383838 0.207071 299.865965 299.866140
0.383838 0.212121 299.881409 299.881569
0.383838 0.217172 299.896971 299.897118
0.383838 0.222222 299.912637 299.912770
0.383838 0.227273 299.928391 299.928510
0.383838 0.232323 299.944217 299.944322
0.383838 0.237374 299.960099 299.960190
0.383838 0.242424 299.976021 299.976098
0.383838 0.247475 299.991967 299.992030
0.383838 0.252525 300.007921 300.007970
0.383838 0.257576 300.023867 300.023902
0.383838 0.262626 300.039790 300.039810
0.383838 0.267677 300.055671 300.055678
0.383838 0.272727 300.071497 300.071490
0.383838 0.277778 300.087251 300.087230
0.383838 0.282828 300.102917 300.102882
0.383838 0.287879 300.118480 300.118431
0.383838 0.292929 300.133923 300.133860
0.383838 0.297980 300.149232 300.149155
0.383838 0.303030 300.164390 300.164300
0.383838 0.308081 300.179383 300.179280
0.383838 0.313131 300.194196 300.194080
0.383838 0.318182 300.208813 300.208684
0.383838 0.323232 300.223220 300.223078
0.383838 0.328283 300.237402 300.237248
0.383838 0.333333 300.251346 300.251179
0.383838 0.338384 300.265036 300.264857
0.383838 0.343434 300.278460 300.278269
0.383838 0.348485 300.291604 300.291401
0.383838 0.353535 300.304454 300.304239
0.383838 0.358586 300.316997 300.316772
0.383838 0.363636 300.329222 300.328986
0.383838 0.368687 300.341115 300.340868
0.383838 0.373737 300.352665 300.352408
0.383838 0.378788 300.363860 300.363592
0.383838 0.383838 300.374688 300.374411
0.383838 0.388889 300.385140 300.384853
0.383838 0.393939 300.395203 300.394908
0.383838 0.398990 300.404869 300.404565
0.383838 0.404040 300.414127 300.413814
0.383838 0.409091 300.422968 300.422647
0.383838 0.414141 300.431383 300.431055
0.383838 0.419192 300.439363 300.439028
0.383838 0.424242 300.446902 300.446560
0.383838 0.429293 300.453990 300.453642
0.383838 0.434343 300.460621 300.460267
0.383838 0.439394 300.466787 300.466428
0.383838 0.444444 300.472484 300.472120
0.383838 0.449495 300.477705 300.477336
0.383838 0.454545 300.482445 300.482071
0.383838 0.459596 300.486699 300.486321
0.383838 0.464646 300.490462 300.490081
0.383838 0.469697 300.493731 300.493348
0.383838 0.474747 300.496503 300.496117
0.383838 0.479798 300.498775 300.498387
0.383838 0.484848 300.500545 300.500155
0.383838 0.489899 300.501810 300.501419
0.383838 0.494949 300.502569 300.502178
0.383838 0.500000 300.502823 300.502431
0.393939 0.000000 299.463600 299.464128
0.393939 0.005051 299.463871 299.464397
0.393939 0.010101 299.464681 299.465207
0.393939 0.015152 299.466030 299.466555
0.393939 0.020202 299.467917 299.468441
0.393939 0.025253 299.470341 299.470862
0.393939 0.030303 299.473297 299.473816
0.393939 0.035354 299.476784 299.477300
0.393939 0.040404 299.480798 299.481310
0.393939 0.045455 299.485335 299.485843
0.393939 0.050505 299.490391 299.490894
0.393939 0.055556 299.495959 299.496458
0.393939 0.060606 299.502035 299.502528
0.393939 0.065657 299.508613 299.509100
0.393939 0.070707 299.515685 299.516166
0.393939 0.075758 299.523246 299.523720
0.393939 0.080808 299.531286 299.531753
0.393939 0.085859 299.539798 299.540257
0.393939 0.090909 299.548773 299.549224
0.393939 0.095960 299.558203 299.558646
0.393939 0.101010 299.568077 299.568511
0.393939 0.106061 299.578386 299.578811
0.393939 0.111111 299.589119 299.589535
0.393939 0.116162 299.600266 299.600672
0.393939 0.121212 299.611816 299.612212
0.393939 0.126263 299.623756 299.624141
0.393939 0.131313 299.636074 299.636449
0.393939 0.136364 299.648759 299.649122
0.393939 0.141414 299.661797 299.662149
0.393939 0.146465 299.675176 299.675516
0.393939 0.151515 299.688881 299.689209
0.393939 0.156566 299.702899 299.703215
0.393939 0.161616 299.717216 299.717519
0.393939 0.166667 299.731818 299.732108
0.393939 0.171717 299.746689 299.746966
0.393939 0.176768 299.761815 299.762079
0.393939 0.181818 299.777180 299.777431
0.393939 0.186869 299.792770 299.793007
0.393939 0.191919 299.808568 299.808791
0.393939 0.196970 299.824558 299.824768
0.393939 0.202020 299.840725 299.840921
0.393939 0.207071 299.857052 299.857233
0.393939 0.212121 299.873523 299.873690
0.393939 0.217172 299.890121 299.890273
0.393939 0.222222 299.906829 299.906967
0.393939 0.227273 299.923631 299.923754
0.393939 0.232323 299.940510 299.940618
0.393939 0.237374 299.957448 299.957541
0.393939 0.242424 299.974429 299.974508
0.393939 0.247475 299.991436 299.991500
0.393939 0.252525 300.008451 300.008500
0.393939 0.257576 300.025458 300.025492
0.393939 0.262626 300.042439 300.042459
0.393939 0.267677 300.059378 300.059382
0.393939 0.272727 300.076256 300.076246
0.393939 0.277778 300.093058 300.093033
0.393939 0.282828 300.109767 300.109727
0.393939 0.287879 300.126364 300.126310
0.393939 0.292929 300.142835 300.142767
0.393939 0.297980 300.159162 300.159079
0.393939 0.303030 300.175329 300.175232
0.393939 0.308081 300.191319 300.191209
0.393939 0.313131 300.207117 300.206993
0.393939 0.318182 300.222707 300.222569
0.393939 0.323232 300.238073 300.237921
0.393939 0.328283 300.253199 300.253034
0.393939 0.333333 300.268070 300.267892
0.393939 0.338384 300.282671 300.282481
0.393939 0.343434 300.296988 300.296785
0.393939 0.348485 300.311007 300.310791
0.393939 0.353535 300.324712 300.324484
0.393939 0.358586 300.338090 300.337851
0.393939 0.363636 300.351128 300.350878
0.393939 0.368687 300.363813 300.363551
0.393939 0.373737 300.376132 300.375859
0.393939 0.378788 300.388072 300.387788
0.393939 0.383838 300.399621 300.399328
0.393939 0.388889 300.410768 300.410465
0.393939 0.393939 300.421501 300.421189
0.393939 0.398990 300.431811 300.431489
0.393939 0.404040 300.441685 300.441354
0.393939 0.409091 300.451114 300.450776
0.393939 0.414141 300.460090 300.459743
0.393939 0.419192 300.468602 300.468247
0.393939 0.424242 300.476642 300.476280
0.393939 0.429293 300.484202 300.483834
0.393939 0.434343 300.491274 300.490900
0.393939 0.439394 300.497852 300.497472
0.393939 0.444444 300.503928 300.503542
0.393939 0.449495 300.509497 300.509106
0.393939 0.454545 300.514552 300.514157
0.393939 0.459596 300.519089 300.518690
0.393939 0.464646 300.523103 300.522700
0.393939 0.469697 300.526590 300.526184
0.393939 0.474747 300.529547 300.529138
0.393939 0.479798 300.531970 300.531559
0.393939 0.484848 300.533857 300.533445
0.393939 0.489899 300.535207 300.534793
0.393939 0.494949 300.536017 300.535603
0.393939 0.500000 300.536287 300.535872
0.404040 0.000000 299.427974 299.428526
0.404040 0.005051 299.428262 299.428813
0.404040 0.010101 299.429126 299.429677
0.404040 0.015152 299.430565 299.431115
0.404040 0.020202 299.432578 299.433125
0.404040 0.025253 299.435162 299.435707
0.404040 0.030303 299.438315 299.438858
0.404040 0.035354 299.442034 299.442574
0.404040 0.040404 299.446315 299.446851
0.404040 0.045455 299.451154 299.451685
0.404040 0.050505 299.456545 299.457072
0.404040 0.055556 299.462484 299.463005
0.404040 0.060606 299.468964 299.469480
0.404040 0.065657 299.475979 299.476488
0.404040 0.070707 299.483521 299.484024
0.404040 0.075758 299.491584 299.492080
0.404040 0.080808 299.500158 299.500647
0.404040 0.085859 299.509236 299.509717
0.404040 0.090909 299.518808 299.519280
0.404040 0.095960 299.528864 299.529328
0.404040 0.101010 299.539395 299.539849
0.404040 0.106061 299.550389 299.550834
0.404040 0.111111 299.561836 299.562270
0.404040 0.116162 299.573723 299.574148
0.404040 0.121212 299.586040 299.586454
0.404040 0.126263 299.598773 299.599176
0.404040 0.131313 299.611910 299.612302
0.404040 0.136364 299.625438 299.625817
0.404040 0.141414 299.639342 299.639710
0.404040 0.146465 299.653609 299.653964
0.404040 0.151515 299.668225 299.668567
0.404040 0.156566 299.683174 299.683504
0.404040 0.161616 299.698442 299.698759
0.404040 0.166667 299.714013 299.714316
0.404040 0.171717 299.729872 299.730162
0.404040 0.176768 299.746003 299.746278
0.404040 0.181818 299.762389 299.762650
0.404040 0.186869 299.779014 299.779261
0.404040 0.191919 299.795861 299.796093
0.404040 0.196970 299.812913 299.813131
0.404040 0.202020 299.830153 299.830356
0.404040 0.207071 299.847565 299.847752
0.404040 0.212121 299.865129 299.865302
0.404040 0.217172 299.882829 299.882986
0.404040 0.222222 299.900646 299.900789
0.404040 0.227273 299.918564 299.918691
0.404040 0.232323 299.936563 299.936674
0.404040 0.237374 299.954626 299.954722
0.404040 0.242424 299.972735 299.972815
0.404040 0.247475 299.990871 299.990935
0.404040 0.252525 300.009016 300.009065
0.404040 0.257576 300.027152 300.027185
0.404040 0.262626 300.045260 300.045278
0.404040 0.267677 300.063323 300.063326
0.404040 0.272727 300.081322 300.081309
0.404040 0.277778 300.099240 300.099211
0.404040 0.282828 300.117058 300.117014
0.404040 0.287879 300.134757 300.134698
0.404040 0.292929 300.152322 300.152248
0.404040 0.297980 300.169733 300.169644
0.404040 0.303030 300.186973 300.186869
0.404040 0.308081 300.204026 300.203907
0.404040 0.313131 300.220873 300.220739
0.404040 0.318182 300.237497 300.237350
0.404040 0.323232 300.253883 300.253722
0.404040 0.328283 300.270014 300.269838
0.404040 0.333333 300.285873 300.285684
0.404040 0.338384 300.301444 300.301241
0.404040 0.343434 300.316712 300.316496
0.404040 0.348485 300.331662 300.331433
0.404040 0.353535 300.346277 300.346036
0.404040 0.358586 300.360544 300.360290
0.404040 0.363636 300.374449 300.374183
0.404040 0.368687 300.387976 300.387698
0.404040 0.373737 300.401113 300.400824
0.404040 0.378788 300.413846 300.413546
0.404040 0.383838 300.426163 300.425852
0.404040 0.388889 300.438051 300.437730
0.404040 0.393939 300.449497 300.449166
0.404040 0.398990 300.460491 300.460151
0.404040 0.404040 300.471022 300.470672
0.404040 0.409091 300.481078 300.480720
0.404040 0.414141 300.490650 300.490283
0.404040 0.419192 300.499728 300.499353
0.404040 0.424242 300.508302 300.507920
0.404040 0.429293 300.516365 300.515976
0.404040 0.434343 300.523907 300.523512
0.404040 0.439394 300.530922 300.530520
0.404040 0.444444 300.537402 300.536995
0.404040 0.449495 300.543341 300.542928
0.404040 0.454545 300.548732 300.548315
0.404040 0.459596 300.553571 300.553149
0.404040 0.464646 300.557852 300.557426
0.404040 0.469697 300.561571 300.561142
0.404040 0.474747 300.564724 300.564293
0.404040 0.479798 300.567309 300.566875
0.404040 0.484848 300.569321 300.568885
0.404040 0.489899 300.570760 300.570323
0.404040 0.494949 300.571624 300.571187
0.404040 0.500000 300.571913 300.571474
0.414141 0.000000 299.390042 299.390620
0.414141 0.005051 299.390349 299.390927
0.414141 0.010101 299.391271 299.391847
0.414141 0.015152 299.392806 299.393381
0.414141 0.020202 299.394952 299.395525
0.414141 0.025253 299.397708 299.398278
0.414141 0.030303 299.401070 299.401638
0.414141 0.035354 299.405036 299.405601
0.414141 0.040404 299.409601 299.410162
0.414141 0.045455 299.414761 299.415317
0.414141 0.050505 299.420510 299.421061
0.414141 0.055556 299.426843 299.427389
0.414141 0.060606 299.433754 299.434293
0.414141 0.065657 299.441234 299.441767
0.414141 0.070707 299.449277 299.449803
0.414141 0.075758 299.457875 299.458393
0.414141 0.080808 299.467018 299.467529
0.414141 0.085859 299.476698 299.477201
0.414141 0.090909 299.486905 299.487399
0.414141 0.095960 299.497629 299.498114
0.414141 0.101010 299.508858 299.509333
0.414141 0.106061 299.520582 299.521047
0.414141 0.111111 299.532788 299.533242
0.414141 0.116162 299.545464 299.545908
0.414141 0.121212 299.558598 299.559030
0.414141 0.126263 299.572176 299.572597
0.414141 0.131313 299.586184 299.586593
0.414141 0.136364 299.600609 299.601005
0.414141 0.141414 299.615436 299.615819
0.414141 0.146465 299.630649 299.631020
0.414141 0.151515 299.646234 299.646591
0.414141 0.156566 299.662175 299.662518
0.414141 0.161616 299.678455 299.678785
0.414141 0.166667 299.695059 299.695375
0.414141 0.171717 299.711969 299.712271
0.414141 0.176768 299.729169 299.729456
0.414141 0.181818 299.746642 299.746914
0.414141 0.186869 299.764369 299.764626
0.414141 0.191919 299.782333 299.782574
0.414141 0.196970 299.800515 299.800742
0.414141 0.202020 299.818899 299.819109
0.414141 0.207071 299.837464 299.837659
0.414141 0.212121 299.856193 299.856372
0.414141 0.217172 299.875066 299.875229
0.414141 0.222222 299.894064 299.894211
0.414141 0.227273 299.913169 299.913300
0.414141 0.232323 299.932362 299.932476
0.414141 0.237374 299.951622 299.951720
0.414141 0.242424 299.970931 299.971013
0.414141 0.247475 299.990269 299.990334
0.414141 0.252525 300.009616 300.009666
0.414141 0.257576 300.028954 300.028987
0.414141 0.262626 300.048263 300.048280
0.414141 0.267677 300.067524 300.067524
0.414141 0.272727 300.086716 300.086700
0.414141 0.277778 300.105821 300.105789
0.414141 0.282828 300.124820 300.124771
0.414141 0.287879 300.143693 300.143628
0.414141 0.292929 300.162421 300.162341
0.414141 0.297980 300.180987 300.180891
0.414141 0.303030 300.199370 300.199258
0.414141 0.308081 300.217553 300.217426
0.414141 0.313131 300.235516 300.235374
0.414141 0.318182 300.253244 300.253086
0.414141 0.323232 300.270716 300.270544
0.414141 0.328283 300.287916 300.287729
0.414141 0.333333 300.304826 300.304625
0.414141 0.338384 300.321430 300.321215
0.414141 0.343434 300.337711 300.337482
0.414141 0.348485 300.353651 300.353409
0.414141 0.353535 300.369236 300.368980
0.414141 0.358586 300.384450 300.384181
0.414141 0.363636 300.399276 300.398995
0.414141 0.368687 300.413701 300.413407
0.414141 0.373737 300.427709 300.427403
0.414141 0.378788 300.441287 300.440970
0.414141 0.383838 300.454421 300.454092
0.414141 0.388889 300.467097 300.466758
0.414141 0.393939 300.479303 300.478953
0.414141 0.398990 300.491027 300.490667
0.414141 0.404040 300.502256 300.501886
0.414141 0.409091 300.512980 300.512601
0.414141 0.414141 300.523187 300.522799
0.414141 0.419192 300.532867 300.532471
0.414141 0.424242 300.542011 300.541607
0.414141 0.429293 300.550608 300.550197
0.414141 0.434343 300.558651 300.558233
0.414141 0.439394 300.566132 300.565707
0.414141 0.444444 300.573042 300.572611
0.414141 0.449495 300.579375 300.578939
0.414141 0.454545 300.585124 300.584683
0.414141 0.459596 300.590284 300.589838
0.414141 0.464646 300.594849 300.594399
0.414141 0.469697 300.598815 300.598362
0.414141 0.474747 300.602178 300.601722
0.414141 0.479798 300.604933 300.604475
0.414141 0.484848 300.607080 300.606619
0.414141 0.489899 300.608614 300.608153
0.414141 0.494949 300.609536 300.609073
0.414141 0.500000 300.609843 300.609380
0.424242 0.000000 299.349653 299.350257
0.424242 0.005051 299.349981 299.350584
0.424242 0.010101 299.350963 299.351566
0.424242 0.015152 299.352599 299.353201
0.424242 0.020202 299.354888 299.355488
0.424242 0.025253 299.357827 299.358424
0.424242 0.030303 299.361412 299.362006
0.424242 0.035354 299.365641 299.366231
0.424242 0.040404 299.370509 299.371095
0.424242 0.045455 299.376011 299.376592
0.424242 0.050505 299.382141 299.382717
0.424242 0.055556 299.388894 299.389464
0.424242 0.060606 299.396262 299.396826
0.424242 0.065657 299.404238 299.404796
0.424242 0.070707 299.412815 299.413365
0.424242 0.075758 299.421982 299.422524
0.424242 0.080808 299.431732 299.432266
0.424242 0.085859 299.442053 299.442579
0.424242 0.090909 299.452937 299.453453
0.424242 0.095960 299.464371 299.464877
0.424242 0.101010 299.476344 299.476841
0.424242 0.106061 299.488845 299.489330
0.424242 0.111111 299.501860 299.502334
0.424242 0.116162 299.515376 299.515839
0.424242 0.121212 299.529380 299.529831
0.424242 0.126263 299.543857 299.544296
0.424242 0.131313 299.558793 299.559220
0.424242 0.136364 299.574173 299.574587
0.424242 0.141414 299.589982 299.590382
0.424242 0.146465 299.606203 299.606590
0.424242 0.151515 299.622820 299.623193
0.424242 0.156566 299.639816 299.640175
0.424242 0.161616 299.657175 299.657519
0.424242 0.166667 299.674878 299.675207
0.424242 0.171717 299.692908 299.693222
0.424242 0.176768 299.711247 299.711545
0.424242 0.181818 299.729876 299.730159
0.424242 0.186869 299.748776 299.749044
0.424242 0.191919 299.767930 299.768181
0.424242 0.196970 299.787316 299.787551
0.424242 0.202020 299.806916 299.807135
0.424242 0.207071 299.826710 299.826912
0.424242 0.212121 299.846678 299.846864
0.424242 0.217172 299.866801 299.866969
0.424242 0.222222 299.887057 299.887209
0.424242 0.227273 299.907426 299.907561
0.424242 0.232323 299.927889 299.928007
0.424242 0.237374 299.948424 299.948524
0.424242 0.242424 299.969010 299.969094
0.424242 0.247475 299.989628 299.989695
0.424242 0.252525 300.010256 300.010305
0.424242 0.257576 300.030874 300.030906
0.424242 0.262626 300.051461 300.051476
0.424242 0.267677 300.071996 300.071993
0.424242 0.272727 300.092458 300.092439
0.424242 0.277778 300.112828 300.112791
0.424242 0.282828 300.133084 300.133031
0.424242 0.287879 300.153206 300.153136
0.424242 0.292929 300.173174 300.173088
0.424242 0.297980 300.192968 300.192865
0.424242 0.303030 300.212568 300.212449
0.424242 0.308081 300.231955 300.231819
0.424242 0.313131 300.251108 300.250956
0.424242 0.318182 300.270009 300.269841
0.424242 0.323232 300.288638 300.288455
0.424242 0.328283 300.306976 300.306778
0.424242 0.333333 300.325007 300.324793
0.424242 0.338384 300.342710 300.342481
0.424242 0.343434 300.360068 300.359825
0.424242 0.348485 300.377065 300.376807
0.424242 0.353535 300.393682 300.393410
0.424242 0.358586 300.409902 300.409618
0.424242 0.363636 300.425711 300.425413
0.424242 0.368687 300.441091 300.440780
0.424242 0.373737 300.456027 300.455704
0.424242 0.378788 300.470505 300.470169
0.424242 0.383838 300.484509 300.484161
0.424242 0.388889 300.498025 300.497666
0.424242 0.393939 300.511040 300.510670
0.424242 0.398990 300.523540 300.523159
0.424242 0.404040 300.535513 300.535123
0.424242 0.409091 300.546948 300.546547
0.424242 0.414141 300.557831 300.557421
0.424242 0.419192 300.568153 300.567734
0.424242 0.424242 300.577902 300.577476
0.424242 0.429293 300.587070 300.586635
0.424242 0.434343 300.595646 300.595204
0.424242 0.439394 300.603622 300.603174
0.424242 0.444444 300.610991 300.610536
0.424242 0.449495 300.617743 300.617283
0.424242 0.454545 300.623874 300.623408
0.424242 0.459596 300.629376 300.628905
0.424242 0.464646 300.634243 300.633769
0.424242 0.469697 300.638472 300.637994
0.424242 0.474747 300.642058 300.641576
0.424242 0.479798 300.644996 300.644512
0.424242 0.484848 300.647285 300.646799
0.424242 0.489899 300.648921 300.648434
0.424242 0.494949 300.649904 300.649416
0.424242 0.500000 300.650231 300.649743
0.434343 0.000000 299.306643 299.307275
0.434343 0.005051 299.306992 299.307624
0.434343 0.010101 299.308040 299.308670
0.434343 0.015152 299.309784 299.310414
0.434343 0.020202 299.312225 299.312852
0.434343 0.025253 299.315358 299.315982
0.434343 0.030303 299.319181 299.319802
0.434343 0.035354 299.323690 299.324307
0.434343 0.040404 299.328880 299.329493
0.434343 0.045455 299.334746 299.335354
0.434343 0.050505 299.341282 299.341885
0.434343 0.055556 299.348482 299.349079
0.434343 0.060606 299.356339 299.356928
0.434343 0.065657 299.364843 299.365426
0.434343 0.070707 299.373987 299.374562
0.434343 0.075758 299.383762 299.384328
0.434343 0.080808 299.394156 299.394715
0.434343 0.085859 299.405161 299.405710
0.434343 0.090909 299.416765 299.417305
0.434343 0.095960 299.428956 299.429485
0.434343 0.101010 299.441722 299.442241
0.434343 0.106061 299.455050 299.455557
0.434343 0.111111 299.468926 299.469422
0.434343 0.116162 299.483337 299.483820
0.434343 0.121212 299.498267 299.498738
0.434343 0.126263 299.513702 299.514161
0.434343 0.131313 299.529627 299.530072
0.434343 0.136364 299.546024 299.546456
0.434343 0.141414 299.562879 299.563296
0.434343 0.146465 299.580172 299.580576
0.434343 0.151515 299.597889 299.598277
0.434343 0.156566 299.616009 299.616383
0.434343 0.161616 299.634515 299.634874
0.434343 0.166667 299.653389 299.653732
0.434343 0.171717 299.672612 299.672939
0.434343 0.176768 299.692163 299.692474
0.434343 0.181818 299.712024 299.712318
0.434343 0.186869 299.732174 299.732452
0.434343 0.191919 299.752594 299.752855
0.434343 0.196970 299.773261 299.773506
0.434343 0.202020 299.794157 299.794384
0.434343 0.207071 299.815260 299.815469
0.434343 0.212121 299.836548 299.836740
0.434343 0.217172 299.858000 299.858175
0.434343 0.222222 299.879595 299.879752
0.434343 0.227273 299.901311 299.901450
0.434343 0.232323 299.923126 299.923247
0.434343 0.237374 299.945018 299.945121
0.434343 0.242424 299.966966 299.967051
0.434343 0.247475 299.988946 299.989013
0.434343 0.252525 300.010938 300.010987
0.434343 0.257576 300.032918 300.032949
0.434343 0.262626 300.054865 300.054879
0.434343 0.267677 300.076757 300.076753
0.434343 0.272727 300.098572 300.098550
0.434343 0.277778 300.120288 300.120248
0.434343 0.282828 300.141883 300.141825
0.434343 0.287879 300.163336 300.163260
0.434343 0.292929 300.184624 300.184531
0.434343 0.297980 300.205726 300.205616
0.434343 0.303030 300.226622 300.226494
0.434343 0.308081 300.247290 300.247145
0.434343 0.313131 300.267709 300.267548
0.434343 0.318182 300.287860 300.287682
0.434343 0.323232 300.307720 300.307526
0.434343 0.328283 300.327272 300.327061
0.434343 0.333333 300.346494 300.346268
0.434343 0.338384 300.365368 300.365126
0.434343 0.343434 300.383875 300.383617
0.434343 0.348485 300.401995 300.401723
0.434343 0.353535 300.419711 300.419424
0.434343 0.358586 300.437005 300.436704
0.434343 0.363636 300.453859 300.453544
0.434343 0.368687 300.470257 300.469928
0.434343 0.373737 300.486181 300.485839
0.434343 0.378788 300.501617 300.501262
0.434343 0.383838 300.516547 300.516180
0.434343 0.388889 300.530958 300.530578
0.434343 0.393939 300.544834 300.544443
0.434343 0.398990 300.558161 300.557759
0.434343 0.404040 300.570927 300.570515
0.434343 0.409091 300.583118 300.582695
0.434343 0.414141 300.594722 300.594290
0.434343 0.419192 300.605727 300.605285
0.434343 0.424242 300.616122 300.615672
0.434343 0.429293 300.625897 300.625438
0.434343 0.434343 300.635041 300.634574
0.434343 0.439394 300.643545 300.643072
0.434343 0.444444 300.651401 300.650921
0.434343 0.449495 300.658601 300.658115
0.434343 0.454545 300.665137 300.664646
0.434343 0.459596 300.671004 300.670507
0.434343 0.464646 300.676194 300.675693
0.434343 0.469697 300.680703 300.680198
0.434343 0.474747 300.684526 300.684018
0.434343 0.479798 300.687659 300.687148
0.434343 0.484848 300.690099 300.689586
0.434343 0.489899 300.691844 300.691330
0.434343 0.494949 300.692891 300.692376
0.434343 0.500000 300.693241 300.692725
0.444444 0.000000 299.260838 299.261499
0.444444 0.005051 299.261211 299.261871
0.444444 0.010101 299.262328 299.262987
0.444444 0.015152 299.264188 299.264846
0.444444 0.020202 299.266790 299.267445
0.444444 0.025253 299.270130 299.270783
0.444444 0.030303 299.274206 299.274855
0.444444 0.035354 299.279013 299.279659
0.444444 0.040404 299.284547 299.285188
0.444444 0.045455 299.290801 299.291437
0.444444 0.050505 299.297770 299.298400
0.444444 0.055556 299.305446 299.306070
0.444444 0.060606 299.313822 299.314439
0.444444 0.065657 299.322889 299.323498
0.444444 0.070707 299.332638 299.333239
0.444444 0.075758 299.343059 299.343651
0.444444 0.080808 299.354141 299.354725
0.444444 0.085859 299.365874 299.366448
0.444444 0.090909 299.378245 299.378809
0.444444 0.095960 299.391242 299.391795
0.444444 0.101010 299.404852 299.405394
0.444444 0.106061 299.419061 299.419591
0.444444 0.111111 299.433855 299.434372
0.444444 0.116162 299.449218 299.449723
0.444444 0.121212 299.465135 299.465627
0.444444 0.126263 299.481591 299.482069
0.444444 0.131313 299.498568 299.499032
0.444444 0.136364 299.516049 299.516499
0.444444 0.141414 299.534017 299.534453
0.444444 0.146465 299.552453 299.552874
0.444444 0.151515 299.571340 299.571745
0.444444 0.156566 299.590658 299.591047
0.444444 0.161616 299.610387 299.610760
0.444444 0.166667 299.630507 299.630864
0.444444 0.171717 299.650999 299.651340
0.444444 0.176768 299.671842 299.672165
0.444444 0.181818 299.693014 299.693321
0.444444 0.186869 299.714495 299.714784
0.444444 0.191919 299.736263 299.736534
0.444444 0.196970 299.758296 299.758549
0.444444 0.202020 299.780571 299.780807
0.444444 0.207071 299.803067 299.803285
0.444444 0.212121 299.825761 299.825960
0.444444 0.217172 299.848630 299.848810
0.444444 0.222222 299.871650 299.871812
0.444444 0.227273 299.894800 299.894943
0.444444 0.232323 299.918055 299.918179
0.444444 0.237374 299.941392 299.941498
0.444444 0.242424 299.964788 299.964875
0.444444 0.247475 299.988220 299.988288
0.444444 0.252525 300.011663 300.011712
0.444444 0.257576 300.035095 300.035125
0.444444 0.262626 300.058491 300.058502
0.444444 0.267677 300.081828 300.081821
0.444444 0.272727 300.105083 300.105057
0.444444 0.277778 300.128233 300.128188
0.444444 0.282828 300.151253 300.151190
0.444444 0.287879 300.174122 300.174040
0.444444 0.292929 300.196816 300.196715
0.444444 0.297980 300.219312 300.219193
0.444444 0.303030 300.241587 300.241451
0.444444 0.308081 300.263620 300.263466
0.444444 0.313131 300.285388 300.285216
0.444444 0.318182 300.306868 300.306679
0.444444 0.323232 300.328041 300.327835
0.444444 0.328283 300.348884 300.348660
0.444444 0.333333 300.369376 300.369136
0.444444 0.338384 300.389496 300.389240
0.444444 0.343434 300.409225 300.408953
0.444444 0.348485 300.428543 300.428255
0.444444 0.353535 300.447429 300.447126
0.444444 0.358586 300.465866 300.465547
0.444444 0.363636 300.483834 300.483501
0.444444 0.368687 300.501315 300.500968
0.444444 0.373737 300.518292 300.517931
0.444444 0.378788 300.534748 300.534373
0.444444 0.383838 300.550665 300.550277
0.444444 0.388889 300.566028 300.565628
0.444444 0.393939 300.580822 300.580409
0.444444 0.398990 300.595031 300.594606
0.444444 0.404040 300.608640 300.608205
0.444444 0.409091 300.621638 300.621191
0.444444 0.414141 300.634009 300.633552
0.444444 0.419192 300.645742 300.645275
0.444444 0.424242 300.656824 300.656349
0.444444 0.429293 300.667245 300.666761
0.444444 0.434343 300.676994 300.676502
0.444444 0.439394 300.686061 300.685561
0.444444 0.444444 300.694437 300.693930
0.444444 0.449495 300.702113 300.701600
0.444444 0.454545 300.709082 300.708563
0.444444 0.459596 300.715336 300.714812
0.444444 0.464646 300.720870 300.720341
0.444444 0.469697 300.725677 300.725145
0.444444 0.474747 300.729753 300.729217
0.444444 0.479798 300.733093 300.732555
0.444444 0.484848 300.735695 300.735154
0.444444 0.489899 300.737555 300.737013
0.444444 0.494949 300.738672 300.738129
0.444444 0.500000 300.739045 300.738501
0.454545 0.000000 299.212054 299.212745
0.454545 0.005051 299.212451 299.213142
0.454545 0.010101 299.213642 299.214332
0.454545 0.015152 299.215625 299.216313
0.454545 0.020202 299.218399 299.219085
0.454545 0.025253 299.221961 299.222643
0.454545 0.030303 299.226306 299.226985
0.454545 0.035354 299.231431 299.232106
0.454545 0.040404 299.237330 299.238000
0.454545 0.045455 299.243998 299.244663
0.454545 0.050505 299.251428 299.252086
0.454545 0.055556 299.259612 299.260263
0.454545 0.060606 299.268541 299.269185
0.454545 0.065657 299.278207 299.278844
0.454545 0.070707 299.288601 299.289229
0.454545 0.075758 299.299710 299.300329
0.454545 0.080808 299.311525 299.312134
0.454545 0.085859 299.324033 299.324632
0.454545 0.090909 299.337222 299.337810
0.454545 0.095960 299.351078 299.351655
0.454545 0.101010 299.365587 299.366152
0.454545 0.106061 299.380734 299.381287
0.454545 0.111111 299.396505 299.397045
0.454545 0.116162 299.412883 299.413410
0.454545 0.121212 299.429851 299.430365
0.454545 0.126263 299.447393 299.447892
0.454545 0.131313 299.465491 299.465976
0.454545 0.136364 299.484127 299.484596
0.454545 0.141414 299.503281 299.503735
0.454545 0.146465 299.522934 299.523373
0.454545 0.151515 299.543068 299.543490
0.454545 0.156566 299.563660 299.564066
0.454545 0.161616 299.584691 299.585080
0.454545 0.166667 299.606140 299.606511
0.454545 0.171717 299.627984 299.628338
0.454545 0.176768 299.650202 299.650538
0.454545 0.181818 299.672771 299.673090
0.454545 0.186869 299.695669 299.695970
0.454545 0.191919 299.718873 299.719155
0.454545 0.196970 299.742359 299.742622
0.454545 0.202020 299.766104 299.766348
0.454545 0.207071 299.790084 299.790309
0.454545 0.212121 299.814274 299.814480
0.454545 0.217172 299.838651 299.838838
0.454545 0.222222 299.863190 299.863357
0.454545 0.227273 299.887866 299.888014
0.454545 0.232323 299.912655 299.912783
0.454545 0.237374 299.937531 299.937639
0.454545 0.242424 299.962470 299.962558
0.454545 0.247475 299.987447 299.987515
0.454545 0.252525 300.012436 300.012485
0.454545 0.257576 300.037412 300.037442
0.454545 0.262626 300.062351 300.062361
0.454545 0.267677 300.087228 300.087217
0.454545 0.272727 300.112016 300.111986
0.454545 0.277778 300.136693 300.136643
0.454545 0.282828 300.161231 300.161162
0.454545 0.287879 300.185608 300.185520
0.454545 0.292929 300.209799 300.209691
0.454545 0.297980 300.233778 300.233652
0.454545 0.303030 300.257523 300.257378
0.454545 0.308081 300.281009 300.280845
0.454545 0.313131 300.304213 300.304030
0.454545 0.318182 300.327111 300.326910
0.454545 0.323232 300.349681 300.349462
0.454545 0.328283 300.371899 300.371662
0.454545 0.333333 300.393743 300.393489
0.454545 0.338384 300.415191 300.414920
0.454545 0.343434 300.436222 300.435934
0.454545 0.348485 300.456815 300.456510
0.454545 0.353535 300.476948 300.476627
0.454545 0.358586 300.496602 300.496265
0.454545 0.363636 300.515756 300.515404
0.454545 0.368687 300.534391 300.534024
0.454545 0.373737 300.552489 300.552108
0.454545 0.378788 300.570031 300.569635
0.454545 0.383838 300.587000 300.586590
0.454545 0.388889 300.603378 300.602955
0.454545 0.393939 300.619148 300.618713
0.454545 0.398990 300.634296 300.633848
0.454545 0.404040 300.648805 300.648345
0.454545 0.409091 300.662661 300.662190
0.454545 0.414141 300.675849 300.675368
0.454545 0.419192 300.688357 300.687866
0.454545 0.424242 300.700172 300.699671
0.454545 0.429293 300.711282 300.710771
0.454545 0.434343 300.721675 300.721156
0.454545 0.439394 300.731341 300.730815
0.454545 0.444444 300.740271 300.739737
0.454545 0.449495 300.748454 300.747914
0.454545 0.454545 300.755884 300.755337
0.454545 0.459596 300.762552 300.762000
0.454545 0.464646 300.768451 300.767894
0.454545 0.469697 300.773576 300.773015
0.454545 0.474747 300.777922 300.777357
0.454545 0.479798 300.781483 300.780915
0.454545 0.484848 300.784257 300.783687
0.454545 0.489899 300.786240 300.785668
0.454545 0.494949 300.787431 300.786858
0.454545 0.500000 300.787828 300.787255
0.464646 0.000000 299.160094 299.160816
0.464646 0.005051 299.160518 299.161239
0.464646 0.010101 299.161787 299.162508
0.464646 0.015152 299.163901 299.164620
0.464646 0.020202 299.166858 299.167575
0.464646 0.025253 299.170655 299.171368
0.464646 0.030303 299.175288 299.175997
0.464646 0.035354 299.180751 299.181456
0.464646 0.040404 299.187041 299.187741
0.464646 0.045455 299.194149 299.194843
0.464646 0.050505 299.202069 299.202757
0.464646 0.055556 299.210794 299.211474
0.464646 0.060606 299.220313 299.220986
0.464646 0.065657 299.230618 299.231283
0.464646 0.070707 299.241698 299.242353
0.464646 0.075758 299.253541 299.254187
0.464646 0.080808 299.266136 299.266772
0.464646 0.085859 299.279470 299.280096
0.464646 0.090909 299.293530 299.294144
0.464646 0.095960 299.308300 299.308903
0.464646 0.101010 299.323767 299.324357
0.464646 0.106061 299.339914 299.340492
0.464646 0.111111 299.356726 299.357290
0.464646 0.116162 299.374185 299.374735
0.464646 0.121212 299.392273 299.392809
0.464646 0.126263 299.410973 299.411493
0.464646 0.131313 299.430265 299.430770
0.464646 0.136364 299.450129 299.450619
0.464646 0.141414 299.470547 299.471021
0.464646 0.146465 299.491497 299.491954
0.464646 0.151515 299.512958 299.513398
0.464646 0.156566 299.534909 299.535331
0.464646 0.161616 299.557327 299.557731
0.464646 0.166667 299.580189 299.580576
0.464646 0.171717 299.603473 299.603842
0.464646 0.176768 299.627156 299.627506
0.464646 0.181818 299.651213 299.651544
0.464646 0.186869 299.675621 299.675933
0.464646 0.191919 299.700354 299.700646
0.464646 0.196970 299.725388 299.725661
0.464646 0.202020 299.750697 299.750950
0.464646 0.207071 299.776257 299.776490
0.464646 0.212121 299.802041 299.802255
0.464646 0.217172 299.828024 299.828217
0.464646 0.222222 299.854180 299.854353
0.464646 0.227273 299.880482 299.880634
0.464646 0.232323 299.906904 299.907035
0.464646 0.237374 299.933419 299.933530
0.464646 0.242424 299.960001 299.960091
0.464646 0.247475 299.986623 299.986693
0.464646 0.252525 300.013259 300.013307
0.464646 0.257576 300.039881 300.039909
0.464646 0.262626 300.066463 300.066470
0.464646 0.267677 300.092978 300.092965
0.464646 0.272727 300.119400 300.119366
0.464646 0.277778 300.145702 300.145647
0.464646 0.282828 300.171857 300.171783
0.464646 0.287879 300.197841 300.197745
0.464646 0.292929 300.223625 300.223510
0.464646 0.297980 300.249185 300.249050
0.464646 0.303030 300.274494 300.274339
0.464646 0.308081 300.299528 300.299354
0.464646 0.313131 300.324261 300.324067
0.464646 0.318182 300.348669 300.348456
0.464646 0.323232 300.372726 300.372494
0.464646 0.328283 300.396408 300.396158
0.464646 0.333333 300.419693 300.419424
0.464646 0.338384 300.442555 300.442269
0.464646 0.343434 300.464973 300.464669
0.464646 0.348485 300.486924 300.486602
0.464646 0.353535 300.508385 300.508046
0.464646 0.358586 300.529335 300.528979
0.464646 0.363636 300.549752 300.549381
0.464646 0.368687 300.569617 300.569230
0.464646 0.373737 300.588909 300.588507
0.464646 0.378788 300.607609 300.607191
0.464646 0.383838 300.625697 300.625265
0.464646 0.388889 300.643156 300.642710
0.464646 0.393939 300.659968 300.659508
0.464646 0.398990 300.676115 300.675643
0.464646 0.404040 300.691582 300.691097
0.464646 0.409091 300.706352 300.705856
0.464646 0.414141 300.720412 300.719904
0.464646 0.419192 300.733746 300.733228
0.464646 0.424242 300.746341 300.745813
0.464646 0.429293 300.758184 300.757647
0.464646 0.434343 300.769264 300.768717
0.464646 0.439394 300.779569 300.779014
0.464646 0.444444 300.789088 300.788526
0.464646 0.449495 300.797813 300.797243
0.464646 0.454545 300.805733 300.805157
0.464646 0.459596 300.812841 300.812259
0.464646 0.464646 300.819131 300.818544
0.464646 0.469697 300.824594 300.824003
0.464646 0.474747 300.829227 300.828632
0.464646 0.479798 300.833024 300.832425
0.464646 0.484848 300.835981 300.835380
0.464646 0.489899 300.838095 300.837492
0.464646 0.494949 300.839364 300.838761
0.464646 0.500000 300.839788 300.839184
0.474747 0.000000 299.104748 299.105502
0.474747 0.005051 299.105199 299.105953
0.474747 0.010101 299.106552 299.107305
0.474747 0.015152 299.108806 299.109558
0.474747 0.020202 299.111959 299.112707
0.474747 0.025253 299.116006 299.116752
0.474747 0.030303 299.120945 299.121686
0.474747 0.035354 299.126769 299.127506
0.474747 0.040404 299.133474 299.134205
0.474747 0.045455 299.141052 299.141777
0.474747 0.050505 299.149495 299.150214
0.474747 0.055556 299.158796 299.159507
0.474747 0.060606 299.168944 299.169647
0.474747 0.065657 299.179929 299.180623
0.474747 0.070707 299.191740 299.192425
0.474747 0.075758 299.204365 299.205040
0.474747 0.080808 299.217791 299.218456
0.474747 0.085859 299.232006 299.232659
0.474747 0.090909 299.246993 299.247634
0.474747 0.095960 299.262738 299.263367
0.474747 0.101010 299.279225 299.279841
0.474747 0.106061 299.296438 299.297040
0.474747 0.111111 299.314358 299.314947
0.474747 0.116162 299.332969 299.333542
0.474747 0.121212 299.352250 299.352808
0.474747 0.126263 299.372183 299.372725
0.474747 0.131313 299.392747 299.393273
0.474747 0.136364 299.413921 299.414431
0.474747 0.141414 299.435685 299.436178
0.474747 0.146465 299.458015 299.458491
0.474747 0.151515 299.480891 299.481349
0.474747 0.156566 299.504288 299.504728
0.474747 0.161616 299.528183 299.528604
0.474747 0.166667 299.552552 299.552954
0.474747 0.171717 299.577370 299.577753
0.474747 0.176768 299.602613 299.602977
0.474747 0.181818 299.628254 299.628598
0.474747 0.186869 299.654269 299.654593
0.474747 0.191919 299.680631 299.680935
0.474747 0.196970 299.707313 299.707597
0.474747 0.202020 299.734289 299.734552
0.474747 0.207071 299.761532 299.761774
0.474747 0.212121 299.789014 299.789235
0.474747 0.217172 299.816708 299.816907
0.474747 0.222222 299.844585 299.844763
0.474747 0.227273 299.872619 299.872775
0.474747 0.232323 299.900780 299.900915
0.474747 0.237374 299.929040 299.929154
0.474747 0.242424 299.957372 299.957464
0.474747 0.247475 299.985746 299.985817
0.474747 0.252525 300.014135 300.014183
0.474747 0.257576 300.042510 300.042536
0.474747 0.262626 300.070841 300.070846
0.474747 0.267677 300.099102 300.099085
0.474747 0.272727 300.127263 300.127225
0.474747 0.277778 300.155296 300.155237
0.474747 0.282828 300.183174 300.183093
0.474747 0.287879 300.210867 300.210765
0.474747 0.292929 300.238349 300.238226
0.474747 0.297980 300.265592 300.265448
0.474747 0.303030 300.292568 300.292403
0.474747 0.308081 300.319251 300.319065
0.474747 0.313131 300.345613 300.345407
0.474747 0.318182 300.371627 300.371402
0.474747 0.323232 300.397269 300.397023
0.474747 0.328283 300.422512 300.422247
0.474747 0.333333 300.447330 300.447046
0.474747 0.338384 300.471699 300.471396
0.474747 0.343434 300.495594 300.495272
0.474747 0.348485 300.518991 300.518651
0.474747 0.353535 300.541866 300.541509
0.474747 0.358586 300.564197 300.563822
0.474747 0.363636 300.585961 300.585569
0.474747 0.368687 300.607135 300.606727
0.474747 0.373737 300.627699 300.627275
0.474747 0.378788 300.647632 300.647192
0.474747 0.383838 300.666913 300.666458
0.474747 0.388889 300.685523 300.685053
0.474747 0.393939 300.703444 300.702960
0.474747 0.398990 300.720656 300.720159
0.474747 0.404040 300.737144 300.736633
0.474747 0.409091 300.752889 300.752366
0.474747 0.414141 300.767876 300.767341
0.474747 0.419192 300.782090 300.781544
0.474747 0.424242 300.795517 300.794960
0.474747 0.429293 300.808142 300.807575
0.474747 0.434343 300.819953 300.819377
0.474747 0.439394 300.830938 300.830353
0.474747 0.444444 300.841086 300.840493
0.474747 0.449495 300.850386 300.849786
0.474747 0.454545 300.858830 300.858223
0.474747 0.459596 300.866408 300.865795
0.474747 0.464646 300.873112 300.872494
0.474747 0.469697 300.878937 300.878314
0.474747 0.474747 300.883875 300.883248
0.474747 0.479798 300.887923 300.887293
0.474747 0.484848 300.891075 300.890442
0.474747 0.489899 300.893329 300.892695
0.474747 0.494949 300.894682 300.894047
0.474747 0.500000 300.895134 300.894498
0.484848 0.000000 299.045792 299.046580
0.484848 0.005051 299.046273 299.047060
0.484848 0.010101 299.047715 299.048502
0.484848 0.015152 299.050118 299.050903
0.484848 0.020202 299.053479 299.054261
0.484848 0.025253 299.057793 299.058572
0.484848 0.030303 299.063058 299.063832
0.484848 0.035354 299.069267 299.070037
0.484848 0.040404 299.076414 299.077178
0.484848 0.045455 299.084492 299.085250
0.484848 0.050505 299.093493 299.094244
0.484848 0.055556 299.103408 299.104150
0.484848 0.060606 299.114225 299.114959
0.484848 0.065657 299.125935 299.126660
0.484848 0.070707 299.138526 299.139241
0.484848 0.075758 299.151984 299.152689
0.484848 0.080808 299.166296 299.166990
0.484848 0.085859 299.181448 299.182130
0.484848 0.090909 299.197424 299.198093
0.484848 0.095960 299.214208 299.214864
0.484848 0.101010 299.231782 299.232425
0.484848 0.106061 299.250130 299.250758
0.484848 0.111111 299.269232 299.269845
0.484848 0.116162 299.289069 299.289667
0.484848 0.121212 299.309621 299.310203
0.484848 0.126263 299.330867 299.331433
0.484848 0.131313 299.352787 299.353335
0.484848 0.136364 299.375356 299.375888
0.484848 0.141414 299.398554 299.399067
0.484848 0.146465 299.422355 299.422851
0.484848 0.151515 299.446737 299.447214
0.484848 0.156566 299.471675 299.472133
0.484848 0.161616 299.497144 299.497582
0.484848 0.166667 299.523117 299.523536
0.484848 0.171717 299.549569 299.549968
0.484848 0.176768 299.576473 299.576852
0.484848 0.181818 299.603803 299.604160
0.484848 0.186869 299.631530 299.631866
0.484848 0.191919 299.659626 299.659942
0.484848 0.196970 299.688064 299.688358
0.484848 0.202020 299.716815 299.717087
0.484848 0.207071 299.745850 299.746101
0.484848 0.212121 299.775140 299.775369
0.484848 0.217172 299.804656 299.804862
0.484848 0.222222 299.834367 299.834551
0.484848 0.227273 299.864244 299.864405
0.484848 0.232323 299.894258 299.894396
0.484848 0.237374 299.924377 299.924493
0.484848 0.242424 299.954572 299.954666
0.484848 0.247475 299.984813 299.984883
0.484848 0.252525 300.015069 300.015117
0.484848 0.257576 300.045309 300.045334
0.484848 0.262626 300.075504 300.075507
0.484848 0.267677 300.105624 300.105604
0.484848 0.272727 300.135637 300.135595
0.484848 0.277778 300.165514 300.165449
0.484848 0.282828 300.195226 300.195138
0.484848 0.287879 300.224741 300.224631
0.484848 0.292929 300.254031 300.253899
0.484848 0.297980 300.283066 300.282913
0.484848 0.303030 300.311817 300.311642
0.484848 0.308081 300.340255 300.340058
0.484848 0.313131 300.368352 300.368134
0.484848 0.318182 300.396079 300.395840
0.484848 0.323232 300.423408 300.423148
0.484848 0.328283 300.450312 300.450032
0.484848 0.333333 300.476765 300.476464
0.484848 0.338384 300.502738 300.502418
0.484848 0.343434 300.528206 300.527867
0.484848 0.348485 300.553144 300.552786
0.484848 0.353535 300.577526 300.577149
0.484848 0.358586 300.601328 300.600933
0.484848 0.363636 300.624525 300.624112
0.484848 0.368687 300.647095 300.646665
0.484848 0.373737 300.669014 300.668567
0.484848 0.378788 300.690260 300.689797
0.484848 0.383838 300.710812 300.710333
0.484848 0.388889 300.730649 300.730155
0.484848 0.393939 300.749752 300.749242
0.484848 0.398990 300.768099 300.767575
0.484848 0.404040 300.785674 300.785136
0.484848 0.409091 300.802457 300.801907
0.484848 0.414141 300.818433 300.817870
0.484848 0.419192 300.833585 300.833010
0.484848 0.424242 300.847897 300.847311
0.484848 0.429293 300.861355 300.860759
0.484848 0.434343 300.873946 300.873340
0.484848 0.439394 300.885656 300.885041
0.484848 0.444444 300.896474 300.895850
0.484848 0.449495 300.906388 300.905756
0.484848 0.454545 300.915389 300.914750
0.484848 0.459596 300.923467 300.922822
0.484848 0.464646 300.930614 300.929963
0.484848 0.469697 300.936823 300.936168
0.484848 0.474747 300.942088 300.941428
0.484848 0.479798 300.946403 300.945739
0.484848 0.484848 300.949763 300.949097
0.484848 0.489899 300.952166 300.951498
0.484848 0.494949 300.953609 300.952940
0.484848 0.500000 300.954090 300.953420
0.494949 0.000000 298.982987 298.983810
0.494949 0.005051 298.983500 298.984323
0.494949 0.010101 298.985038 298.985859
0.494949 0.015152 298.987599 298.988419
0.494949 0.020202 298.991181 298.991998
0.494949 0.025253 298.995781 298.996594
0.494949 0.030303 299.001393 299.002202
0.494949 0.035354 299.008012 299.008816
0.494949 0.040404 299.015631 299.016429
0.494949 0.045455 299.024243 299.025033
0.494949 0.050505 299.033837 299.034621
0.494949 0.055556 299.044406 299.045181
0.494949 0.060606 299.055937 299.056704
0.494949 0.065657 299.068420 299.069177
0.494949 0.070707 299.081841 299.082588
0.494949 0.075758 299.096187 299.096923
0.494949 0.080808 299.111444 299.112167
0.494949 0.085859 299.127595 299.128306
0.494949 0.090909 299.144624 299.145322
0.494949 0.095960 299.162514 299.163198
0.494949 0.101010 299.181247 299.181917
0.494949 0.106061 299.200804 299.201459
0.494949 0.111111 299.221165 299.221805
0.494949 0.116162 299.242309 299.242933
0.494949 0.121212 299.264216 299.264822
0.494949 0.126263 299.286861 299.287451
0.494949 0.131313 299.310224 299.310796
0.494949 0.136364 299.334280 299.334834
0.494949 0.141414 299.359005 299.359540
0.494949 0.146465 299.384374 299.384890
0.494949 0.151515 299.410361 299.410857
0.494949 0.156566 299.436940 299.437417
0.494949 0.161616 299.464085 299.464541
0.494949 0.166667 299.491767 299.492202
0.494949 0.171717 299.519959 299.520374
0.494949 0.176768 299.548634 299.549027
0.494949 0.181818 299.577761 299.578132
0.494949 0.186869 299.607311 299.607661
0.494949 0.191919 299.637256 299.637583
0.494949 0.196970 299.667564 299.667868
0.494949 0.202020 299.698205 299.698487
0.494949 0.207071 299.729149 299.729408
0.494949 0.212121 299.760365 299.760601
0.494949 0.217172 299.791820 299.792033
0.494949 0.222222 299.823485 299.823674
0.494949 0.227273 299.855326 299.855492
0.494949 0.232323 299.887312 299.887454
0.494949 0.237374 299.919411 299.919529
0.494949 0.242424 299.951590 299.951685
0.494949 0.247475 299.983819 299.983890
0.494949 0.252525 300.016063 300.016110
0.494949 0.257576 300.048291 300.048315
0.494949 0.262626 300.080471 300.080471
0.494949 0.267677 300.112570 300.112546
0.494949 0.272727 300.144556 300.144508
0.494949 0.277778 300.176397 300.176326
0.494949 0.282828 300.208061 300.207967
0.494949 0.287879 300.239517 300.239399
0.494949 0.292929 300.270732 300.270592
0.494949 0.297980 300.301676 300.301513
0.494949 0.303030 300.332318 300.332132
0.494949 0.308081 300.362626 300.362417
0.494949 0.313131 300.392570 300.392339
0.494949 0.318182 300.422121 300.421868
0.494949 0.323232 300.451248 300.450973
0.494949 0.328283 300.479922 300.479626
0.494949 0.333333 300.508114 300.507798
0.494949 0.338384 300.535797 300.535459
0.494949 0.343434 300.562941 300.562583
0.494949 0.348485 300.589520 300.589143
0.494949 0.353535 300.615508 300.615110
0.494949 0.358586 300.640876 300.640460
0.494949 0.363636 300.665601 300.665166
0.494949 0.368687 300.689657 300.689204
0.494949 0.373737 300.713020 300.712549
0.494949 0.378788 300.735666 300.735178
0.494949 0.383838 300.757572 300.757067
0.494949 0.388889 300.778716 300.778195
0.494949 0.393939 300.799077 300.798541
0.494949 0.398990 300.818634 300.818083
0.494949 0.404040 300.837367 300.836802
0.494949 0.409091 300.855257 300.854678
0.494949 0.414141 300.872287 300.871694
0.494949 0.419192 300.888438 300.887833
0.494949 0.424242 300.903694 300.903077
0.494949 0.429293 300.918040 300.917412
0.494949 0.434343 300.931461 300.930823
0.494949 0.439394 300.943944 300.943296
0.494949 0.444444 300.955475 300.954819
0.494949 0.449495 300.966044 300.965379
0.494949 0.454545 300.975639 300.974967
0.494949 0.459596 300.984250 300.983571
0.494949 0.464646 300.991869 300.991184
0.494949 0.469697 300.998488 300.997798
0.494949 0.474747 301.004100 301.003406
0.494949 0.479798 301.008700 301.008002
0.494949 0.484848 301.012282 301.011581
0.494949 0.489899 301.014844 301.014141
0.494949 0.494949 301.016382 301.015677
0.494949 0.500000 301.016894 301.016190
0.505051 0.000000 298.916080 298.916940
0.505051 0.005051 298.916627 298.917486
0.505051 0.010101 298.918266 298.919124
0.505051 0.015152 298.920997 298.921852
0.505051 0.020202 298.924815 298.925668
0.505051 0.025253 298.929719 298.930568
0.505051 0.030303 298.935701 298.936546
0.505051 0.035354 298.942757 298.943596
0.505051 0.040404 298.950879 298.951712
0.505051 0.045455 298.960059 298.960884
0.505051 0.050505 298.970287 298.971105
0.505051 0.055556 298.981553 298.982362
0.505051 0.060606 298.993845 298.994645
0.505051 0.065657 299.007151 299.007941
0.505051 0.070707 299.021458 299.022236
0.505051 0.075758 299.036750 299.037517
0.505051 0.080808 299.053012 299.053767
0.505051 0.085859 299.070228 299.070970
0.505051 0.090909 299.088380 299.089108
0.505051 0.095960 299.107449 299.108163
0.505051 0.101010 299.127417 299.128116
0.505051 0.106061 299.148263 299.148945
0.505051 0.111111 299.169965 299.170632
0.505051 0.116162 299.192502 299.193152
0.505051 0.121212 299.215851 299.216483
0.505051 0.126263 299.239988 299.240602
0.505051 0.131313 299.264889 299.265485
0.505051 0.136364 299.290529 299.291105
0.505051 0.141414 299.316881 299.317438
0.505051 0.146465 299.343919 299.344456
0.505051 0.151515 299.371616 299.372133
0.505051 0.156566 299.399944 299.400440
0.505051 0.161616 299.428874 299.429348
0.505051 0.166667 299.458377 299.458830
0.505051 0.171717 299.488423 299.488854
0.505051 0.176768 299.518983 299.519391
0.505051 0.181818 299.550025 299.550410
0.505051 0.186869 299.581518 299.581880
0.505051 0.191919 299.613430 299.613769
0.505051 0.196970 299.645730 299.646046
0.505051 0.202020 299.678385 299.678677
0.505051 0.207071 299.711362 299.711630
0.505051 0.212121 299.744628 299.744872
0.505051 0.217172 299.778150 299.778370
0.505051 0.222222 299.811895 299.812090
0.505051 0.227273 299.845827 299.845998
0.505051 0.232323 299.879914 299.880060
0.505051 0.237374 299.914122 299.914243
0.505051 0.242424 299.948415 299.948511
0.505051 0.247475 299.982760 299.982831
0.505051 0.252525 300.017122 300.017169
0.505051 0.257576 300.051467 300.051489
0.505051 0.262626 300.085760 300.085757
0.505051 0.267677 300.119967 300.119940
0.505051 0.272727 300.154054 300.154002
0.505051 0.277778 300.187987 300.187910
0.505051 0.282828 300.221731 300.221630
0.505051 0.287879 300.255253 300.255128
0.505051 0.292929 300.288519 300.288370
0.505051 0.297980 300.321497 300.321323
0.505051 0.303030 300.354151 300.353954
0.505051 0.308081 300.386451 300.386231
0.505051 0.313131 300.418364 300.418120
0.505051 0.318182 300.449857 300.449590
0.505051 0.323232 300.480899 300.480609
0.505051 0.328283 300.511458 300.511146
0.505051 0.333333 300.541505 300.541170
0.505051 0.338384 300.571008 300.570652
0.505051 0.343434 300.599938 300.599560
0.505051 0.348485 300.628265 300.627867
0.505051 0.353535 300.655962 300.655544
0.505051 0.358586 300.683000 300.682562
0.505051 0.363636 300.709353 300.708895
0.505051 0.368687 300.734992 300.734515
0.505051 0.373737 300.759893 300.759398
0.505051 0.378788 300.784030 300.783517
0.505051 0.383838 300.807379 300.806848
0.505051 0.388889 300.829916 300.829368
0.505051 0.393939 300.851619 300.851055
0.505051 0.398990 300.872464 300.871884
0.505051 0.404040 300.892432 300.891837
0.505051 0.409091 300.911502 300.910892
0.505051 0.414141 300.929654 300.929030
0.505051 0.419192 300.946869 300.946233
0.505051 0.424242 300.963132 300.962483
0.505051 0.429293 300.978424 300.977764
0.505051 0.434343 300.992730 300.992059
0.505051 0.439394 301.006037 301.005355
0.505051 0.444444 301.018329 301.017638
0.505051 0.449495 301.029595 301.028895
0.505051 0.454545 301.039823 301.039116
0.505051 0.459596 301.049002 301.048288
0.505051 0.464646 301.057124 301.056404
0.505051 0.469697 301.064180 301.063454
0.505051 0.474747 301.070163 301.069432
0.505051 0.479798 301.075066 301.074332
0.505051 0.484848 301.078885 301.078148
0.505051 0.489899 301.081615 301.080876
0.505051 0.494949 301.083255 301.082514
0.505051 0.500000 301.083801 301.083060
0.515152 0.000000 298.844800 298.845697
0.515152 0.005051 298.845382 298.846280
0.515152 0.010101 298.847130 298.848026
0.515152 0.015152 298.850041 298.850935
0.515152 0.020202 298.854112 298.855002
0.515152 0.025253 298.859339 298.860225
0.515152 0.030303 298.865716 298.866598
0.515152 0.035354 298.873238 298.874114
0.515152 0.040404 298.881896 298.882765
0.515152 0.045455 298.891681 298.892543
0.515152 0.050505 298.902584 298.903438
0.515152 0.055556 298.914594 298.915438
0.515152 0.060606 298.927697 298.928531
0.515152 0.065657 298.941881 298.942705
0.515152 0.070707 298.957131 298.957943
0.515152 0.075758 298.973432 298.974232
0.515152 0.080808 298.990766 298.991553
0.515152 0.085859 299.009117 299.009891
0.515152 0.090909 299.028465 299.029225
0.515152 0.095960 299.048792 299.049536
0.515152 0.101010 299.070075 299.070803
0.515152 0.106061 299.092294 299.093006
0.515152 0.111111 299.115426 299.116121
0.515152 0.116162 299.139447 299.140124
0.515152 0.121212 299.164334 299.164992
0.515152 0.126263 299.190060 299.190699
0.515152 0.131313 299.216600 299.217220
0.515152 0.136364 299.243927 299.244527
0.515152 0.141414 299.272013 299.272592
0.515152 0.146465 299.300830 299.301388
0.515152 0.151515 299.330348 299.330886
0.515152 0.156566 299.360539 299.361054
0.515152 0.161616 299.391371 299.391864
0.515152 0.166667 299.422813 299.423284
0.515152 0.171717 299.454835 299.455282
0.515152 0.176768 299.487402 299.487826
0.515152 0.181818 299.520484 299.520884
0.515152 0.186869 299.554046 299.554422
0.515152 0.191919 299.588055 299.588407
0.515152 0.196970 299.622476 299.622803
0.515152 0.202020 299.657276 299.657578
0.515152 0.207071 299.692418 299.692696
0.515152 0.212121 299.727869 299.728121
0.515152 0.217172 299.763592 299.763819
0.515152 0.222222 299.799552 299.799753
0.515152 0.227273 299.835712 299.835887
0.515152 0.232323 299.872036 299.872186
0.515152 0.237374 299.908489 299.908613
0.515152 0.242424 299.945033 299.945131
0.515152 0.247475 299.981632 299.981704
0.515152 0.252525 300.018249 300.018296
0.515152 0.257576 300.054849 300.054869
0.515152 0.262626 300.091393 300.091387
0.515152 0.267677 300.127845 300.127814
0.515152 0.272727 300.164170 300.164113
0.515152 0.277778 300.200330 300.200247
0.515152 0.282828 300.236290 300.236181
0.515152 0.287879 300.272013 300.271879
0.515152 0.292929 300.307463 300.307304
0.515152 0.297980 300.342606 300.342422
0.515152 0.303030 300.377405 300.377197
0.515152 0.308081 300.411827 300.411593
0.515152 0.313131 300.445836 300.445578
0.515152 0.318182 300.479398 300.479116
0.515152 0.323232 300.512479 300.512174
0.515152 0.328283 300.545047 300.544718
0.515152 0.333333 300.577068 300.576716
0.515152 0.338384 300.608511 300.608136
0.515152 0.343434 300.639343 300.638946
0.515152 0.348485 300.669533 300.669114
0.515152 0.353535 300.699052 300.698612
0.515152 0.358586 300.727869 300.727408
0.515152 0.363636 300.755955 300.755473
0.515152 0.368687 300.783282 300.782780
0.515152 0.373737 300.809822 300.809301
0.515152 0.378788 300.835548 300.835008
0.515152 0.383838 300.860434 300.859876
0.515152 0.388889 300.884456 300.883879
0.515152 0.393939 300.907587 300.906994
0.515152 0.398990 300.929806 300.929197
0.515152 0.404040 300.951090 300.950464
0.515152 0.409091 300.971416 300.970775
0.515152 0.414141 300.990765 300.990109
0.515152 0.419192 301.009115 301.008447
0.515152 0.424242 301.026450 301.025768
0.515152 0.429293 301.042751 301.042057
0.515152 0.434343 301.058001 301.057295
0.515152 0.439394 301.072185 301.071469
0.515152 0.444444 301.085288 301.084562
0.515152 0.449495 301.097297 301.096562
0.515152 0.454545 301.108200 301.107457
0.515152 0.459596 301.117986 301.117235
0.515152 0.464646 301.126644 301.125886
0.515152 0.469697 301.134165 301.133402
0.515152 0.474747 301.140543 301.139775
0.515152 0.479798 301.145770 301.144998
0.515152 0.484848 301.149841 301.149065
0.515152 0.489899 301.152751 301.151974
0.515152 0.494949 301.154499 301.153720
0.515152 0.500000 301.155082 301.154303
0.525253 0.000000 298.768857 298.769794
0.525253 0.005051 298.769479 298.770415
0.525253 0.010101 298.771342 298.772277
0.525253 0.015152 298.774445 298.775378
0.525253 0.020202 298.778785 298.779714
0.525253 0.025253 298.784357 298.785282
0.525253 0.030303 298.791155 298.792075
0.525253 0.035354 298.799173 298.800087
0.525253 0.040404 298.808403 298.809310
0.525253 0.045455 298.818834 298.819734
0.525253 0.050505 298.830457 298.831347
0.525253 0.055556 298.843258 298.844140
0.525253 0.060606 298.857226 298.858097
0.525253 0.065657 298.872346 298.873205
0.525253 0.070707 298.888602 298.889449
0.525253 0.075758 298.905978 298.906812
0.525253 0.080808 298.924455 298.925276
0.525253 0.085859 298.944016 298.944822
0.525253 0.090909 298.964640 298.965431
0.525253 0.095960 298.986306 298.987081
0.525253 0.101010 299.008991 299.009750
0.525253 0.106061 299.032674 299.033415
0.525253 0.111111 299.057329 299.058053
0.525253 0.116162 299.082932 299.083637
0.525253 0.121212 299.109457 299.110143
0.525253 0.126263 299.136877 299.137542
0.525253 0.131313 299.165163 299.165808
0.525253 0.136364 299.194288 299.194912
0.525253 0.141414 299.224221 299.224824
0.525253 0.146465 299.254933 299.255514
0.525253 0.151515 299.286393 299.286951
0.525253 0.156566 299.318568 299.319104
0.525253 0.161616 299.351427 299.351939
0.525253 0.166667 299.384935 299.385424
0.525253 0.171717 299.419060 299.419525
0.525253 0.176768 299.453767 299.454207
0.525253 0.181818 299.489021 299.489437
0.525253 0.186869 299.524787 299.525177
0.525253 0.191919 299.561029 299.561394
0.525253 0.196970 299.597710 299.598049
0.525253 0.202020 299.634794 299.635107
0.525253 0.207071 299.672243 299.672530
0.525253 0.212121 299.710020 299.710280
0.525253 0.217172 299.748087 299.748321
0.525253 0.222222 299.786406 299.786613
0.525253 0.227273 299.824939 299.825119
0.525253 0.232323 299.863646 299.863800
0.525253 0.237374 299.902490 299.902617
0.525253 0.242424 299.941431 299.941531
0.525253 0.247475 299.980431 299.980504
0.525253 0.252525 300.019451 300.019496
0.525253 0.257576 300.058450 300.058469
0.525253 0.262626 300.097392 300.097383
0.525253 0.267677 300.136236 300.136200
0.525253 0.272727 300.174943 300.174881
0.525253 0.277778 300.213476 300.213387
0.525253 0.282828 300.251795 300.251679
0.525253 0.287879 300.289862 300.289720
0.525253 0.292929 300.327639 300.327470
0.525253 0.297980 300.365088 300.364893
0.525253 0.303030 300.402172 300.401951
0.525253 0.308081 300.438853 300.438606
0.525253 0.313131 300.475094 300.474823
0.525253 0.318182 300.510860 300.510563
0.525253 0.323232 300.546115 300.545793
0.525253 0.328283 300.580822 300.580475
0.525253 0.333333 300.614947 300.614576
0.525253 0.338384 300.648455 300.648061
0.525253 0.343434 300.681314 300.680896
0.525253 0.348485 300.713489 300.713049
0.525253 0.353535 300.744949 300.744486
0.525253 0.358586 300.775661 300.775176
0.525253 0.363636 300.805594 300.805088
0.525253 0.368687 300.834719 300.834192
0.525253 0.373737 300.863005 300.862458
0.525253 0.378788 300.890425 300.889857
0.525253 0.383838 300.916949 300.916363
0.525253 0.388889 300.942553 300.941947
0.525253 0.393939 300.967208 300.966585
0.525253 0.398990 300.990891 300.990250
0.525253 0.404040 301.013576 301.012919
0.525253 0.409091 301.035242 301.034569
0.525253 0.414141 301.055866 301.055178
0.525253 0.419192 301.075426 301.074724
0.525253 0.424242 301.093904 301.093188
0.525253 0.429293 301.111280 301.110551
0.525253 0.434343 301.127536 301.126795
0.525253 0.439394 301.142655 301.141903
0.525253 0.444444 301.156623 301.155860
0.525253 0.449495 301.169425 301.168653
0.525253 0.454545 301.181048 301.180266
0.525253 0.459596 301.191479 301.190690
0.525253 0.464646 301.200708 301.199913
0.525253 0.469697 301.208727 301.207925
0.525253 0.474747 301.215525 301.214718
0.525253 0.479798 301.221097 301.220286
0.525253 0.484848 301.225437 301.224622
0.525253 0.489899 301.228540 301.227723
0.525253 0.494949 301.230403 301.229585
0.525253 0.500000 301.231024 301.230206
0.535354 0.000000 298.687945 298.688923
0.535354 0.005051 298.688608 298.689585
0.535354 0.010101 298.690594 298.691570
0.535354 0.015152 298.693902 298.694875
0.535354 0.020202 298.698528 298.699498
0.535354 0.025253 298.704468 298.705434
0.535354 0.030303 298.711716 298.712676
0.535354 0.035354 298.720264 298.721217
0.535354 0.040404 298.730102 298.731049
0.535354 0.045455 298.741223 298.742161
0.535354 0.050505 298.753612 298.754541
0.535354 0.055556 298.767259 298.768178
0.535354 0.060606 298.782149 298.783057
0.535354 0.065657 298.798266 298.799162
0.535354 0.070707 298.815594 298.816478
0.535354 0.075758 298.834116 298.834986
0.535354 0.080808 298.853812 298.854668
0.535354 0.085859 298.874663 298.875503
0.535354 0.090909 298.896646 298.897470
0.535354 0.095960 298.919740 298.920547
0.535354 0.101010 298.943920 298.944710
0.535354 0.106061 298.969163 298.969935
0.535354 0.111111 298.995442 298.996195
0.535354 0.116162 299.022731 299.023465
0.535354 0.121212 299.051002 299.051715
0.535354 0.126263 299.080226 299.080918
0.535354 0.131313 299.110373 299.111044
0.535354 0.136364 299.141414 299.142063
0.535354 0.141414 299.173316 299.173943
0.535354 0.146465 299.206047 299.206651
0.535354 0.151515 299.239574 299.240155
0.535354 0.156566 299.273864 299.274421
0.535354 0.161616 299.308882 299.309414
0.535354 0.166667 299.344591 299.345098
0.535354 0.171717 299.380958 299.381439
0.535354 0.176768 299.417944 299.418400
0.535354 0.181818 299.455512 299.455943
0.535354 0.186869 299.493626 299.494030
0.535354 0.191919 299.532246 299.532623
0.535354 0.196970 299.571334 299.571685
0.535354 0.202020 299.610850 299.611174
0.535354 0.207071 299.650756 299.651052
0.535354 0.212121 299.691011 299.691280
0.535354 0.217172 299.731574 299.731816
0.535354 0.222222 299.772406 299.772620
0.535354 0.227273 299.813465 299.813651
0.535354 0.232323 299.854711 299.854868
0.535354 0.237374 299.896101 299.896231
0.535354 0.242424 299.937596 299.937697
0.535354 0.247475 299.979152 299.979225
0.535354 0.252525 300.020730 300.020775
0.535354 0.257576 300.062286 300.062303
0.535354 0.262626 300.103781 300.103769
0.535354 0.267677 300.145171 300.145132
0.535354 0.272727 300.186417 300.186349
0.535354 0.277778 300.227476 300.227380
0.535354 0.282828 300.268308 300.268184
0.535354 0.287879 300.308871 300.308720
0.535354 0.292929 300.349126 300.348948
0.535354 0.297980 300.389032 300.388826
0.535354 0.303030 300.428548 300.428315
0.535354 0.308081 300.467636 300.467377
0.535354 0.313131 300.506257 300.505970
0.535354 0.318182 300.544370 300.544057
0.535354 0.323232 300.581939 300.581600
0.535354 0.328283 300.618925 300.618561
0.535354 0.333333 300.655291 300.654902
0.535354 0.338384 300.691001 300.690586
0.535354 0.343434 300.726018 300.725579
0.535354 0.348485 300.760308 300.759845
0.535354 0.353535 300.793835 300.793349
0.535354 0.358586 300.826567 300.826057
0.535354 0.363636 300.858469 300.857937
0.535354 0.368687 300.889509 300.888956
0.535354 0.373737 300.919657 300.919082
0.535354 0.378788 300.948881 300.948285
0.535354 0.383838 300.977151 300.976535
0.535354 0.388889 301.004440 301.003805
0.535354 0.393939 301.030719 301.030065
0.535354 0.398990 301.055962 301.055290
0.535354 0.404040 301.080143 301.079453
0.535354 0.409091 301.103236 301.102530
0.535354 0.414141 301.125220 301.124497
0.535354 0.419192 301.146070 301.145332
0.535354 0.424242 301.165766 301.165014
0.535354 0.429293 301.184288 301.183522
0.535354 0.434343 301.201616 301.200838
0.535354 0.439394 301.217734 301.216943
0.535354 0.444444 301.232623 301.231822
0.535354 0.449495 301.246270 301.245459
0.535354 0.454545 301.258660 301.257839
0.535354 0.459596 301.269780 301.268951
0.535354 0.464646 301.279619 301.278783
0.535354 0.469697 301.288166 301.287324
0.535354 0.474747 301.295414 301.294566
0.535354 0.479798 301.301354 301.300502
0.535354 0.484848 301.305980 301.305125
0.535354 0.489899 301.309288 301.308430
0.535354 0.494949 301.311275 301.310415
0.535354 0.500000 301.311937 301.311077
0.545455 0.000000 298.601735 298.602756
0.545455 0.005051 298.602441 298.603461
0.545455 0.010101 298.604559 298.605577
0.545455 0.015152 298.608085 298.609101
0.545455 0.020202 298.613017 298.614029
0.545455 0.025253 298.619350 298.620357
0.545455 0.030303 298.627076 298.628078
0.545455 0.035354 298.636189 298.637184
0.545455 0.040404 298.646678 298.647665
0.545455 0.045455 298.658532 298.659511
0.545455 0.050505 298.671740 298.672709
0.545455 0.055556 298.686288 298.687246
0.545455 0.060606 298.702160 298.703107
0.545455 0.065657 298.719342 298.720276
0.545455 0.070707 298.737814 298.738735
0.545455 0.075758 298.757557 298.758464
0.545455 0.080808 298.778553 298.779444
0.545455 0.085859 298.800778 298.801654
0.545455 0.090909 298.824211 298.825069
0.545455 0.095960 298.848826 298.849668
0.545455 0.101010 298.874600 298.875423
0.545455 0.106061 298.901506 298.902310
0.545455 0.111111 298.929516 298.930300
0.545455 0.116162 298.958602 298.959365
0.545455 0.121212 298.988733 298.989476
0.545455 0.126263 299.019880 299.020601
0.545455 0.131313 299.052011 299.052709
0.545455 0.136364 299.085093 299.085769
0.545455 0.141414 299.119093 299.119745
0.545455 0.146465 299.153976 299.154604
0.545455 0.151515 299.189707 299.190310
0.545455 0.156566 299.226250 299.226827
0.545455 0.161616 299.263567 299.264119
0.545455 0.166667 299.301622 299.302148
0.545455 0.171717 299.340376 299.340876
0.545455 0.176768 299.379790 299.380263
0.545455 0.181818 299.419824 299.420270
0.545455 0.186869 299.460438 299.460856
0.545455 0.191919 299.501591 299.501982
0.545455 0.196970 299.543243 299.543606
0.545455 0.202020 299.585351 299.585685
0.545455 0.207071 299.627873 299.628179
0.545455 0.212121 299.670767 299.671044
0.545455 0.217172 299.713989 299.714238
0.545455 0.222222 299.757497 299.757717
0.545455 0.227273 299.801247 299.801438
0.545455 0.232323 299.845195 299.845357
0.545455 0.237374 299.889298 299.889430
0.545455 0.242424 299.933511 299.933614
0.545455 0.247475 299.977791 299.977864
0.545455 0.252525 300.022092 300.022136
0.545455 0.257576 300.066372 300.066386
0.545455 0.262626 300.110585 300.110570
0.545455 0.267677 300.154688 300.154643
0.545455 0.272727 300.198636 300.198562
0.545455 0.277778 300.242386 300.242283
0.545455 0.282828 300.285894 300.285762
0.545455 0.287879 300.329116 300.328956
0.545455 0.292929 300.372010 300.371821
0.545455 0.297980 300.414532 300.414315
0.545455 0.303030 300.456640 300.456394
0.545455 0.308081 300.498292 300.498018
0.545455 0.313131 300.539445 300.539144
0.545455 0.318182 300.580059 300.579730
0.545455 0.323232 300.620093 300.619737
0.545455 0.328283 300.659507 300.659124
0.545455 0.333333 300.698261 300.697852
0.545455 0.338384 300.736316 300.735881
0.545455 0.343434 300.773633 300.773173
0.545455 0.348485 300.810176 300.809690
0.545455 0.353535 300.845907 300.845396
0.545455 0.358586 300.880790 300.880255
0.545455 0.363636 300.914789 300.914231
0.545455 0.368687 300.947871 300.947291
0.545455 0.373737 300.980002 300.979399
0.545455 0.378788 301.011150 301.010524
0.545455 0.383838 301.041281 301.040635
0.545455 0.388889 301.070367 301.069700
0.545455 0.393939 301.098377 301.097690
0.545455 0.398990 301.125282 301.124577
0.545455 0.404040 301.151056 301.150332
0.545455 0.409091 301.175672 301.174931
0.545455 0.414141 301.199105 301.198346
0.545455 0.419192 301.221330 301.220556
0.545455 0.424242 301.242325 301.241536
0.545455 0.429293 301.262069 301.261265
0.545455 0.434343 301.280541 301.279724
0.545455 0.439394 301.297722 301.296893
0.545455 0.444444 301.313595 301.312754
0.545455 0.449495 301.328143 301.327291
0.545455 0.454545 301.341351 301.340489
0.545455 0.459596 301.353205 301.352335
0.545455 0.464646 301.363694 301.362816
0.545455 0.469697 301.372806 301.371922
0.545455 0.474747 301.380533 301.379643
0.545455 0.479798 301.386865 301.385971
0.545455 0.484848 301.391798 301.390899
0.545455 0.489899 301.395324 301.394423
0.545455 0.494949 301.397442 301.396539
0.545455 0.500000 301.398148 301.397244
0.555556 0.000000 298.509877 298.510941
0.555556 0.005051 298.510629 298.511693
0.555556 0.010101 298.512887 298.513949
0.555556 0.015152 298.516647 298.517706
0.555556 0.020202 298.521905 298.522961
0.555556 0.025253 298.528656 298.529707
0.555556 0.030303 298.536893 298.537938
0.555556 0.035354 298.546608 298.547646
0.555556 0.040404 298.557790 298.558820
0.555556 0.045455 298.570428 298.571449
0.555556 0.050505 298.584509 298.585519
0.555556 0.055556 298.600017 298.601017
0.555556 0.060606 298.616938 298.617925
0.555556 0.065657 298.635254 298.636228
0.555556 0.070707 298.654945 298.655905
0.555556 0.075758 298.675992 298.676937
0.555556 0.080808 298.698373 298.699302
0.555556 0.085859 298.722064 298.722976
0.555556 0.090909 298.747042 298.747937
0.555556 0.095960 298.773281 298.774157
0.555556 0.101010 298.800754 298.801610
0.555556 0.106061 298.829432 298.830269
0.555556 0.111111 298.859287 298.860103
0.555556 0.116162 298.890288 298.891082
0.555556 0.121212 298.922403 298.923175
0.555556 0.126263 298.955600 298.956349
0.555556 0.131313 298.989845 298.990571
0.555556 0.136364 299.025103 299.025804
0.555556 0.141414 299.061338 299.062015
0.555556 0.146465 299.098514 299.099165
0.555556 0.151515 299.136592 299.137218
0.555556 0.156566 299.175535 299.176135
0.555556 0.161616 299.215304 299.215877
0.555556 0.166667 299.255857 299.256403
0.555556 0.171717 299.297154 299.297672
0.555556 0.176768 299.339154 299.339644
0.555556 0.181818 299.381815 299.382277
0.555556 0.186869 299.425092 299.425526
0.555556 0.191919 299.468944 299.469349
0.555556 0.196970 299.513327 299.513702
0.555556 0.202020 299.558195 299.558540
0.555556 0.207071 299.603503 299.603819
0.555556 0.212121 299.649208 299.649494
0.555556 0.217172 299.695262 299.695518
0.555556 0.222222 299.741620 299.741846
0.555556 0.227273 299.788235 299.788431
0.555556 0.232323 299.835062 299.835227
0.555556 0.237374 299.882053 299.882188
0.555556 0.242424 299.929161 299.929266
0.555556 0.247475 299.976340 299.976414
0.555556 0.252525 300.023543 300.023586
0.555556 0.257576 300.070722 300.070734
0.555556 0.262626 300.117831 300.117812
0.555556 0.267677 300.164822 300.164773
0.555556 0.272727 300.211648 300.211569
0.555556 0.277778 300.258264 300.258154
0.555556 0.282828 300.304622 300.304482
0.555556 0.287879 300.350676 300.350506
0.555556 0.292929 300.396380 300.396181
0.555556 0.297980 300.441689 300.441460
0.555556 0.303030 300.486557 300.486298
0.555556 0.308081 300.530939 300.530651
0.555556 0.313131 300.574791 300.574474
0.555556 0.318182 300.618069 300.617723
0.555556 0.323232 300.660729 300.660356
0.555556 0.328283 300.702729 300.702328
0.555556 0.333333 300.744027 300.743597
0.555556 0.338384 300.784580 300.784123
0.555556 0.343434 300.824348 300.823865
0.555556 0.348485 300.863291 300.862782
0.555556 0.353535 300.901370 300.900835
0.555556 0.358586 300.938545 300.937985
0.555556 0.363636 300.974781 300.974196
0.555556 0.368687 301.010038 301.009429
0.555556 0.373737 301.044283 301.043651
0.555556 0.378788 301.077480 301.076825
0.555556 0.383838 301.109595 301.108918
0.555556 0.388889 301.140596 301.139897
0.555556 0.393939 301.170451 301.169731
0.555556 0.398990 301.199130 301.198390
0.555556 0.404040 301.226602 301.225843
0.555556 0.409091 301.252841 301.252063
0.555556 0.414141 301.277819 301.277024
0.555556 0.419192 301.301511 301.300698
0.555556 0.424242 301.323891 301.323063
0.555556 0.429293 301.344938 301.344095
0.555556 0.434343 301.364629 301.363772
0.555556 0.439394 301.382945 301.382075
0.555556 0.444444 301.399866 301.398983
0.555556 0.449495 301.415375 301.414481
0.555556 0.454545 301.429455 301.428551
0.555556 0.459596 301.442093 301.441180
0.555556 0.464646 301.453275 301.452354
0.555556 0.469697 301.462990 301.462062
0.555556 0.474747 301.471227 301.470293
0.555556 0.479798 301.477979 301.477039
0.555556 0.484848 301.483237 301.482294
0.555556 0.489899 301.486997 301.486051
0.555556 0.494949 301.489254 301.488307
0.555556 0.500000 301.490007 301.489059
0.565657 0.000000 298.411996 298.413107
0.565657 0.005051 298.412799 298.413909
0.565657 0.010101 298.415206 298.416314
0.565657 0.015152 298.419214 298.420319
0.565657 0.020202 298.424820 298.425922
0.565657 0.025253 298.432018 298.433114
0.565657 0.030303 298.440800 298.441890
0.565657 0.035354 298.451158 298.452240
0.565657 0.040404 298.463079 298.464153
0.565657 0.045455 298.476553 298.477617
0.565657 0.050505 298.491564 298.492618
0.565657 0.055556 298.508098 298.509140
0.565657 0.060606 298.526138 298.527166
0.565657 0.065657 298.545663 298.546678
0.565657 0.070707 298.566655 298.567655
0.565657 0.075758 298.589092 298.590076
0.565657 0.080808 298.612950 298.613917
0.565657 0.085859 298.638205 298.639155
0.565657 0.090909 298.664831 298.665762
0.565657 0.095960 298.692800 298.693712
0.565657 0.101010 298.722084 298.722975
0.565657 0.106061 298.752652 298.753523
0.565657 0.111111 298.784474 298.785323
0.565657 0.116162 298.817517 298.818343
0.565657 0.121212 298.851747 298.852549
0.565657 0.126263 298.887129 298.887907
0.565657 0.131313 298.923626 298.924380
0.565657 0.136364 298.961203 298.961932
0.565657 0.141414 298.999821 299.000523
0.565657 0.146465 299.039440 299.040116
0.565657 0.151515 299.080020 299.080669
0.565657 0.156566 299.121521 299.122143
0.565657 0.161616 299.163900 299.164494
0.565657 0.166667 299.207115 299.207681
0.565657 0.171717 299.251122 299.251659
0.565657 0.176768 299.295877 299.296385
0.565657 0.181818 299.341335 299.341814
0.565657 0.186869 299.387451 299.387899
0.565657 0.191919 299.434177 299.434595
0.565657 0.196970 299.481468 299.481855
0.565657 0.202020 299.529275 299.529632
0.565657 0.207071 299.577552 299.577878
0.565657 0.212121 299.626249 299.626544
0.565657 0.217172 299.675319 299.675583
0.565657 0.222222 299.724712 299.724945
0.565657 0.227273 299.774379 299.774580
0.565657 0.232323 299.824271 299.824440
0.565657 0.237374 299.874338 299.874475
0.565657 0.242424 299.924529 299.924635
0.565657 0.247475 299.974796 299.974870
0.565657 0.252525 300.025088 300.025130
0.565657 0.257576 300.075355 300.075365
0.565657 0.262626 300.125546 300.125525
0.565657 0.267677 300.175613 300.175560
0.565657 0.272727 300.225505 300.225420
0.565657 0.277778 300.275172 300.275055
0.565657 0.282828 300.324565 300.324417
0.565657 0.287879 300.373635 300.373456
0.565657 0.292929 300.422332 300.422122
0.565657 0.297980 300.470609 300.470368
0.565657 0.303030 300.518417 300.518145
0.565657 0.308081 300.565707 300.565405
0.565657 0.313131 300.612433 300.612101
0.565657 0.318182 300.658549 300.658186
0.565657 0.323232 300.704007 300.703615
0.565657 0.328283 300.748762 300.748341
0.565657 0.333333 300.792769 300.792319
0.565657 0.338384 300.835984 300.835506
0.565657 0.343434 300.878363 300.877857
0.565657 0.348485 300.919864 300.919331
0.565657 0.353535 300.960445 300.959884
0.565657 0.358586 301.000064 300.999477
0.565657 0.363636 301.038681 301.038068
0.565657 0.368687 301.076258 301.075620
0.565657 0.373737 301.112756 301.112093
0.565657 0.378788 301.148137 301.147451
0.565657 0.383838 301.182367 301.181657
0.565657 0.388889 301.215410 301.214677
0.565657 0.393939 301.247232 301.246477
0.565657 0.398990 301.277800 301.277025
0.565657 0.404040 301.307084 301.306288
0.565657 0.409091 301.335053 301.334238
0.565657 0.414141 301.361679 301.360845
0.565657 0.419192 301.386934 301.386083
0.565657 0.424242 301.410792 301.409924
0.565657 0.429293 301.433229 301.432345
0.565657 0.434343 301.454221 301.453322
0.565657 0.439394 301.473747 301.472834
0.565657 0.444444 301.491786 301.490860
0.565657 0.449495 301.508320 301.507382
0.565657 0.454545 301.523331 301.522383
0.565657 0.459596 301.536805 301.535847
0.565657 0.464646 301.548726 301.547760
0.565657 0.469697 301.559084 301.558110
0.565657 0.474747 301.567866 301.566886
0.565657 0.479798 301.575064 301.574078
0.565657 0.484848 301.580670 301.579681
0.565657 0.489899 301.584679 301.583686
0.565657 0.494949 301.587086 301.586091
0.565657 0.500000 301.587888 301.586893
0.575758 0.000000 298.307695 298.308854
0.575758 0.005051 298.308551 298.309709
0.575758 0.010101 298.311117 298.312273
0.575758 0.015152 298.315391 298.316544
0.575758 0.020202 298.321369 298.322517
0.575758 0.025253 298.329044 298.330186
0.575758 0.030303 298.338407 298.339543
0.575758 0.035354 298.349450 298.350579
0.575758 0.040404 298.362161 298.363280
0.575758 0.045455 298.376526 298.377635
0.575758 0.050505 298.392531 298.393629
0.575758 0.055556 298.410159 298.411244
0.575758 0.060606 298.429391 298.430462
0.575758 0.065657 298.450207 298.451264
0.575758 0.070707 298.472587 298.473628
0.575758 0.075758 298.496506 298.497531
0.575758 0.080808 298.521940 298.522947
0.575758 0.085859 298.548862 298.549851
0.575758 0.090909 298.577245 298.578214
0.575758 0.095960 298.607060 298.608009
0.575758 0.101010 298.638276 298.639203
0.575758 0.106061 298.670860 298.671764
0.575758 0.111111 298.704779 298.705661
0.575758 0.116162 298.739998 298.740856
0.575758 0.121212 298.776482 298.777316
0.575758 0.126263 298.814193 298.815001
0.575758 0.131313 298.853092 298.853875
0.575758 0.136364 298.893140 298.893897
0.575758 0.141414 298.934297 298.935026
0.575758 0.146465 298.976520 298.977221
0.575758 0.151515 299.019766 299.020440
0.575758 0.156566 299.063992 299.064637
0.575758 0.161616 299.109154 299.109769
0.575758 0.166667 299.155205 299.155791
0.575758 0.171717 299.202099 299.202655
0.575758 0.176768 299.249789 299.250315
0.575758 0.181818 299.298227 299.298722
0.575758 0.186869 299.347365 299.347828
0.575758 0.191919 299.397153 299.397585
0.575758 0.196970 299.447541 299.447942
0.575758 0.202020 299.498479 299.498848
0.575758 0.207071 299.549917 299.550253
0.575758 0.212121 299.601802 299.602106
0.575758 0.217172 299.654083 299.654355
0.575758 0.222222 299.706708 299.706947
0.575758 0.227273 299.759625 299.759831
0.575758 0.232323 299.812781 299.812954
0.575758 0.237374 299.866123 299.866263
0.575758 0.242424 299.919597 299.919704
0.575758 0.247475 299.973152 299.973226
0.575758 0.252525 300.026733 300.026774
0.575758 0.257576 300.080288 300.080296
0.575758 0.262626 300.133763 300.133737
0.575758 0.267677 300.187104 300.187046
0.575758 0.272727 300.240260 300.240169
0.575758 0.277778 300.293177 300.293053
0.575758 0.282828 300.345802 300.345645
0.575758 0.287879 300.398083 300.397894
0.575758 0.292929 300.449968 300.449747
0.575758 0.297980 300.501406 300.501152
0.575758 0.303030 300.552344 300.552058
0.575758 0.308081 300.602732 300.602415
0.575758 0.313131 300.652520 300.652172
0.575758 0.318182 300.701658 300.701278
0.575758 0.323232 300.750096 300.749685
0.575758 0.328283 300.797786 300.797345
0.575758 0.333333 300.844680 300.844209
0.575758 0.338384 300.890731 300.890231
0.575758 0.343434 300.935893 300.935363
0.575758 0.348485 300.980119 300.979560
0.575758 0.353535 301.023365 301.022779
0.575758 0.358586 301.065588 301.064974
0.575758 0.363636 301.106745 301.106103
0.575758 0.368687 301.146793 301.146125
0.575758 0.373737 301.185692 301.184999
0.575758 0.378788 301.223403 301.222684
0.575758 0.383838 301.259887 301.259144
0.575758 0.388889 301.295106 301.294339
0.575758 0.393939 301.329026 301.328236
0.575758 0.398990 301.361610 301.360797
0.575758 0.404040 301.392825 301.391991
0.575758 0.409091 301.422640 301.421786
0.575758 0.414141 301.451023 301.450149
0.575758 0.419192 301.477945 301.477053
0.575758 0.424242 301.503379 301.502469
0.575758 0.429293 301.527298 301.526372
0.575758 0.434343 301.549678 301.548736
0.575758 0.439394 301.570494 301.569538
0.575758 0.444444 301.589726 301.588756
0.575758 0.449495 301.607354 301.606371
0.575758 0.454545 301.623359 301.622365
0.575758 0.459596 301.637724 301.636720
0.575758 0.464646 301.650435 301.649421
0.575758 0.469697 301.661478 301.660457
0.575758 0.474747 301.670842 301.669814
0.575758 0.479798 301.678516 301.677483
0.575758 0.484848 301.684494 301.683456
0.575758 0.489899 301.688768 301.687727
0.575758 0.494949 301.691334 301.690291
0.575758 0.500000 301.692190 301.691146
0.585859 0.000000 298.196549 298.197757
0.585859 0.005051 298.197461 298.198669
0.585859 0.010101 298.200198 298.201403
0.585859 0.015152 298.204755 298.205957
0.585859 0.020202 298.211129 298.212327
0.585859 0.025253 298.219312 298.220504
0.585859 0.030303 298.229297 298.230481
0.585859 0.035354 298.241072 298.242248
0.585859 0.040404 298.254625 298.255791
0.585859 0.045455 298.269941 298.271097
0.585859 0.050505 298.287006 298.288150
0.585859 0.055556 298.305801 298.306931
0.585859 0.060606 298.326306 298.327422
0.585859 0.065657 298.348500 298.349601
0.585859 0.070707 298.372360 298.373444
0.585859 0.075758 298.397860 298.398927
0.585859 0.080808 298.424975 298.426024
0.585859 0.085859 298.453677 298.454705
0.585859 0.090909 298.483935 298.484942
0.585859 0.095960 298.515718 298.516704
0.585859 0.101010 298.548993 298.549957
0.585859 0.106061 298.583726 298.584667
0.585859 0.111111 298.619882 298.620798
0.585859 0.116162 298.657422 298.658314
0.585859 0.121212 298.696309 298.697175
0.585859 0.126263 298.736503 298.737342
0.585859 0.131313 298.777962 298.778775
0.585859 0.136364 298.820645 298.821430
0.585859 0.141414 298.864508 298.865264
0.585859 0.146465 298.909506 298.910233
0.585859 0.151515 298.955593 298.956291
0.585859 0.156566 299.002724 299.003392
0.585859 0.161616 299.050849 299.051487
0.585859 0.166667 299.099922 299.100528
0.585859 0.171717 299.149892 299.150467
0.585859 0.176768 299.200708 299.201252
0.585859 0.181818 299.252321 299.252833
0.585859 0.186869 299.304678 299.305157
0.585859 0.191919 299.357727 299.358173
0.585859 0.196970 299.411414 299.411828
0.585859 0.202020 299.465687 299.466067
0.585859 0.207071 299.520490 299.520837
0.585859 0.212121 299.575770 299.576083
0.585859 0.217172 299.631471 299.631751
0.585859 0.222222 299.687538 299.687784
0.585859 0.227273 299.743915 299.744126
0.585859 0.232323 299.800546 299.800723
0.585859 0.237374 299.857375 299.857518
0.585859 0.242424 299.914346 299.914454
0.585859 0.247475 299.971401 299.971475
0.585859 0.252525 300.028485 300.028525
0.585859 0.257576 300.085540 300.085546
0.585859 0.262626 300.142511 300.142482
0.585859 0.267677 300.199340 300.199277
0.585859 0.272727 300.255971 300.255874
0.585859 0.277778 300.312348 300.312216
0.585859 0.282828 300.368415 300.368249
0.585859 0.287879 300.424116 300.423917
0.585859 0.292929 300.479396 300.479163
0.585859 0.297980 300.534199 300.533933
0.585859 0.303030 300.588472 300.588172
0.585859 0.308081 300.642159 300.641827
0.585859 0.313131 300.695208 300.694843
0.585859 0.318182 300.747565 300.747167
0.585859 0.323232 300.799178 300.798748
0.585859 0.328283 300.849994 300.849533
0.585859 0.333333 300.899964 300.899472
0.585859 0.338384 300.949037 300.948513
0.585859 0.343434 300.997162 300.996608
0.585859 0.348485 301.044293 301.043709
0.585859 0.353535 301.090380 301.089767
0.585859 0.358586 301.135378 301.134736
0.585859 0.363636 301.179241 301.178570
0.585859 0.368687 301.221924 301.221225
0.585859 0.373737 301.263383 301.262658
0.585859 0.378788 301.303577 301.302825
0.585859 0.383838 301.342464 301.341686
0.585859 0.388889 301.380005 301.379202
0.585859 0.393939 301.416160 301.415333
0.585859 0.398990 301.450893 301.450043
0.585859 0.404040 301.484169 301.483296
0.585859 0.409091 301.515951 301.515058
0.585859 0.414141 301.546209 301.545295
0.585859 0.419192 301.574911 301.573976
0.585859 0.424242 301.602026 301.601073
0.585859 0.429293 301.627526 301.626556
0.585859 0.434343 301.651386 301.650399
0.585859 0.439394 301.673580 301.672578
0.585859 0.444444 301.694085 301.693069
0.585859 0.449495 301.712880 301.711850
0.585859 0.454545 301.729945 301.728903
0.585859 0.459596 301.745261 301.744209
0.585859 0.464646 301.758814 301.757752
0.585859 0.469697 301.770589 301.769519
0.585859 0.474747 301.780574 301.779496
0.585859 0.479798 301.788757 301.787673
0.585859 0.484848 301.795131 301.794043
0.585859 0.489899 301.799688 301.798597
0.585859 0.494949 301.802425 301.801331
0.585859 0.500000 301.803337 301.802243
0.595960 0.000000 298.078103 298.079362
0.595960 0.005051 298.079076 298.080335
0.595960 0.010101 298.081994 298.083251
0.595960 0.015152 298.086854 298.088107
0.595960 0.020202 298.093651 298.094899
0.595960 0.025253 298.102378 298.103620
0.595960 0.030303 298.113025 298.114259
0.595960 0.035354 298.125581 298.126806
0.595960 0.040404 298.140033 298.141248
0.595960 0.045455 298.156365 298.157570
0.595960 0.050505 298.174561 298.175753
0.595960 0.055556 298.194602 298.195779
0.595960 0.060606 298.216466 298.217628
0.595960 0.065657 298.240129 298.241276
0.595960 0.070707 298.265569 298.266698
0.595960 0.075758 298.292757 298.293867
0.595960 0.080808 298.321666 298.322757
0.595960 0.085859 298.352265 298.353335
0.595960 0.090909 298.384523 298.385571
0.595960 0.095960 298.418406 298.419431
0.595960 0.101010 298.453878 298.454880
0.595960 0.106061 298.490904 298.491881
0.595960 0.111111 298.529444 298.530396
0.595960 0.116162 298.569460 298.570386
0.595960 0.121212 298.610910 298.611808
0.595960 0.126263 298.653751 298.654622
0.595960 0.131313 298.697939 298.698782
0.595960 0.136364 298.743430 298.744244
0.595960 0.141414 298.790178 298.790961
0.595960 0.146465 298.838133 298.838887
0.595960 0.151515 298.887248 298.887971
0.595960 0.156566 298.937474 298.938165
0.595960 0.161616 298.988758 298.989418
0.595960 0.166667 299.041050 299.041677
0.595960 0.171717 299.094296 299.094891
0.595960 0.176768 299.148444 299.149006
0.595960 0.181818 299.203438 299.203967
0.595960 0.186869 299.259224 299.259719
0.595960 0.191919 299.315746 299.316207
0.595960 0.196970 299.372947 299.373374
0.595960 0.202020 299.430771 299.431163
0.595960 0.207071 299.489159 299.489516
0.595960 0.212121 299.548054 299.548376
0.595960 0.217172 299.607396 299.607683
0.595960 0.222222 299.667128 299.667379
0.595960 0.227273 299.727189 299.727405
0.595960 0.232323 299.787521 299.787701
0.595960 0.237374 299.848062 299.848208
0.595960 0.242424 299.908755 299.908865
0.595960 0.247475 299.969537 299.969611
0.595960 0.252525 300.030350 300.030389
0.595960 0.257576 300.091132 300.091135
0.595960 0.262626 300.151825 300.151792
0.595960 0.267677 300.212367 300.212299
0.595960 0.272727 300.272698 300.272595
0.595960 0.277778 300.332759 300.332621
0.595960 0.282828 300.392491 300.392317
0.595960 0.287879 300.451834 300.451624
0.595960 0.292929 300.510728 300.510484
0.595960 0.297980 300.569116 300.568837
0.595960 0.303030 300.626940 300.626626
0.595960 0.308081 300.684141 300.683793
0.595960 0.313131 300.740663 300.740281
0.595960 0.318182 300.796449 300.796033
0.595960 0.323232 300.851443 300.850994
0.595960 0.328283 300.905591 300.905109
0.595960 0.333333 300.958837 300.958323
0.595960 0.338384 301.011129 301.010582
0.595960 0.343434 301.062414 301.061835
0.595960 0.348485 301.112639 301.112029
0.595960 0.353535 301.161754 301.161113
0.595960 0.358586 301.209710 301.209039
0.595960 0.363636 301.256457 301.255756
0.595960 0.368687 301.301948 301.301218
0.595960 0.373737 301.346137 301.345378
0.595960 0.378788 301.388978 301.388192
0.595960 0.383838 301.430427 301.429614
0.595960 0.388889 301.470443 301.469604
0.595960 0.393939 301.508983 301.508119
0.595960 0.398990 301.546009 301.545120
0.595960 0.404040 301.581481 301.580569
0.595960 0.409091 301.615364 301.614429
0.595960 0.414141 301.647622 301.646665
0.595960 0.419192 301.678221 301.677243
0.595960 0.424242 301.707130 301.706133
0.595960 0.429293 301.734318 301.733302
0.595960 0.434343 301.759758 301.758724
0.595960 0.439394 301.783422 301.782372
0.595960 0.444444 301.805285 301.804221
0.595960 0.449495 301.825326 301.824247
0.595960 0.454545 301.843522 301.842430
0.595960 0.459596 301.859855 301.858752
0.595960 0.464646 301.874307 301.873194
0.595960 0.469697 301.886863 301.885741
0.595960 0.474747 301.897510 301.896380
0.595960 0.479798 301.906236 301.905101
0.595960 0.484848 301.913033 301.911893
0.595960 0.489899 301.917893 301.916749
0.595960 0.494949 301.920811 301.919665
0.595960 0.500000 301.921784 301.920638
0.606061 0.000000 297.951873 297.953186
0.606061 0.005051 297.952910 297.954223
0.606061 0.010101 297.956023 297.957333
0.606061 0.015152 297.961206 297.962512
0.606061 0.020202 297.968455 297.969756
0.606061 0.025253 297.977761 297.979056
0.606061 0.030303 297.989116 297.990402
0.606061 0.035354 298.002506 298.003783
0.606061 0.040404 298.017918 298.019185
0.606061 0.045455 298.035335 298.036590
0.606061 0.050505 298.054739 298.055980
0.606061 0.055556 298.076110 298.077336
0.606061 0.060606 298.099424 298.100634
0.606061 0.065657 298.124657 298.125850
0.606061 0.070707 298.151783 298.152957
0.606061 0.075758 298.180772 298.181927
0.606061 0.080808 298.211596 298.212730
0.606061 0.085859 298.244220 298.245332
0.606061 0.090909 298.278612 298.279701
0.606061 0.095960 298.314735 298.315800
0.606061 0.101010 298.352551 298.353592
0.606061 0.106061 298.392022 298.393037
0.606061 0.111111 298.433106 298.434094
0.606061 0.116162 298.475762 298.476722
0.606061 0.121212 298.519944 298.520876
0.606061 0.126263 298.565608 298.566511
0.606061 0.131313 298.612707 298.613580
0.606061 0.136364 298.661192 298.662035
0.606061 0.141414 298.711014 298.711825
0.606061 0.146465 298.762122 298.762902
0.606061 0.151515 298.814464 298.815212
0.606061 0.156566 298.867987 298.868702
0.606061 0.161616 298.922637 298.923319
0.606061 0.166667 298.978359 298.979008
0.606061 0.171717 299.035097 299.035711
0.606061 0.176768 299.092792 299.093372
0.606061 0.181818 299.151389 299.151934
0.606061 0.186869 299.210827 299.211338
0.606061 0.191919 299.271048 299.271523
0.606061 0.196970 299.331991 299.332431
0.606061 0.202020 299.393596 299.394000
0.606061 0.207071 299.455801 299.456169
0.606061 0.212121 299.518545 299.518876
0.606061 0.217172 299.581765 299.582060
0.606061 0.222222 299.645398 299.645656
0.606061 0.227273 299.709382 299.709604
0.606061 0.232323 299.773653 299.773838
0.606061 0.237374 299.838148 299.838296
0.606061 0.242424 299.902802 299.902914
0.606061 0.247475 299.967553 299.967627
0.606061 0.252525 300.032335 300.032373
0.606061 0.257576 300.097086 300.097086
0.606061 0.262626 300.161740 300.161704
0.606061 0.267677 300.226235 300.226162
0.606061 0.272727 300.290506 300.290396
0.606061 0.277778 300.354490 300.354344
0.606061 0.282828 300.418123 300.417940
0.606061 0.287879 300.481343 300.481124
0.606061 0.292929 300.544087 300.543831
0.606061 0.297980 300.606292 300.606000
0.606061 0.303030 300.667897 300.667569
0.606061 0.308081 300.728840 300.728477
0.606061 0.313131 300.789061 300.788662
0.606061 0.318182 300.848499 300.848066
0.606061 0.323232 300.907096 300.906628
0.606061 0.328283 300.964792 300.964289
0.606061 0.333333 301.021529 301.020992
0.606061 0.338384 301.077251 301.076681
0.606061 0.343434 301.131901 301.131298
0.606061 0.348485 301.185425 301.184788
0.606061 0.353535 301.237767 301.237098
0.606061 0.358586 301.288875 301.288175
0.606061 0.363636 301.338697 301.337965
0.606061 0.368687 301.387182 301.386420
0.606061 0.373737 301.434280 301.433489
0.606061 0.378788 301.479944 301.479124
0.606061 0.383838 301.524127 301.523278
0.606061 0.388889 301.566782 301.565906
0.606061 0.393939 301.607866 301.606963
0.606061 0.398990 301.647337 301.646408
0.606061 0.404040 301.685154 301.684200
0.606061 0.409091 301.721277 301.720299
0.606061 0.414141 301.755668 301.754668
0.606061 0.419192 301.788293 301.787270
0.606061 0.424242 301.819116 301.818073
0.606061 0.429293 301.848106 301.847043
0.606061 0.434343 301.875231 301.874150
0.606061 0.439394 301.900464 301.899366
0.606061 0.444444 301.923778 301.922664
0.606061 0.449495 301.945149 301.944020
0.606061 0.454545 301.964553 301.963410
0.606061 0.459596 301.981970 301.980815
0.606061 0.464646 301.997382 301.996217
0.606061 0.469697 302.010773 302.009598
0.606061 0.474747 302.022127 302.020944
0.606061 0.479798 302.031434 302.030244
0.606061 0.484848 302.038683 302.037488
0.606061 0.489899 302.043866 302.042667
0.606061 0.494949 302.046978 302.045777
0.606061 0.500000 302.048016 302.046814
0.616162 0.000000 297.817340 297.818709
0.616162 0.005051 297.818447 297.819815
0.616162 0.010101 297.821767 297.823132
0.616162 0.015152 297.827295 297.828657
0.616162 0.020202 297.835027 297.836383
0.616162 0.025253 297.844953 297.846302
0.616162 0.030303 297.857063 297.858404
0.616162 0.035354 297.871345 297.872676
0.616162 0.040404 297.887782 297.889102
0.616162 0.045455 297.906358 297.907665
0.616162 0.050505 297.927052 297.928345
0.616162 0.055556 297.949843 297.951120
0.616162 0.060606 297.974706 297.975966
0.616162 0.065657 298.001615 298.002856
0.616162 0.070707 298.030541 298.031762
0.616162 0.075758 298.061453 298.062654
0.616162 0.080808 298.094320 298.095499
0.616162 0.085859 298.129106 298.130262
0.616162 0.090909 298.165775 298.166907
0.616162 0.095960 298.204289 298.205395
0.616162 0.101010 298.244607 298.245687
0.616162 0.106061 298.286686 298.287739
0.616162 0.111111 298.330485 298.331509
0.616162 0.116162 298.375956 298.376952
0.616162 0.121212 298.423053 298.424019
0.616162 0.126263 298.471727 298.472663
0.616162 0.131313 298.521928 298.522833
0.616162 0.136364 298.573605 298.574478
0.616162 0.141414 298.626705 298.627545
0.616162 0.146465 298.681174 298.681981
0.616162 0.151515 298.736955 298.737728
0.616162 0.156566 298.793993 298.794732
0.616162 0.161616 298.852230 298.852934
0.616162 0.166667 298.911606 298.912276
0.616162 0.171717 298.972063 298.972697
0.616162 0.176768 299.033539 299.034137
0.616162 0.181818 299.095972 299.096534
0.616162 0.186869 299.159301 299.159826
0.616162 0.191919 299.223461 299.223950
0.616162 0.196970 299.288389 299.288841
0.616162 0.202020 299.354021 299.354435
0.616162 0.207071 299.420290 299.420668
0.616162 0.212121 299.487132 299.487472
0.616162 0.217172 299.554480 299.554782
0.616162 0.222222 299.622267 299.622531
0.616162 0.227273 299.690427 299.690653
0.616162 0.232323 299.758892 299.759080
0.616162 0.237374 299.827594 299.827745
0.616162 0.242424 299.896466 299.896579
0.616162 0.247475 299.965441 299.965515
0.616162 0.252525 300.034449 300.034485
0.616162 0.257576 300.103423 300.103421
0.616162 0.262626 300.172296 300.172255
0.616162 0.267677 300.240998 300.240920
0.616162 0.272727 300.309463 300.309347
0.616162 0.277778 300.377623 300.377469
0.616162 0.282828 300.445410 300.445218
0.616162 0.287879 300.512758 300.512528
0.616162 0.292929 300.579600 300.579332
0.616162 0.297980 300.645869 300.645565
0.616162 0.303030 300.711501 300.711159
0.616162 0.308081 300.776429 300.776050
0.616162 0.313131 300.840589 300.840174
0.616162 0.318182 300.903918 300.903466
0.616162 0.323232 300.966351 300.965863
0.616162 0.328283 301.027827 301.027303
0.616162 0.333333 301.088283 301.087724
0.616162 0.338384 301.147660 301.147066
0.616162 0.343434 301.205897 301.205268
0.616162 0.348485 301.262935 301.262272
0.616162 0.353535 301.318716 301.318019
0.616162 0.358586 301.373185 301.372455
0.616162 0.363636 301.426284 301.425522
0.616162 0.368687 301.477961 301.477167
0.616162 0.373737 301.528163 301.527337
0.616162 0.378788 301.576837 301.575981
0.616162 0.383838 301.623934 301.623048
0.616162 0.388889 301.669405 301.668491
0.616162 0.393939 301.713203 301.712261
0.616162 0.398990 301.755283 301.754313
0.616162 0.404040 301.795601 301.794605
0.616162 0.409091 301.834114 301.833093
0.616162 0.414141 301.870783 301.869738
0.616162 0.419192 301.905569 301.904501
0.616162 0.424242 301.938436 301.937346
0.616162 0.429293 301.969349 301.968238
0.616162 0.434343 301.998275 301.997144
0.616162 0.439394 302.025184 302.024034
0.616162 0.444444 302.050047 302.048880
0.616162 0.449495 302.072837 302.071655
0.616162 0.454545 302.093531 302.092335
0.616162 0.459596 302.112107 302.110898
0.616162 0.464646 302.128545 302.127324
0.616162 0.469697 302.142826 302.141596
0.616162 0.474747 302.154937 302.153698
0.616162 0.479798 302.164863 302.163617
0.616162 0.484848 302.172594 302.171343
0.616162 0.489899 302.178123 302.176868
0.616162 0.494949 302.181442 302.180185
0.616162 0.500000 302.182549 302.181291
0.626263 0.000000 297.673953 297.675380
0.626263 0.005051 297.675134 297.676560
0.626263 0.010101 297.678675 297.680098
0.626263 0.015152 297.684573 297.685992
0.626263 0.020202 297.692820 297.694233
0.626263 0.025253 297.703408 297.704814
0.626263 0.030303 297.716327 297.717723
0.626263 0.035354 297.731560 297.732947
0.626263 0.040404 297.749094 297.750468
0.626263 0.045455 297.768907 297.770267
0.626263 0.050505 297.790980 297.792325
0.626263 0.055556 297.815288 297.816616
0.626263 0.060606 297.841805 297.843116
0.626263 0.065657 297.870503 297.871794
0.626263 0.070707 297.901352 297.902622
0.626263 0.075758 297.934318 297.935567
0.626263 0.080808 297.969367 297.970592
0.626263 0.085859 298.006461 298.007662
0.626263 0.090909 298.045561 298.046736
0.626263 0.095960 298.086627 298.087775
0.626263 0.101010 298.129614 298.130734
0.626263 0.106061 298.174477 298.175569
0.626263 0.111111 298.221171 298.222234
0.626263 0.116162 298.269646 298.270678
0.626263 0.121212 298.319852 298.320853
0.626263 0.126263 298.371737 298.372706
0.626263 0.131313 298.425247 298.426183
0.626263 0.136364 298.480328 298.481231
0.626263 0.141414 298.536923 298.537791
0.626263 0.146465 298.594973 298.595807
0.626263 0.151515 298.654420 298.655219
0.626263 0.156566 298.715204 298.715967
0.626263 0.161616 298.777263 298.777990
0.626263 0.166667 298.840533 298.841224
0.626263 0.171717 298.904952 298.905606
0.626263 0.176768 298.970455 298.971071
0.626263 0.181818 299.036975 299.037554
0.626263 0.186869 299.104447 299.104988
0.626263 0.191919 299.172802 299.173305
0.626263 0.196970 299.241974 299.242439
0.626263 0.202020 299.311893 299.312319
0.626263 0.207071 299.382490 299.382877
0.626263 0.212121 299.453694 299.454043
0.626263 0.217172 299.525437 299.525746
0.626263 0.222222 299.597646 299.597916
0.626263 0.227273 299.670251 299.670482
0.626263 0.232323 299.743180 299.743372
0.626263 0.237374 299.816361 299.816514
0.626263 0.242424 299.889723 299.889836
0.626263 0.247475 299.963193 299.963267
0.626263 0.252525 300.036699 300.036733
0.626263 0.257576 300.110169 300.110164
0.626263 0.262626 300.183530 300.183486
0.626263 0.267677 300.256711 300.256628
0.626263 0.272727 300.329640 300.329518
0.626263 0.277778 300.402245 300.402084
0.626263 0.282828 300.474454 300.474254
0.626263 0.287879 300.546197 300.545957
0.626263 0.292929 300.617402 300.617123
0.626263 0.297980 300.687998 300.687681
0.626263 0.303030 300.757917 300.757561
0.626263 0.308081 300.827089 300.826695
0.626263 0.313131 300.895445 300.895012
0.626263 0.318182 300.962916 300.962446
0.626263 0.323232 301.029436 301.028929
0.626263 0.328283 301.094939 301.094394
0.626263 0.333333 301.159358 301.158776
0.626263 0.338384 301.222628 301.222010
0.626263 0.343434 301.284687 301.284033
0.626263 0.348485 301.345471 301.344781
0.626263 0.353535 301.404918 301.404193
0.626263 0.358586 301.462969 301.462209
0.626263 0.363636 301.519563 301.518769
0.626263 0.368687 301.574644 301.573817
0.626263 0.373737 301.628154 301.627294
0.626263 0.378788 301.680039 301.679147
0.626263 0.383838 301.730245 301.729322
0.626263 0.388889 301.778720 301.777766
0.626263 0.393939 301.825414 301.824431
0.626263 0.398990 301.870277 301.869266
0.626263 0.404040 301.913265 301.912225
0.626263 0.409091 301.954330 301.953264
0.626263 0.414141 301.993430 301.992338
0.626263 0.419192 302.030524 302.029408
0.626263 0.424242 302.065573 302.064433
0.626263 0.429293 302.098539 302.097378
0.626263 0.434343 302.129388 302.128206
0.626263 0.439394 302.158086 302.156884
0.626263 0.444444 302.184603 302.183384
0.626263 0.449495 302.208911 302.207675
0.626263 0.454545 302.230984 302.229733
0.626263 0.459596 302.250798 302.249532
0.626263 0.464646 302.268331 302.267053
0.626263 0.469697 302.283565 302.282277
0.626263 0.474747 302.296483 302.295186
0.626263 0.479798 302.307071 302.305767
0.626263 0.484848 302.315319 302.314008
0.626263 0.489899 302.321216 302.319902
0.626263 0.494949 302.324757 302.323440
0.626263 0.500000 302.325938 302.324620
0.636364 0.000000 297.521120 297.522607
0.636364 0.005051 297.522380 297.523866
0.636364 0.010101 297.526158 297.527641
0.636364 0.015152 297.532450 297.533929
0.636364 0.020202 297.541249 297.542721
0.636364 0.025253 297.552545 297.554010
0.636364 0.030303 297.566327 297.567782
0.636364 0.035354 297.582579 297.584023
0.636364 0.040404 297.601283 297.602714
0.636364 0.045455 297.622420 297.623836
0.636364 0.050505 297.645965 297.647365
0.636364 0.055556 297.671895 297.673277
0.636364 0.060606 297.700180 297.701543
0.636364 0.065657 297.730791 297.732133
0.636364 0.070707 297.763693 297.765014
0.636364 0.075758 297.798853 297.800150
0.636364 0.080808 297.836232 297.837505
0.636364 0.085859 297.875791 297.877038
0.636364 0.090909 297.917488 297.918707
0.636364 0.095960 297.961277 297.962468
0.636364 0.101010 298.007114 298.008276
0.636364 0.106061 298.054949 298.056081
0.636364 0.111111 298.104733 298.105833
0.636364 0.116162 298.156413 298.157482
0.636364 0.121212 298.209936 298.210971
0.636364 0.126263 298.265246 298.266248
0.636364 0.131313 298.322285 298.323253
0.636364 0.136364 298.380995 298.381928
0.636364 0.141414 298.441316 298.442213
0.636364 0.146465 298.503185 298.504046
0.636364 0.151515 298.566540 298.567364
0.636364 0.156566 298.631316 298.632103
0.636364 0.161616 298.697448 298.698197
0.636364 0.166667 298.764867 298.765579
0.636364 0.171717 298.833507 298.834180
0.636364 0.176768 298.903299 298.903933
0.636364 0.181818 298.974172 298.974768
0.636364 0.186869 299.046057 299.046613
0.636364 0.191919 299.118880 299.119396
0.636364 0.196970 299.192570 299.193047
0.636364 0.202020 299.267054 299.267491
0.636364 0.207071 299.342257 299.342654
0.636364 0.212121 299.418106 299.418463
0.636364 0.217172 299.494527 299.494843
0.636364 0.222222 299.571442 299.571719
0.636364 0.227273 299.648778 299.649014
0.636364 0.232323 299.726458 299.726654
0.636364 0.237374 299.804406 299.804561
0.636364 0.242424 299.882546 299.882660
0.636364 0.247475 299.960800 299.960874
0.636364 0.252525 300.039093 300.039126
0.636364 0.257576 300.117347 300.117340
0.636364 0.262626 300.195486 300.195439
0.636364 0.267677 300.273434 300.273346
0.636364 0.272727 300.351114 300.350986
0.636364 0.277778 300.428450 300.428281
0.636364 0.282828 300.505366 300.505157
0.636364 0.287879 300.581786 300.581537
0.636364 0.292929 300.657636 300.657346
0.636364 0.297980 300.732839 300.732509
0.636364 0.303030 300.807323 300.806953
0.636364 0.308081 300.881013 300.880604
0.636364 0.313131 300.953836 300.953387
0.636364 0.318182 301.025720 301.025232
0.636364 0.323232 301.096594 301.096067
0.636364 0.328283 301.166385 301.165820
0.636364 0.333333 301.235025 301.234421
0.636364 0.338384 301.302445 301.301803
0.636364 0.343434 301.368576 301.367897
0.636364 0.348485 301.433352 301.432636
0.636364 0.353535 301.496707 301.495954
0.636364 0.358586 301.558577 301.557787
0.636364 0.363636 301.618897 301.618072
0.636364 0.368687 301.677608 301.676747
0.636364 0.373737 301.734647 301.733752
0.636364 0.378788 301.789957 301.789029
0.636364 0.383838 301.843480 301.842518
0.636364 0.388889 301.895160 301.894167
0.636364 0.393939 301.944944 301.943919
0.636364 0.398990 301.992779 301.991724
0.636364 0.404040 302.038616 302.037532
0.636364 0.409091 302.082405 302.081293
0.636364 0.414141 302.124101 302.122962
0.636364 0.419192 302.163660 302.162495
0.636364 0.424242 302.201039 302.199850
0.636364 0.429293 302.236199 302.234986
0.636364 0.434343 302.269102 302.267867
0.636364 0.439394 302.299712 302.298457
0.636364 0.444444 302.327998 302.326723
0.636364 0.449495 302.353927 302.352635
0.636364 0.454545 302.377473 302.376164
0.636364 0.459596 302.398609 302.397286
0.636364 0.464646 302.417314 302.415977
0.636364 0.469697 302.433566 302.432218
0.636364 0.474747 302.447347 302.445990
0.636364 0.479798 302.458644 302.457279
0.636364 0.484848 302.467443 302.466071
0.636364 0.489899 302.473735 302.472359
0.636364 0.494949 302.477513 302.476134
0.636364 0.500000 302.478772 302.477393
0.646465 0.000000 297.358209 297.359759
0.646465 0.005051 297.359554 297.361102
0.646465 0.010101 297.363585 297.365130
0.646465 0.015152 297.370299 297.371840
0.646465 0.020202 297.379688 297.381222
0.646465 0.025253 297.391741 297.393267
0.646465 0.030303 297.406447 297.407962
0.646465 0.035354 297.423787 297.425291
0.646465 0.040404 297.443744 297.445234
0.646465 0.045455 297.466295 297.467769
0.646465 0.050505 297.491416 297.492873
0.646465 0.055556 297.519079 297.520517
0.646465 0.060606 297.549254 297.550672
0.646465 0.065657 297.581909 297.583304
0.646465 0.070707 297.617007 297.618379
0.646465 0.075758 297.654510 297.655857
0.646465 0.080808 297.694380 297.695701
0.646465 0.085859 297.736571 297.737865
0.646465 0.090909 297.781041 297.782305
0.646465 0.095960 297.827740 297.828974
0.646465 0.101010 297.876619 297.877823
0.646465 0.106061 297.927626 297.928798
0.646465 0.111111 297.980709 297.981848
0.646465 0.116162 298.035810 298.036915
0.646465 0.121212 298.092872 298.093943
0.646465 0.126263 298.151835 298.152871
0.646465 0.131313 298.212639 298.213639
0.646465 0.136364 298.275221 298.276184
0.646465 0.141414 298.339515 298.340440
0.646465 0.146465 298.405456 298.406344
0.646465 0.151515 298.472976 298.473826
0.646465 0.156566 298.542007 298.542818
0.646465 0.161616 298.612479 298.613250
0.646465 0.166667 298.684319 298.685051
0.646465 0.171717 298.757457 298.758149
0.646465 0.176768 298.831817 298.832469
0.646465 0.181818 298.907327 298.907938
0.646465 0.186869 298.983910 298.984481
0.646465 0.191919 299.061490 299.062020
0.646465 0.196970 299.139991 299.140480
0.646465 0.202020 299.219334 299.219782
0.646465 0.207071 299.299442 299.299849
0.646465 0.212121 299.380235 299.380600
0.646465 0.217172 299.461634 299.461958
0.646465 0.222222 299.543559 299.543841
0.646465 0.227273 299.625930 299.626170
0.646465 0.232323 299.708665 299.708864
0.646465 0.237374 299.791685 299.791843
0.646465 0.242424 299.874909 299.875024
0.646465 0.247475 299.958254 299.958328
0.646465 0.252525 300.041640 300.041672
0.646465 0.257576 300.124986 300.124976
0.646465 0.262626 300.208209 300.208157
0.646465 0.267677 300.291229 300.291136
0.646465 0.272727 300.373965 300.373830
0.646465 0.277778 300.456336 300.456159
0.646465 0.282828 300.538260 300.538042
0.646465 0.287879 300.619659 300.619400
0.646465 0.292929 300.700452 300.700151
0.646465 0.297980 300.780560 300.780218
0.646465 0.303030 300.859903 300.859520
0.646465 0.308081 300.938404 300.937980
0.646465 0.313131 301.015984 301.015519
0.646465 0.318182 301.092567 301.092062
0.646465 0.323232 301.168077 301.167531
0.646465 0.328283 301.242438 301.241851
0.646465 0.333333 301.315575 301.314949
0.646465 0.338384 301.387416 301.386750
0.646465 0.343434 301.457887 301.457182
0.646465 0.348485 301.526918 301.526174
0.646465 0.353535 301.594438 301.593656
0.646465 0.358586 301.660379 301.659560
0.646465 0.363636 301.724674 301.723816
0.646465 0.368687 301.787255 301.786361
0.646465 0.373737 301.848059 301.847129
0.646465 0.378788 301.907023 301.906057
0.646465 0.383838 301.964085 301.963085
0.646465 0.388889 302.019186 302.018152
0.646465 0.393939 302.072268 302.071202
0.646465 0.398990 302.123276 302.122177
0.646465 0.404040 302.172155 302.171026
0.646465 0.409091 302.218854 302.217695
0.646465 0.414141 302.263323 302.262135
0.646465 0.419192 302.305515 302.304299
0.646465 0.424242 302.345384 302.344143
0.646465 0.429293 302.382888 302.381621
0.646465 0.434343 302.417986 302.416696
0.646465 0.439394 302.450640 302.449328
0.646465 0.444444 302.480815 302.479483
0.646465 0.449495 302.508478 302.507127
0.646465 0.454545 302.533599 302.532231
0.646465 0.459596 302.556150 302.554766
0.646465 0.464646 302.576107 302.574709
0.646465 0.469697 302.593448 302.592038
0.646465 0.474747 302.608153 302.606733
0.646465 0.479798 302.620207 302.618778
0.646465 0.484848 302.629596 302.628160
0.646465 0.489899 302.636310 302.634870
0.646465 0.494949 302.640341 302.638898
0.646465 0.500000 302.641685 302.640241
0.656566 0.000000 297.184544 297.186159
0.656566 0.005051 297.185979 297.187593
0.656566 0.010101 297.190281 297.191892
0.656566 0.015152 297.197447 297.199053
0.656566 0.020202 297.207467 297.209066
0.656566 0.025253 297.220332 297.221921
0.656566 0.030303 297.236025 297.237604
0.656566 0.035354 297.254531 297.256096
0.656566 0.040404 297.275828 297.277378
0.656566 0.045455 297.299893 297.301426
0.656566 0.050505 297.326699 297.328214
0.656566 0.055556 297.356216 297.357711
0.656566 0.060606 297.388412 297.389885
0.656566 0.065657 297.423252 297.424701
0.656566 0.070707 297.460697 297.462121
0.656566 0.075758 297.500706 297.502105
0.656566 0.080808 297.543237 297.544607
0.656566 0.085859 297.588242 297.589584
0.656566 0.090909 297.635674 297.636985
0.656566 0.095960 297.685481 297.686760
0.656566 0.101010 297.737610 297.738857
0.656566 0.106061 297.792005 297.793218
0.656566 0.111111 297.848609 297.849788
0.656566 0.116162 297.907362 297.908505
0.656566 0.121212 297.968202 297.969308
0.656566 0.126263 298.031064 298.032133
0.656566 0.131313 298.095884 298.096916
0.656566 0.136364 298.162595 298.163588
0.656566 0.141414 298.231127 298.232080
0.656566 0.146465 298.301409 298.302323
0.656566 0.151515 298.373370 298.374244
0.656566 0.156566 298.446936 298.447770
0.656566 0.161616 298.522033 298.522826
0.656566 0.166667 298.598584 298.599336
0.656566 0.171717 298.676513 298.677223
0.656566 0.176768 298.755740 298.756409
0.656566 0.181818 298.836187 298.836814
0.656566 0.186869 298.917774 298.918359
0.656566 0.191919 299.000420 299.000963
0.656566 0.196970 299.084042 299.084542
0.656566 0.202020 299.168558 299.169016
0.656566 0.207071 299.253886 299.254301
0.656566 0.212121 299.339940 299.340313
0.656566 0.217172 299.426637 299.426967
0.656566 0.222222 299.513892 299.514180
0.656566 0.227273 299.601620 299.601865
0.656566 0.232323 299.689735 299.689937
0.656566 0.237374 299.778152 299.778311
0.656566 0.242424 299.866784 299.866900
0.656566 0.247475 299.955546 299.955619
0.656566 0.252525 300.044350 300.044381
0.656566 0.257576 300.133112 300.133100
0.656566 0.262626 300.221744 300.221689
0.656566 0.267677 300.310161 300.310063
0.656566 0.272727 300.398276 300.398135
0.656566 0.277778 300.486004 300.485820
0.656566 0.282828 300.573259 300.573033
0.656566 0.287879 300.659956 300.659687
0.656566 0.292929 300.746010 300.745699
0.656566 0.297980 300.831338 300.830984
0.656566 0.303030 300.915854 300.915458
0.656566 0.308081 300.999476 300.999037
0.656566 0.313131 301.082122 301.081641
0.656566 0.318182 301.163709 301.163186
0.656566 0.323232 301.244156 301.243591
0.656566 0.328283 301.323384 301.322777
0.656566 0.333333 301.401312 301.400664
0.656566 0.338384 301.477863 301.477174
0.656566 0.343434 301.552960 301.552230
0.656566 0.348485 301.626526 301.625756
0.656566 0.353535 301.698487 301.697677
0.656566 0.358586 301.768770 301.767920
0.656566 0.363636 301.837301 301.836412
0.656566 0.368687 301.904012 301.903084
0.656566 0.373737 301.968832 301.967867
0.656566 0.378788 302.031695 302.030692
0.656566 0.383838 302.092534 302.091495
0.656566 0.388889 302.151287 302.150212
0.656566 0.393939 302.207891 302.206782
0.656566 0.398990 302.262286 302.261143
0.656566 0.404040 302.314415 302.313240
0.656566 0.409091 302.364222 302.363015
0.656566 0.414141 302.411654 302.410416
0.656566 0.419192 302.456659 302.455393
0.656566 0.424242 302.499190 302.497895
0.656566 0.429293 302.539199 302.537879
0.656566 0.434343 302.576644 302.575299
0.656566 0.439394 302.611484 302.610115
0.656566 0.444444 302.643680 302.642289
0.656566 0.449495 302.673198 302.671786
0.656566 0.454545 302.700003 302.698574
0.656566 0.459596 302.724068 302.722622
0.656566 0.464646 302.745365 302.743904
0.656566 0.469697 302.763871 302.762396
0.656566 0.474747 302.779564 302.778079
0.656566 0.479798 302.792429 302.790934
0.656566 0.484848 302.802449 302.800947
0.656566 0.489899 302.809615 302.808108
0.656566 0.494949 302.813917 302.812407
0.656566 0.500000 302.815352 302.813841
0.666667 0.000000 296.999402 297.001085
0.666667 0.005051 297.000933 297.002615
0.666667 0.010101 297.005526 297.007205
0.666667 0.015152 297.013175 297.014848
0.666667 0.020202 297.023872 297.025537
0.666667 0.025253 297.037604 297.039260
0.666667 0.030303 297.054356 297.056000
0.666667 0.035354 297.074109 297.075739
0.666667 0.040404 297.096841 297.098455
0.666667 0.045455 297.122526 297.124122
0.666667 0.050505 297.151135 297.152711
0.666667 0.055556 297.182636 297.184191
0.666667 0.060606 297.216995 297.218526
0.666667 0.065657 297.254173 297.255679
0.666667 0.070707 297.294129 297.295608
0.666667 0.075758 297.336818 297.338269
0.666667 0.080808 297.382195 297.383616
0.666667 0.085859 297.430208 297.431598
0.666667 0.090909 297.480807 297.482164
0.666667 0.095960 297.533935 297.535259
0.666667 0.101010 297.589536 297.590826
0.666667 0.106061 297.647550 297.648804
0.666667 0.111111 297.707915 297.709133
0.666667 0.116162 297.770567 297.771747
0.666667 0.121212 297.835439 297.836580
0.666667 0.126263 297.902463 297.903565
0.666667 0.131313 297.971569 297.972631
0.666667 0.136364 298.042684 298.043706
0.666667 0.141414 298.115735 298.116717
0.666667 0.146465 298.190647 298.191587
0.666667 0.151515 298.267343 298.268241
0.666667 0.156566 298.345743 298.346599
0.666667 0.161616 298.425769 298.426583
0.666667 0.166667 298.507340 298.508111
0.666667 0.171717 298.590372 298.591100
0.666667 0.176768 298.674784 298.675469
0.666667 0.181818 298.760490 298.761131
0.666667 0.186869 298.847405 298.848003
0.666667 0.191919 298.935443 298.935997
0.666667 0.196970 299.024516 299.025028
0.666667 0.202020 299.114539 299.115006
0.666667 0.207071 299.205421 299.205845
0.666667 0.212121 299.297074 299.297454
0.666667 0.217172 299.389408 299.389745
0.666667 0.222222 299.482334 299.482627
0.666667 0.227273 299.575762 299.576010
0.666667 0.232323 299.669599 299.669804
0.666667 0.237374 299.763756 299.763917
0.666667 0.242424 299.858142 299.858259
0.666667 0.247475 299.952665 299.952738
0.666667 0.252525 300.047233 300.047262
0.666667 0.257576 300.141756 300.141741
0.666667 0.262626 300.236141 300.236083
0.666667 0.267677 300.330299 300.330196
0.666667 0.272727 300.424136 300.423990
0.666667 0.277778 300.517563 300.517373
0.666667 0.282828 300.610489 300.610255
0.666667 0.287879 300.702824 300.702546
0.666667 0.292929 300.794477 300.794155
0.666667 0.297980 300.885359 300.884994
0.666667 0.303030 300.975381 300.974972
0.666667 0.308081 301.064455 301.064003
0.666667 0.313131 301.152493 301.151997
0.666667 0.318182 301.239408 301.238869
0.666667 0.323232 301.325114 301.324531
0.666667 0.328283 301.409526 301.408900
0.666667 0.333333 301.492558 301.491889
0.666667 0.338384 301.574129 301.573417
0.666667 0.343434 301.654155 301.653401
0.666667 0.348485 301.732555 301.731759
0.666667 0.353535 301.809251 301.808413
0.666667 0.358586 301.884163 301.883283
0.666667 0.363636 301.957214 301.956294
0.666667 0.368687 302.028329 302.027369
0.666667 0.373737 302.097435 302.096435
0.666667 0.378788 302.164459 302.163420
0.666667 0.383838 302.229331 302.228253
0.666667 0.388889 302.291983 302.290867
0.666667 0.393939 302.352348 302.351196
0.666667 0.398990 302.410362 302.409174
0.666667 0.404040 302.465963 302.464741
0.666667 0.409091 302.519091 302.517836
0.666667 0.414141 302.569690 302.568402
0.666667 0.419192 302.617703 302.616384
0.666667 0.424242 302.663080 302.661731
0.666667 0.429293 302.705769 302.704392
0.666667 0.434343 302.745725 302.744321
0.666667 0.439394 302.782903 302.781474
0.666667 0.444444 302.817261 302.815809
0.666667 0.449495 302.848763 302.847289
0.666667 0.454545 302.877372 302.875878
0.666667 0.459596 302.903057 302.901545
0.666667 0.464646 302.925789 302.924261
0.666667 0.469697 302.945542 302.944000
0.666667 0.474747 302.962294 302.960740
0.666667 0.479798 302.976026 302.974463
0.666667 0.484848 302.986722 302.985152
0.666667 0.489899 302.994372 302.992795
0.666667 0.494949 302.998965 302.997385
0.666667 0.500000 303.000496 302.998915
0.676768 0.000000 296.802007 296.803760
0.676768 0.005051 296.803642 296.805395
0.676768 0.010101 296.808546 296.810295
0.676768 0.015152 296.816714 296.818457
0.676768 0.020202 296.828135 296.829870
0.676768 0.025253 296.842797 296.844522
0.676768 0.030303 296.860683 296.862395
0.676768 0.035354 296.881773 296.883469
0.676768 0.040404 296.906041 296.907721
0.676768 0.045455 296.933461 296.935121
0.676768 0.050505 296.964002 296.965641
0.676768 0.055556 296.997628 296.999244
0.676768 0.060606 297.034302 297.035893
0.676768 0.065657 297.073983 297.075547
0.676768 0.070707 297.116626 297.118161
0.676768 0.075758 297.162183 297.163687
0.676768 0.080808 297.210603 297.212076
0.676768 0.085859 297.261834 297.263274
0.676768 0.090909 297.315819 297.317224
0.676768 0.095960 297.372498 297.373868
0.676768 0.101010 297.431811 297.433144
0.676768 0.106061 297.493692 297.494987
0.676768 0.111111 297.558075 297.559331
0.676768 0.116162 297.624891 297.626107
0.676768 0.121212 297.694068 297.695245
0.676768 0.126263 297.765535 297.766670
0.676768 0.131313 297.839214 297.840307
0.676768 0.136364 297.915030 297.916081
0.676768 0.141414 297.992902 297.993911
0.676768 0.146465 298.072751 298.073717
0.676768 0.151515 298.154495 298.155416
0.676768 0.156566 298.238049 298.238927
0.676768 0.161616 298.323328 298.324162
0.676768 0.166667 298.410247 298.411036
0.676768 0.171717 298.498717 298.499462
0.676768 0.176768 298.588649 298.589350
0.676768 0.181818 298.679955 298.680610
0.676768 0.186869 298.772543 298.773153
0.676768 0.191919 298.866321 298.866887
0.676768 0.196970 298.961198 298.961719
0.676768 0.202020 299.057080 299.057556
0.676768 0.207071 299.153872 299.154304
0.676768 0.212121 299.251482 299.251868
0.676768 0.217172 299.349814 299.350155
0.676768 0.222222 299.448772 299.449069
0.676768 0.227273 299.548261 299.548513
0.676768 0.232323 299.648185 299.648392
0.676768 0.237374 299.748447 299.748610
0.676768 0.242424 299.848952 299.849069
0.676768 0.247475 299.949601 299.949674
0.676768 0.252525 300.050299 300.050326
0.676768 0.257576 300.150948 300.150931
0.676768 0.262626 300.251452 300.251390
0.676768 0.267677 300.351715 300.351608
0.676768 0.272727 300.451639 300.451487
0.676768 0.277778 300.551128 300.550931
0.676768 0.282828 300.650086 300.649845
0.676768 0.287879 300.748418 300.748132
0.676768 0.292929 300.846028 300.845696
0.676768 0.297980 300.942820 300.942444
0.676768 0.303030 301.038702 301.038281
0.676768 0.308081 301.133579 301.133113
0.676768 0.313131 301.227357 301.226847
0.676768 0.318182 301.319945 301.319390
0.676768 0.323232 301.411250 301.410650
0.676768 0.328283 301.501183 301.500538
0.676768 0.333333 301.589653 301.588964
0.676768 0.338384 301.676572 301.675838
0.676768 0.343434 301.761851 301.761073
0.676768 0.348485 301.845405 301.844584
0.676768 0.353535 301.927148 301.926283
0.676768 0.358586 302.006998 302.006089
0.676768 0.363636 302.084870 302.083919
0.676768 0.368687 302.160686 302.159693
0.676768 0.373737 302.234365 302.233330
0.676768 0.378788 302.305832 302.304755
0.676768 0.383838 302.375009 302.373893
0.676768 0.388889 302.441825 302.440669
0.676768 0.393939 302.506208 302.505013
0.676768 0.398990 302.568089 302.566856
0.676768 0.404040 302.627402 302.626132
0.676768 0.409091 302.684081 302.682776
0.676768 0.414141 302.738066 302.736726
0.676768 0.419192 302.789297 302.787924
0.676768 0.424242 302.837717 302.836313
0.676768 0.429293 302.883274 302.881839
0.676768 0.434343 302.925917 302.924453
0.676768 0.439394 302.965597 302.964107
0.676768 0.444444 303.002272 303.000756
0.676768 0.449495 303.035898 303.034359
0.676768 0.454545 303.066438 303.064879
0.676768 0.459596 303.093859 303.092279
0.676768 0.464646 303.118127 303.116531
0.676768 0.469697 303.139217 303.137605
0.676768 0.474747 303.157103 303.155478
0.676768 0.479798 303.171765 303.170130
0.676768 0.484848 303.183186 303.181543
0.676768 0.489899 303.191354 303.189705
0.676768 0.494949 303.196258 303.194605
0.676768 0.500000 303.197893 303.196240
0.686869 0.000000 296.591529 296.593357
0.686869 0.005051 296.593275 296.595102
0.686869 0.010101 296.598514 296.600336
0.686869 0.015152 296.607237 296.609053
0.686869 0.020202 296.619436 296.621243
0.686869 0.025253 296.635095 296.636891
0.686869 0.030303 296.654197 296.655979
0.686869 0.035354 296.676719 296.678485
0.686869 0.040404 296.702635 296.704383
0.686869 0.045455 296.731916 296.733642
0.686869 0.050505 296.764526 296.766230
0.686869 0.055556 296.800429 296.802108
0.686869 0.060606 296.839584 296.841235
0.686869 0.065657 296.881945 296.883568
0.686869 0.070707 296.927465 296.929057
0.686869 0.075758 296.976092 296.977652
0.686869 0.080808 297.027771 297.029297
0.686869 0.085859 297.082445 297.083936
0.686869 0.090909 297.140053 297.141506
0.686869 0.095960 297.200530 297.201945
0.686869 0.101010 297.263810 297.265187
0.686869 0.106061 297.329825 297.331161
0.686869 0.111111 297.398502 297.399797
0.686869 0.116162 297.469767 297.471020
0.686869 0.121212 297.543544 297.544754
0.686869 0.126263 297.619753 297.620921
0.686869 0.131313 297.698315 297.699439
0.686869 0.136364 297.779147 297.780226
0.686869 0.141414 297.862163 297.863198
0.686869 0.146465 297.947279 297.948268
0.686869 0.151515 298.034405 298.035349
0.686869 0.156566 298.123453 298.124351
0.686869 0.161616 298.214331 298.215183
0.686869 0.166667 298.306948 298.307754
0.686869 0.171717 298.401210 298.401971
0.686869 0.176768 298.497023 298.497738
0.686869 0.181818 298.594292 298.594960
0.686869 0.186869 298.692919 298.693541
0.686869 0.191919 298.792807 298.793383
0.686869 0.196970 298.893859 298.894389
0.686869 0.202020 298.995975 298.996459
0.686869 0.207071 299.099057 299.099494
0.686869 0.212121 299.203003 299.203394
0.686869 0.217172 299.307713 299.308059
0.686869 0.222222 299.413086 299.413387
0.686869 0.227273 299.519022 299.519276
0.686869 0.232323 299.625417 299.625626
0.686869 0.237374 299.732171 299.732334
0.686869 0.242424 299.839181 299.839298
0.686869 0.247475 299.946344 299.946416
0.686869 0.252525 300.053558 300.053584
0.686869 0.257576 300.160721 300.160702
0.686869 0.262626 300.267731 300.267666
0.686869 0.267677 300.374485 300.374374
0.686869 0.272727 300.480880 300.480724
0.686869 0.277778 300.586815 300.586613
0.686869 0.282828 300.692189 300.691941
0.686869 0.287879 300.796899 300.796606
0.686869 0.292929 300.900845 300.900506
0.686869 0.297980 301.003927 301.003541
0.686869 0.303030 301.106043 301.105611
0.686869 0.308081 301.207095 301.206617
0.686869 0.313131 301.306983 301.306459
0.686869 0.318182 301.405610 301.405040
0.686869 0.323232 301.502879 301.502262
0.686869 0.328283 301.598692 301.598029
0.686869 0.333333 301.692954 301.692246
0.686869 0.338384 301.785571 301.784817
0.686869 0.343434 301.876449 301.875649
0.686869 0.348485 301.965497 301.964651
0.686869 0.353535 302.052623 302.051732
0.686869 0.358586 302.137739 302.136802
0.686869 0.363636 302.220755 302.219774
0.686869 0.368687 302.301587 302.300561
0.686869 0.373737 302.380149 302.379079
0.686869 0.378788 302.456358 302.455246
0.686869 0.383838 302.530135 302.528980
0.686869 0.388889 302.601400 302.600203
0.686869 0.393939 302.670077 302.668839
0.686869 0.398990 302.736091 302.734813
0.686869 0.404040 302.799372 302.798055
0.686869 0.409091 302.859849 302.858494
0.686869 0.414141 302.917457 302.916064
0.686869 0.419192 302.972131 302.970703
0.686869 0.424242 303.023810 303.022348
0.686869 0.429293 303.072437 303.070943
0.686869 0.434343 303.117957 303.116432
0.686869 0.439394 303.160318 303.158765
0.686869 0.444444 303.199473 303.197892
0.686869 0.449495 303.235376 303.233770
0.686869 0.454545 303.267986 303.266358
0.686869 0.459596 303.297267 303.295617
0.686869 0.464646 303.323183 303.321515
0.686869 0.469697 303.345705 303.344021
0.686869 0.474747 303.364807 303.363109
0.686869 0.479798 303.380466 303.378757
0.686869 0.484848 303.392665 303.390947
0.686869 0.489899 303.401388 303.399664
0.686869 0.494949 303.406627 303.404898
0.686869 0.500000 303.408373 303.406643
0.696970 0.000000 296.367077 296.368982
0.696970 0.005051 296.368943 296.370847
0.696970 0.010101 296.374540 296.376439
0.696970 0.015152 296.383860 296.385753
0.696970 0.020202 296.396893 296.398776
0.696970 0.025253 296.413623 296.415493
0.696970 0.030303 296.434030 296.435885
0.696970 0.035354 296.458089 296.459927
0.696970 0.040404 296.485773 296.487591
0.696970 0.045455 296.517049 296.518844
0.696970 0.050505 296.551880 296.553650
0.696970 0.055556 296.590224 296.591968
0.696970 0.060606 296.632038 296.633753
0.696970 0.065657 296.677273 296.678956
0.696970 0.070707 296.725876 296.727526
0.696970 0.075758 296.777792 296.779408
0.696970 0.080808 296.832962 296.834541
0.696970 0.085859 296.891322 296.892863
0.696970 0.090909 296.952807 296.954309
0.696970 0.095960 297.017348 297.018810
0.696970 0.101010 297.084874 297.086294
0.696970 0.106061 297.155309 297.156686
0.696970 0.111111 297.228577 297.229910
0.696970 0.116162 297.304597 297.305886
0.696970 0.121212 297.383287 297.384531
0.696970 0.126263 297.464563 297.465762
0.696970 0.131313 297.548338 297.549491
0.696970 0.136364 297.634524 297.635629
0.696970 0.141414 297.723029 297.724088
0.696970 0.146465 297.813762 297.814774
0.696970 0.151515 297.906629 297.907593
0.696970 0.156566 298.001534 298.002450
0.696970 0.161616 298.098380 298.099249
0.696970 0.166667 298.197069 298.197890
0.696970 0.171717 298.297501 298.298275
0.696970 0.176768 298.399577 298.400303
0.696970 0.181818 298.503193 298.503872
0.696970 0.186869 298.608249 298.608881
0.696970 0.191919 298.714640 298.715225
0.696970 0.196970 298.822263 298.822800
0.696970 0.202020 298.931012 298.931502
0.696970 0.207071 299.040781 299.041224
0.696970 0.212121 299.151466 299.151862
0.696970 0.217172 299.262959 299.263309
0.696970 0.222222 299.375154 299.375456
0.696970 0.227273 299.487942 299.488199
0.696970 0.232323 299.601217 299.601427
0.696970 0.237374 299.714871 299.715034
0.696970 0.242424 299.828795 299.828912
0.696970 0.247475 299.942882 299.942953
0.696970 0.252525 300.057022 300.057047
0.696970 0.257576 300.171109 300.171088
0.696970 0.262626 300.285033 300.284966
0.696970 0.267677 300.398687 300.398573
0.696970 0.272727 300.511962 300.511801
0.696970 0.277778 300.624751 300.624544
0.696970 0.282828 300.736945 300.736691
0.696970 0.287879 300.848438 300.848138
0.696970 0.292929 300.959123 300.958776
0.696970 0.297980 301.068893 301.068498
0.696970 0.303030 301.177641 301.177200
0.696970 0.308081 301.285264 301.284775
0.696970 0.313131 301.391655 301.391119
0.696970 0.318182 301.496711 301.496128
0.696970 0.323232 301.600328 301.599697
0.696970 0.328283 301.702403 301.701725
0.696970 0.333333 301.802836 301.802110
0.696970 0.338384 301.901525 301.900751
0.696970 0.343434 301.998371 301.997550
0.696970 0.348485 302.093275 302.092407
0.696970 0.353535 302.186142 302.185226
0.696970 0.358586 302.276875 302.275912
0.696970 0.363636 302.365380 302.364371
0.696970 0.368687 302.451566 302.450509
0.696970 0.373737 302.535341 302.534238
0.696970 0.378788 302.616617 302.615469
0.696970 0.383838 302.695307 302.694114
0.696970 0.388889 302.771327 302.770090
0.696970 0.393939 302.844595 302.843314
0.696970 0.398990 302.915030 302.913706
0.696970 0.404040 302.982556 302.981190
0.696970 0.409091 303.047097 303.045691
0.696970 0.414141 303.108582 303.107137
0.696970 0.419192 303.166942 303.165459
0.696970 0.424242 303.222112 303.220592
0.696970 0.429293 303.274028 303.272474
0.696970 0.434343 303.322631 303.321044
0.696970 0.439394 303.367866 303.366247
0.696970 0.444444 303.409680 303.408032
0.696970 0.449495 303.448024 303.446350
0.696970 0.454545 303.482855 303.481156
0.696970 0.459596 303.514131 303.512409
0.696970 0.464646 303.541815 303.540073
0.696970 0.469697 303.565875 303.564115
0.696970 0.474747 303.586282 303.584507
0.696970 0.479798 303.603011 303.601224
0.696970 0.484848 303.616044 303.614247
0.696970 0.489899 303.625365 303.623561
0.696970 0.494949 303.630961 303.629153
0.696970 0.500000 303.632828 303.631018
0.707071 0.000000 296.127694 296.129681
0.707071 0.005051 296.129689 296.131674
0.707071 0.010101 296.135671 296.137652
0.707071 0.015152 296.145633 296.147606
0.707071 0.020202 296.159562 296.161524
0.707071 0.025253 296.177442 296.179391
0.707071 0.030303 296.199251 296.201183
0.707071 0.035354 296.224962 296.226875
0.707071 0.040404 296.254545 296.256436
0.707071 0.045455 296.287963 296.289830
0.707071 0.050505 296.325177 296.327017
0.707071 0.055556 296.366142 296.367953
0.707071 0.060606 296.410810 296.412589
0.707071 0.065657 296.459127 296.460872
0.707071 0.070707 296.511037 296.512746
0.707071 0.075758 296.566479 296.568151
0.707071 0.080808 296.625389 296.627022
0.707071 0.085859 296.687699 296.689291
0.707071 0.090909 296.753337 296.754888
0.707071 0.095960 296.822230 296.823737
0.707071 0.101010 296.894299 296.895762
0.707071 0.106061 296.969464 296.970882
0.707071 0.111111 297.047642 297.049013
0.707071 0.116162 297.128746 297.130070
0.707071 0.121212 297.212688 297.213964
0.707071 0.126263 297.299377 297.300605
0.707071 0.131313 297.388720 297.389899
0.707071 0.136364 297.480621 297.481752
0.707071 0.141414 297.574985 297.576066
0.707071 0.146465 297.671711 297.672744
0.707071 0.151515 297.770700 297.771683
0.707071 0.156566 297.871850 297.872783
0.707071 0.161616 297.975056 297.975940
0.707071 0.166667 298.080215 298.081050
0.707071 0.171717 298.187220 298.188006
0.707071 0.176768 298.295964 298.296701
0.707071 0.181818 298.406340 298.407028
0.707071 0.186869 298.518238 298.518877
0.707071 0.191919 298.631548 298.632139
0.707071 0.196970 298.746161 298.746704
0.707071 0.202020 298.861964 298.862459
0.707071 0.207071 298.978847 298.979294
0.707071 0.212121 299.096696 299.097096
0.707071 0.217172 299.215400 299.215752
0.707071 0.222222 299.334844 299.335149
0.707071 0.227273 299.454916 299.455174
0.707071 0.232323 299.575502 299.575713
0.707071 0.237374 299.696488 299.696652
0.707071 0.242424 299.817760 299.817877
0.707071 0.247475 299.939203 299.939273
0.707071 0.252525 300.060703 300.060727
0.707071 0.257576 300.182146 300.182123
0.707071 0.262626 300.303418 300.303348
0.707071 0.267677 300.424404 300.424287
0.707071 0.272727 300.544990 300.544826
0.707071 0.277778 300.665062 300.664851
0.707071 0.282828 300.784507 300.784248
0.707071 0.287879 300.903210 300.902904
0.707071 0.292929 301.021060 301.020706
0.707071 0.297980 301.137942 301.137541
0.707071 0.303030 301.253746 301.253296
0.707071 0.308081 301.368358 301.367861
0.707071 0.313131 301.481669 301.481123
0.707071 0.318182 301.593567 301.592972
0.707071 0.323232 301.703942 301.703299
0.707071 0.328283 301.812687 301.811994
0.707071 0.333333 301.919692 301.918950
0.707071 0.338384 302.024850 302.024060
0.707071 0.343434 302.128057 302.127217
0.707071 0.348485 302.229206 302.228317
0.707071 0.353535 302.328195 302.327256
0.707071 0.358586 302.424922 302.423934
0.707071 0.363636 302.519285 302.518248
0.707071 0.368687 302.611187 302.610101
0.707071 0.373737 302.700530 302.699395
0.707071 0.378788 302.787219 302.786036
0.707071 0.383838 302.871160 302.869930
0.707071 0.388889 302.952264 302.950987
0.707071 0.393939 303.030442 303.029118
0.707071 0.398990 303.105607 303.104238
0.707071 0.404040 303.177676 303.176263
0.707071 0.409091 303.246569 303.245112
0.707071 0.414141 303.312208 303.310709
0.707071 0.419192 303.374518 303.372978
0.707071 0.424242 303.433428 303.431849
0.707071 0.429293 303.488870 303.487254
0.707071 0.434343 303.540780 303.539128
0.707071 0.439394 303.589097 303.587411
0.707071 0.444444 303.633764 303.632047
0.707071 0.449495 303.674729 303.672983
0.707071 0.454545 303.711943 303.710170
0.707071 0.459596 303.745362 303.743564
0.707071 0.464646 303.774944 303.773125
0.707071 0.469697 303.800656 303.798817
0.707071 0.474747 303.822464 303.820609
0.707071 0.479798 303.840344 303.838476
0.707071 0.484848 303.854274 303.852394
0.707071 0.489899 303.864235 303.862348
0.707071 0.494949 303.870217 303.868326
0.707071 0.500000 303.872212 303.870319
0.717172 0.000000 295.872354 295.874426
0.717172 0.005051 295.874487 295.876557
0.717172 0.010101 295.880883 295.882949
0.717172 0.015152 295.891535 295.893592
0.717172 0.020202 295.906429 295.908474
0.717172 0.025253 295.925546 295.927576
0.717172 0.030303 295.948862 295.950875
0.717172 0.035354 295.976350 295.978341
0.717172 0.040404 296.007974 296.009941
0.717172 0.045455 296.043695 296.045636
0.717172 0.050505 296.083470 296.085382
0.717172 0.055556 296.127250 296.129130
0.717172 0.060606 296.174982 296.176828
0.717172 0.065657 296.226609 296.228418
0.717172 0.070707 296.282068 296.283838
0.717172 0.075758 296.341294 296.343023
0.717172 0.080808 296.404216 296.405903
0.717172 0.085859 296.470761 296.472404
0.717172 0.090909 296.540851 296.542450
0.717172 0.095960 296.614406 296.615958
0.717172 0.101010 296.691341 296.692846
0.717172 0.106061 296.771570 296.773026
0.717172 0.111111 296.855001 296.856408
0.717172 0.116162 296.941543 296.942901
0.717172 0.121212 297.031100 297.032407
0.717172 0.126263 297.123574 297.124830
0.717172 0.131313 297.218866 297.220070
0.717172 0.136364 297.316872 297.318025
0.717172 0.141414 297.417489 297.418591
0.717172 0.146465 297.520611 297.521661
0.717172 0.151515 297.626130 297.627129
0.717172 0.156566 297.733938 297.734886
0.717172 0.161616 297.843924 297.844821
0.717172 0.166667 297.955976 297.956822
0.717172 0.171717 298.069982 298.070777
0.717172 0.176768 298.185827 298.186572
0.717172 0.181818 298.303397 298.304092
0.717172 0.186869 298.422576 298.423222
0.717172 0.191919 298.543248 298.543844
0.717172 0.196970 298.665295 298.665842
0.717172 0.202020 298.788600 298.789098
0.717172 0.207071 298.913044 298.913494
0.717172 0.212121 299.038510 299.038911
0.717172 0.217172 299.164876 299.165230
0.717172 0.222222 299.292025 299.292330
0.717172 0.227273 299.419835 299.420094
0.717172 0.232323 299.548188 299.548399
0.717172 0.237374 299.676963 299.677126
0.717172 0.242424 299.806039 299.806155
0.717172 0.247475 299.935296 299.935365
0.717172 0.252525 300.064613 300.064635
0.717172 0.257576 300.193870 300.193845
0.717172 0.262626 300.322946 300.322874
0.717172 0.267677 300.451721 300.451601
0.717172 0.272727 300.580073 300.579906
0.717172 0.277778 300.707884 300.707670
0.717172 0.282828 300.835033 300.834770
0.717172 0.287879 300.961399 300.961089
0.717172 0.292929 301.086864 301.086506
0.717172 0.297980 301.211309 301.210902
0.717172 0.303030 301.334614 301.334158
0.717172 0.308081 301.456661 301.456156
0.717172 0.313131 301.577333 301.576778
0.717172 0.318182 301.696512 301.695908
0.717172 0.323232 301.814082 301.813428
0.717172 0.328283 301.929927 301.929223
0.717172 0.333333 302.043933 302.043178
0.717172 0.338384 302.155985 302.155179
0.717172 0.343434 302.265971 302.265114
0.717172 0.348485 302.373779 302.372871
0.717172 0.353535 302.479298 302.478339
0.717172 0.358586 302.582420 302.581409
0.717172 0.363636 302.683037 302.681975
0.717172 0.368687 302.781043 302.779930
0.717172 0.373737 302.876334 302.875170
0.717172 0.378788 302.968808 302.967593
0.717172 0.383838 303.058365 303.057099
0.717172 0.388889 303.144907 303.143592
0.717172 0.393939 303.228339 303.226974
0.717172 0.398990 303.308568 303.307154
0.717172 0.404040 303.385503 303.384042
0.717172 0.409091 303.459058 303.457550
0.717172 0.414141 303.529148 303.527596
0.717172 0.419192 303.595693 303.594097
0.717172 0.424242 303.658615 303.656977
0.717172 0.429293 303.717841 303.716162
0.717172 0.434343 303.773300 303.771582
0.717172 0.439394 303.824926 303.823172
0.717172 0.444444 303.872659 303.870870
0.717172 0.449495 303.916439 303.914618
0.717172 0.454545 303.956214 303.954364
0.717172 0.459596 303.991935 303.990059
0.717172 0.464646 304.023559 304.021659
0.717172 0.469697 304.051046 304.049125
0.717172 0.474747 304.074363 304.072424
0.717172 0.479798 304.093480 304.091526
0.717172 0.484848 304.108374 304.106408
0.717172 0.489899 304.119025 304.117051
0.717172 0.494949 304.125422 304.123443
0.717172 0.500000 304.127555 304.125574
0.727273 0.000000 295.599949 295.602111
0.727273 0.005051 295.602231 295.604391
0.727273 0.010101 295.609074 295.611229
0.727273 0.015152 295.620469 295.622615
0.727273 0.020202 295.636402 295.638534
0.727273 0.025253 295.656851 295.658968
0.727273 0.030303 295.681792 295.683888
0.727273 0.035354 295.711191 295.713265
0.727273 0.040404 295.745012 295.747059
0.727273 0.045455 295.783212 295.785230
0.727273 0.050505 295.825742 295.827728
0.727273 0.055556 295.872550 295.874501
0.727273 0.060606 295.923578 295.925491
0.727273 0.065657 295.978761 295.980635
0.727273 0.070707 296.038034 296.039865
0.727273 0.075758 296.101323 296.103110
0.727273 0.080808 296.168552 296.170294
0.727273 0.085859 296.239641 296.241336
0.727273 0.090909 296.314507 296.316153
0.727273 0.095960 296.393060 296.394656
0.727273 0.101010 296.475210 296.476755
0.727273 0.106061 296.560862 296.562356
0.727273 0.111111 296.649919 296.651361
0.727273 0.116162 296.742281 296.743670
0.727273 0.121212 296.837844 296.839180
0.727273 0.126263 296.936504 296.937785
0.727273 0.131313 297.038152 297.039380
0.727273 0.136364 297.142679 297.143853
0.727273 0.141414 297.249973 297.251093
0.727273 0.146465 297.359920 297.360986
0.727273 0.151515 297.472406 297.473419
0.727273 0.156566 297.587314 297.588274
0.727273 0.161616 297.704526 297.705433
0.727273 0.166667 297.823923 297.824777
0.727273 0.171717 297.945385 297.946187
0.727273 0.176768 298.068790 298.069541
0.727273 0.181818 298.194018 298.194717
0.727273 0.186869 298.320944 298.321593
0.727273 0.191919 298.449446 298.450044
0.727273 0.196970 298.579399 298.579947
0.727273 0.202020 298.710678 298.711178
0.727273 0.207071 298.843160 298.843610
0.727273 0.212121 298.976717 298.977119
0.727273 0.217172 299.111225 299.111578
0.727273 0.222222 299.246557 299.246862
0.727273 0.227273 299.382586 299.382844
0.727273 0.232323 299.519187 299.519397
0.727273 0.237374 299.656232 299.656394
0.727273 0.242424 299.793594 299.793709
0.727273 0.247475 299.931147 299.931215
0.727273 0.252525 300.068764 300.068785
0.727273 0.257576 300.206317 300.206291
0.727273 0.262626 300.343679 300.343606
0.727273 0.267677 300.480724 300.480603
0.727273 0.272727 300.617325 300.617156
0.727273 0.277778 300.753355 300.753138
0.727273 0.282828 300.888686 300.888422
0.727273 0.287879 301.023194 301.022881
0.727273 0.292929 301.156751 301.156390
0.727273 0.297980 301.289233 301.288822
0.727273 0.303030 301.420512 301.420053
0.727273 0.308081 301.550465 301.549956
0.727273 0.313131 301.678967 301.678407
0.727273 0.318182 301.805893 301.805283
0.727273 0.323232 301.931121 301.930459
0.727273 0.328283 302.054526 302.053813
0.727273 0.333333 302.175988 302.175223
0.727273 0.338384 302.295385 302.294567
0.727273 0.343434 302.412597 302.411726
0.727273 0.348485 302.527505 302.526581
0.727273 0.353535 302.639991 302.639014
0.727273 0.358586 302.749939 302.748907
0.727273 0.363636 302.857232 302.856147
0.727273 0.368687 302.961759 302.960620
0.727273 0.373737 303.063407 303.062215
0.727273 0.378788 303.162067 303.160820
0.727273 0.383838 303.257630 303.256330
0.727273 0.388889 303.349992 303.348639
0.727273 0.393939 303.439049 303.437644
0.727273 0.398990 303.524701 303.523245
0.727273 0.404040 303.606851 303.605344
0.727273 0.409091 303.685405 303.683847
0.727273 0.414141 303.760270 303.758664
0.727273 0.419192 303.831359 303.829706
0.727273 0.424242 303.898588 303.896890
0.727273 0.429293 303.961877 303.960135
0.727273 0.434343 304.021150 304.019365
0.727273 0.439394 304.076333 304.074509
0.727273 0.444444 304.127361 304.125499
0.727273 0.449495 304.174169 304.172272
0.727273 0.454545 304.216699 304.214770
0.727273 0.459596 304.254899 304.252941
0.727273 0.464646 304.288720 304.286735
0.727273 0.469697 304.318119 304.316112
0.727273 0.474747 304.343060 304.341032
0.727273 0.479798 304.363509 304.361466
0.727273 0.484848 304.379442 304.377385
0.727273 0.489899 304.390837 304.388771
0.727273 0.494949 304.397680 304.395609
0.727273 0.500000 304.399962 304.397889
0.737374 0.000000 295.309289 295.311546
0.737374 0.005051 295.311732 295.313987
0.737374 0.010101 295.319057 295.321305
0.737374 0.015152 295.331254 295.333492
0.737374 0.020202 295.348307 295.350531
0.737374 0.025253 295.370194 295.372400
0.737374 0.030303 295.396885 295.399070
0.737374 0.035354 295.428346 295.430505
0.737374 0.040404 295.464536 295.466665
0.737374 0.045455 295.505406 295.507504
0.737374 0.050505 295.550905 295.552967
0.737374 0.055556 295.600973 295.602997
0.737374 0.060606 295.655548 295.657531
0.737374 0.065657 295.714559 295.716499
0.737374 0.070707 295.777933 295.779827
0.737374 0.075758 295.845590 295.847436
0.737374 0.080808 295.917448 295.919245
0.737374 0.085859 295.993419 295.995164
0.737374 0.090909 296.073410 296.075103
0.737374 0.095960 296.157327 296.158966
0.737374 0.101010 296.245069 296.246654
0.737374 0.106061 296.336535 296.338065
0.737374 0.111111 296.431619 296.433093
0.737374 0.116162 296.530213 296.531630
0.737374 0.121212 296.632204 296.633565
0.737374 0.126263 296.737480 296.738784
0.737374 0.131313 296.845924 296.847171
0.737374 0.136364 296.957418 296.958609
0.737374 0.141414 297.071842 297.072977
0.737374 0.146465 297.189075 297.190154
0.737374 0.151515 297.308994 297.310017
0.737374 0.156566 297.431473 297.432442
0.737374 0.161616 297.556388 297.557301
0.737374 0.166667 297.683610 297.684470
0.737374 0.171717 297.813013 297.813819
0.737374 0.176768 297.944467 297.945221
0.737374 0.181818 298.077843 298.078544
0.737374 0.186869 298.213010 298.213660
0.737374 0.191919 298.349838 298.350437
0.737374 0.196970 298.488195 298.488744
0.737374 0.202020 298.627950 298.628449
0.737374 0.207071 298.768971 298.769419
0.737374 0.212121 298.911124 298.911524
0.737374 0.217172 299.054277 299.054629
0.737374 0.222222 299.198298 299.198601
0.737374 0.227273 299.343052 299.343308
0.737374 0.232323 299.488408 299.488616
0.737374 0.237374 299.634231 299.634392
0.737374 0.242424 299.780388 299.780501
0.737374 0.247475 299.926745 299.926811
0.737374 0.252525 300.073169 300.073189
0.737374 0.257576 300.219526 300.219499
0.737374 0.262626 300.365683 300.365608
0.737374 0.267677 300.511506 300.511384
0.737374 0.272727 300.656861 300.656692
0.737374 0.277778 300.801616 300.801399
0.737374 0.282828 300.945637 300.945371
0.737374 0.287879 301.088790 301.088476
0.737374 0.292929 301.230943 301.230581
0.737374 0.297980 301.371963 301.371551
0.737374 0.303030 301.511718 301.511256
0.737374 0.308081 301.650075 301.649563
0.737374 0.313131 301.786903 301.786340
0.737374 0.318182 301.922071 301.921456
0.737374 0.323232 302.055446 302.054779
0.737374 0.328283 302.186901 302.186181
0.737374 0.333333 302.316303 302.315530
0.737374 0.338384 302.443526 302.442699
0.737374 0.343434 302.568440 302.567558
0.737374 0.348485 302.690920 302.689983
0.737374 0.353535 302.810838 302.809846
0.737374 0.358586 302.928071 302.927023
0.737374 0.363636 303.042496 303.041391
0.737374 0.368687 303.153990 303.152829
0.737374 0.373737 303.262434 303.261216
0.737374 0.378788 303.367710 303.366435
0.737374 0.383838 303.469701 303.468370
0.737374 0.388889 303.568294 303.566907
0.737374 0.393939 303.663378 303.661935
0.737374 0.398990 303.754844 303.753346
0.737374 0.404040 303.842587 303.841034
0.737374 0.409091 303.926504 303.924897
0.737374 0.414141 304.006495 304.004836
0.737374 0.419192 304.082466 304.080755
0.737374 0.424242 304.154323 304.152564
0.737374 0.429293 304.221981 304.220173
0.737374 0.434343 304.285355 304.283501
0.737374 0.439394 304.344366 304.342469
0.737374 0.444444 304.398940 304.397003
0.737374 0.449495 304.449009 304.447033
0.737374 0.454545 304.494508 304.492496
0.737374 0.459596 304.535378 304.533335
0.737374 0.464646 304.571567 304.569495
0.737374 0.469697 304.603028 304.600930
0.737374 0.474747 304.629720 304.627600
0.737374 0.479798 304.651607 304.649469
0.737374 0.484848 304.668660 304.666508
0.737374 0.489899 304.680857 304.678695
0.737374 0.494949 304.688182 304.686013
0.737374 0.500000 304.690624 304.688454
0.747475 0.000000 294.999088 295.001445
0.747475 0.005051 295.001704 295.004059
0.747475 0.010101 295.009550 295.011898
0.747475 0.015152 295.022614 295.024950
0.747475 0.020202 295.040878 295.043199
0.747475 0.025253 295.064318 295.066619
0.747475 0.030303 295.092901 295.095177
0.747475 0.035354 295.126588 295.128836
0.747475 0.040404 295.165334 295.167550
0.747475 0.045455 295.209087 295.211268
0.747475 0.050505 295.257788 295.259930
0.747475 0.055556 295.311373 295.313472
0.747475 0.060606 295.369771 295.371825
0.747475 0.065657 295.432906 295.434913
0.747475 0.070707 295.500697 295.502654
0.747475 0.075758 295.573057 295.574961
0.747475 0.080808 295.649894 295.651744
0.747475 0.085859 295.731113 295.732908
0.747475 0.090909 295.816612 295.818351
0.747475 0.095960 295.906289 295.907970
0.747475 0.101010 296.000035 296.001656
0.747475 0.106061 296.097737 296.099300
0.747475 0.111111 296.199282 296.200785
0.747475 0.116162 296.304552 296.305995
0.747475 0.121212 296.413426 296.414809
0.747475 0.126263 296.525782 296.527105
0.747475 0.131313 296.641494 296.642757
0.747475 0.136364 296.760435 296.761639
0.747475 0.141414 296.882477 296.883622
0.747475 0.146465 297.007489 297.008576
0.747475 0.151515 297.135339 297.136368
0.747475 0.156566 297.265893 297.266865
0.747475 0.161616 297.399018 297.399934
0.747475 0.166667 297.534578 297.535438
0.747475 0.171717 297.672436 297.673242
0.747475 0.176768 297.812457 297.813209
0.747475 0.181818 297.954502 297.955201
0.747475 0.186869 298.098434 298.099081
0.747475 0.191919 298.244113 298.244709
0.747475 0.196970 298.391402 298.391947
0.747475 0.202020 298.540161 298.540655
0.747475 0.207071 298.690250 298.690695
0.747475 0.212121 298.841530 298.841926
0.747475 0.217172 298.993860 298.994208
0.747475 0.222222 299.147102 299.147402
0.747475 0.227273 299.301115 299.301368
0.747475 0.232323 299.455759 299.455965
0.747475 0.237374 299.610894 299.611053
0.747475 0.242424 299.766379 299.766491
0.747475 0.247475 299.922075 299.922140
0.747475 0.252525 300.077841 300.077860
0.747475 0.257576 300.233537 300.233509
0.747475 0.262626 300.389022 300.388947
0.747475 0.267677 300.544157 300.544035
0.747475 0.272727 300.698801 300.698632
0.747475 0.277778 300.852814 300.852598
0.747475 0.282828 301.006056 301.005792
0.747475 0.287879 301.158387 301.158074
0.747475 0.292929 301.309667 301.309305
0.747475 0.297980 301.459756 301.459345
0.747475 0.303030 301.608514 301.608053
0.747475 0.308081 301.755803 301.755291
0.747475 0.313131 301.901482 301.900919
0.747475 0.318182 302.045414 302.044799
0.747475 0.323232 302.187459 302.186791
0.747475 0.328283 302.327480 302.326758
0.747475 0.333333 302.465339 302.464562
0.747475 0.338384 302.600899 302.600066
0.747475 0.343434 302.734023 302.733135
0.747475 0.348485 302.864578 302.863632
0.747475 0.353535 302.992427 302.991424
0.747475 0.358586 303.117439 303.116378
0.747475 0.363636 303.239481 303.238361
0.747475 0.368687 303.358422 303.357243
0.747475 0.373737 303.474134 303.472895
0.747475 0.378788 303.586490 303.585191
0.747475 0.383838 303.695364 303.694005
0.747475 0.388889 303.800634 303.799215
0.747475 0.393939 303.902179 303.900700
0.747475 0.398990 303.999882 303.998344
0.747475 0.404040 304.093627 304.092030
0.747475 0.409091 304.183304 304.181649
0.747475 0.414141 304.268804 304.267092
0.747475 0.419192 304.350022 304.348256
0.747475 0.424242 304.426860 304.425039
0.747475 0.429293 304.499219 304.497346
0.747475 0.434343 304.567010 304.565087
0.747475 0.439394 304.630145 304.628175
0.747475 0.444444 304.688543 304.686528
0.747475 0.449495 304.742128 304.740070
0.747475 0.454545 304.790829 304.788732
0.747475 0.459596 304.834582 304.832450
0.747475 0.464646 304.873328 304.871164
0.747475 0.469697 304.907016 304.904823
0.747475 0.474747 304.935599 304.933381
0.747475 0.479798 304.959038 304.956801
0.747475 0.484848 304.977302 304.975050
0.747475 0.489899 304.990366 304.988102
0.747475 0.494949 304.998212 304.995941
0.747475 0.500000 305.000828 304.998555
0.757576 0.000000 294.667956 294.670419
0.757576 0.005051 294.670760 294.673221
0.757576 0.010101 294.679170 294.681623
0.757576 0.015152 294.693172 294.695613
0.757576 0.020202 294.712748 294.715171
0.757576 0.025253 294.737868 294.740269
0.757576 0.030303 294.768498 294.770872
0.757576 0.035354 294.804594 294.806937
0.757576 0.040404 294.846106 294.848412
0.757576 0.045455 294.892975 294.895242
0.757576 0.050505 294.945137 294.947360
0.757576 0.055556 295.002520 295.004697
0.757576 0.060606 295.065046 295.067173
0.757576 0.065657 295.132631 295.134705
0.757576 0.070707 295.205185 295.207205
0.757576 0.075758 295.282613 295.284575
0.757576 0.080808 295.364814 295.366717
0.757576 0.085859 295.451682 295.453525
0.757576 0.090909 295.543108 295.544889
0.757576 0.095960 295.638977 295.640696
0.757576 0.101010 295.739171 295.740827
0.757576 0.106061 295.843569 295.845162
0.757576 0.111111 295.952046 295.953575
0.757576 0.116162 296.064474 296.065939
0.757576 0.121212 296.180723 296.182123
0.757576 0.126263 296.300659 296.301996
0.757576 0.131313 296.424147 296.425422
0.757576 0.136364 296.551051 296.552264
0.757576 0.141414 296.681233 296.682384
0.757576 0.146465 296.814551 296.815641
0.757576 0.151515 296.950864 296.951895
0.757576 0.156566 297.090031 297.091003
0.757576 0.161616 297.231907 297.232822
0.757576 0.166667 297.376349 297.377207
0.757576 0.171717 297.523211 297.524013
0.757576 0.176768 297.672349 297.673096
0.757576 0.181818 297.823616 297.824309
0.757576 0.186869 297.976866 297.977506
0.757576 0.191919 298.131953 298.132541
0.757576 0.196970 298.288729 298.289267
0.757576 0.202020 298.447049 298.447537
0.757576 0.207071 298.606766 298.607204
0.757576 0.212121 298.767731 298.768121
0.757576 0.217172 298.929799 298.930141
0.757576 0.222222 299.092823 299.093117
0.757576 0.227273 299.256654 299.256902
0.757576 0.232323 299.421148 299.421349
0.757576 0.237374 299.586155 299.586310
0.757576 0.242424 299.751530 299.751639
0.757576 0.247475 299.917125 299.917189
0.757576 0.252525 300.082794 300.082811
0.757576 0.257576 300.248389 300.248361
0.757576 0.262626 300.413764 300.413690
0.757576 0.267677 300.578771 300.578651
0.757576 0.272727 300.743264 300.743098
0.757576 0.277778 300.907096 300.906883
0.757576 0.282828 301.070120 301.069859
0.757576 0.287879 301.232188 301.231879
0.757576 0.292929 301.393153 301.392796
0.757576 0.297980 301.552870 301.552463
0.757576 0.303030 301.711190 301.710733
0.757576 0.308081 301.867966 301.867459
0.757576 0.313131 302.023053 302.022494
0.757576 0.318182 302.176303 302.175691
0.757576 0.323232 302.327570 302.326904
0.757576 0.328283 302.476707 302.475987
0.757576 0.333333 302.623570 302.622793
0.757576 0.338384 302.768012 302.767178
0.757576 0.343434 302.909888 302.908997
0.757576 0.348485 303.049055 303.048105
0.757576 0.353535 303.185368 303.184359
0.757576 0.358586 303.318686 303.317616
0.757576 0.363636 303.448867 303.447736
0.757576 0.368687 303.575772 303.574578
0.757576 0.373737 303.699260 303.698004
0.757576 0.378788 303.819196 303.817877
0.757576 0.383838 303.935445 303.934061
0.757576 0.388889 304.047873 304.046425
0.757576 0.393939 304.156350 304.154838
0.757576 0.398990 304.260748 304.259173
0.757576 0.404040 304.360942 304.359304
0.757576 0.409091 304.456811 304.455111
0.757576 0.414141 304.548237 304.546475
0.757576 0.419192 304.635105 304.633283
0.757576 0.424242 304.717306 304.715425
0.757576 0.429293 304.794734 304.792795
0.757576 0.434343 304.867288 304.865295
0.757576 0.439394 304.934873 304.932827
0.757576 0.444444 304.997399 304.995303
0.757576 0.449495 305.054782 305.052640
0.757576 0.454545 305.106944 305.104758
0.757576 0.459596 305.153813 305.151588
0.757576 0.464646 305.195324 305.193063
0.757576 0.469697 305.231421 305.229128
0.757576 0.474747 305.262051 305.259731
0.757576 0.479798 305.287171 305.284829
0.757576 0.484848 305.306747 305.304387
0.757576 0.489899 305.320749 305.318377
0.757576 0.494949 305.329159 305.326779
0.757576 0.500000 305.331963 305.329581
0.767677 0.000000 294.314387 294.316965
0.767677 0.005051 294.317396 294.319970
0.767677 0.010101 294.326418 294.328984
0.767677 0.015152 294.341439 294.343991
0.767677 0.020202 294.362437 294.364969
0.767677 0.025253 294.389381 294.391888
0.767677 0.030303 294.422232 294.424708
0.767677 0.035354 294.460939 294.463380
0.767677 0.040404 294.505448 294.507848
0.767677 0.045455 294.555692 294.558049
0.767677 0.050505 294.611601 294.613909
0.767677 0.055556 294.673094 294.675350
0.767677 0.060606 294.740085 294.742286
0.767677 0.065657 294.812480 294.814622
0.767677 0.070707 294.890179 294.892261
0.767677 0.075758 294.973077 294.975097
0.767677 0.080808 295.061063 295.063018
0.767677 0.085859 295.154021 295.155910
0.767677 0.090909 295.251830 295.253652
0.767677 0.095960 295.354363 295.356118
0.767677 0.101010 295.461493 295.463179
0.767677 0.106061 295.573086 295.574704
0.767677 0.111111 295.689006 295.690556
0.767677 0.116162 295.809114 295.810596
0.767677 0.121212 295.933269 295.934682
0.767677 0.126263 296.061325 296.062672
0.767677 0.131313 296.193138 296.194419
0.767677 0.136364 296.328560 296.329775
0.767677 0.141414 296.467441 296.468592
0.767677 0.146465 296.609631 296.610719
0.767677 0.151515 296.754978 296.756005
0.767677 0.156566 296.903331 296.904297
0.767677 0.161616 297.054535 297.055442
0.767677 0.166667 297.208438 297.209288
0.767677 0.171717 297.364886 297.365679
0.767677 0.176768 297.523724 297.524461
0.767677 0.181818 297.684797 297.685480
0.767677 0.186869 297.847951 297.848581
0.767677 0.191919 298.013031 298.013610
0.767677 0.196970 298.179883 298.180411
0.767677 0.202020 298.348353 298.348831
0.767677 0.207071 298.518284 298.518713
0.767677 0.212121 298.689524 298.689905
0.767677 0.217172 298.861917 298.862251
0.767677 0.222222 299.035310 299.035597
0.767677 0.227273 299.209548 299.209790
0.767677 0.232323 299.384479 299.384675
0.767677 0.237374 299.559947 299.560098
0.767677 0.242424 299.735799 299.735905
0.767677 0.247475 299.911881 299.911943
0.767677 0.252525 300.088041 300.088057
0.767677 0.257576 300.264123 300.264095
0.767677 0.262626 300.439975 300.439902
0.767677 0.267677 300.615443 300.615325
0.767677 0.272727 300.790373 300.790210
0.767677 0.277778 300.964612 300.964403
0.767677 0.282828 301.138005 301.137749
0.767677 0.287879 301.310398 301.310095
0.767677 0.292929 301.481638 301.481287
0.767677 0.297980 301.651569 301.651169
0.767677 0.303030 301.820038 301.819589
0.767677 0.308081 301.986890 301.986390
0.767677 0.313131 302.151971 302.151419
0.767677 0.318182 302.315125 302.314520
0.767677 0.323232 302.476198 302.475539
0.767677 0.328283 302.635036 302.634321
0.767677 0.333333 302.791483 302.790712
0.767677 0.338384 302.945386 302.944558
0.767677 0.343434 303.096591 303.095703
0.767677 0.348485 303.244944 303.243995
0.767677 0.353535 303.390291 303.389281
0.767677 0.358586 303.532481 303.531408
0.767677 0.363636 303.671362 303.670225
0.767677 0.368687 303.806784 303.805581
0.767677 0.373737 303.938597 303.937328
0.767677 0.378788 304.066653 304.065318
0.767677 0.383838 304.190807 304.189404
0.767677 0.388889 304.310915 304.309444
0.767677 0.393939 304.426835 304.425296
0.767677 0.398990 304.538429 304.536821
0.767677 0.404040 304.645558 304.643882
0.767677 0.409091 304.748092 304.746348
0.767677 0.414141 304.845901 304.844090
0.767677 0.419192 304.938858 304.936982
0.767677 0.424242 305.026845 305.024903
0.767677 0.429293 305.109743 305.107739
0.767677 0.434343 305.187442 305.185378
0.767677 0.439394 305.259837 305.257714
0.767677 0.444444 305.326828 305.324650
0.767677 0.449495 305.388321 305.386091
0.767677 0.454545 305.444229 305.441951
0.767677 0.459596 305.494474 305.492152
0.767677 0.464646 305.538983 305.536620
0.767677 0.469697 305.577690 305.575292
0.767677 0.474747 305.610540 305.608112
0.767677 0.479798 305.637484 305.635031
0.767677 0.484848 305.658483 305.656009
0.767677 0.489899 305.673504 305.671016
0.767677 0.494949 305.682526 305.680030
0.767677 0.500000 305.685535 305.683035
0.777778 0.000000 293.936748 293.939448
0.777778 0.005051 293.939979 293.942675
0.777778 0.010101 293.949668 293.952354
0.777778 0.015152 293.965797 293.968467
0.777778 0.020202 293.988344 293.990991
0.777778 0.025253 294.017271 294.019890
0.777778 0.030303 294.052535 294.055119
0.777778 0.035354 294.094081 294.096625
0.777778 0.040404 294.141844 294.144344
0.777778 0.045455 294.195754 294.198204
0.777778 0.050505 294.255728 294.258124
0.777778 0.055556 294.321678 294.324016
0.777778 0.060606 294.393507 294.395783
0.777778 0.065657 294.471110 294.473321
0.777778 0.070707 294.554377 294.556521
0.777778 0.075758 294.643190 294.645265
0.777778 0.080808 294.737426 294.739431
0.777778 0.085859 294.836958 294.838890
0.777778 0.090909 294.941650 294.943509
0.777778 0.095960 295.051366 295.053151
0.777778 0.101010 295.165963 295.167674
0.777778 0.106061 295.285295 295.286933
0.777778 0.111111 295.409215 295.410780
0.777778 0.116162 295.537570 295.539062
0.777778 0.121212 295.670205 295.671626
0.777778 0.126263 295.806966 295.808316
0.777778 0.131313 295.947694 295.948975
0.777778 0.136364 296.092230 296.093442
0.777778 0.141414 296.240413 296.241558
0.777778 0.146465 296.392080 296.393161
0.777778 0.151515 296.547071 296.548088
0.777778 0.156566 296.705222 296.706177
0.777778 0.161616 296.866370 296.867264
0.777778 0.166667 297.030350 297.031185
0.777778 0.171717 297.197000 297.197778
0.777778 0.176768 297.366156 297.366878
0.777778 0.181818 297.537654 297.538322
0.777778 0.186869 297.711331 297.711946
0.777778 0.191919 297.887024 297.887588
0.777778 0.196970 298.064570 298.065083
0.777778 0.202020 298.243806 298.244270
0.777778 0.207071 298.424570 298.424987
0.777778 0.212121 298.606701 298.607071
0.777778 0.217172 298.790036 298.790360
0.777778 0.222222 298.974415 298.974693
0.777778 0.227273 299.159676 299.159909
0.777778 0.232323 299.345658 299.345848
0.777778 0.237374 299.532202 299.532347
0.777778 0.242424 299.719146 299.719248
0.777778 0.247475 299.906330 299.906389
0.777778 0.252525 300.093595 300.093611
0.777778 0.257576 300.280779 300.280752
0.777778 0.262626 300.467723 300.467653
0.777778 0.267677 300.654266 300.654152
0.777778 0.272727 300.840249 300.840091
0.777778 0.277778 301.025510 301.025307
0.777778 0.282828 301.209888 301.209640
0.777778 0.287879 301.393224 301.392929
0.777778 0.292929 301.575354 301.575013
0.777778 0.297980 301.756119 301.755730
0.777778 0.303030 301.935355 301.934917
0.777778 0.308081 302.112901 302.112412
0.777778 0.313131 302.288593 302.288054
0.777778 0.318182 302.462270 302.461678
0.777778 0.323232 302.633769 302.633122
0.777778 0.328283 302.802924 302.802222
0.777778 0.333333 302.969574 302.968815
0.777778 0.338384 303.133555 303.132736
0.777778 0.343434 303.294703 303.293823
0.777778 0.348485 303.452853 303.451912
0.777778 0.353535 303.607844 303.606839
0.777778 0.358586 303.759512 303.758442
0.777778 0.363636 303.907695 303.906558
0.777778 0.368687 304.052230 304.051025
0.777778 0.373737 304.192958 304.191684
0.777778 0.378788 304.329719 304.328374
0.777778 0.383838 304.462355 304.460938
0.777778 0.388889 304.590710 304.589220
0.777778 0.393939 304.714629 304.713067
0.777778 0.398990 304.833962 304.832326
0.777778 0.404040 304.948559 304.946849
0.777778 0.409091 305.058275 305.056491
0.777778 0.414141 305.162967 305.161110
0.777778 0.419192 305.262498 305.260569
0.777778 0.424242 305.356735 305.354735
0.777778 0.429293 305.445548 305.443479
0.777778 0.434343 305.528815 305.526679
0.777778 0.439394 305.606418 305.604217
0.777778 0.444444 305.678246 305.675984
0.777778 0.449495 305.744196 305.741876
0.777778 0.454545 305.804170 305.801796
0.777778 0.459596 305.858080 305.855656
0.777778 0.464646 305.905844 305.903375
0.777778 0.469697 305.947390 305.944881
0.777778 0.474747 305.982654 305.980110
0.777778 0.479798 306.011581 306.009009
0.777778 0.484848 306.034127 306.031533
0.777778 0.489899 306.050257 306.047646
0.777778 0.494949 306.059945 306.057325
0.777778 0.500000 306.063176 306.060552
0.787879 0.000000 293.533262 293.536092
0.787879 0.005051 293.536735 293.539562
0.787879 0.010101 293.547150 293.549966
0.787879 0.015152 293.564490 293.567287
0.787879 0.020202 293.588725 293.591496
0.787879 0.025253 293.619815 293.622554
0.787879 0.030303 293.657711 293.660410
0.787879 0.035354 293.702349 293.705003
0.787879 0.040404 293.753658 293.756261
0.787879 0.045455 293.811557 293.814104
0.787879 0.050505 293.875954 293.878439
0.787879 0.055556 293.946748 293.949168
0.787879 0.060606 294.023831 294.026182
0.787879 0.065657 294.107086 294.109366
0.787879 0.070707 294.196389 294.198594
0.787879 0.075758 294.291610 294.293738
0.787879 0.080808 294.392611 294.394661
0.787879 0.085859 294.499249 294.501220
0.787879 0.090909 294.611377 294.613269
0.787879 0.095960 294.728843 294.730654
0.787879 0.101010 294.851489 294.853221
0.787879 0.106061 294.979157 294.980809
0.787879 0.111111 295.111682 295.113256
0.787879 0.116162 295.248900 295.250396
0.787879 0.121212 295.390642 295.392062
0.787879 0.126263 295.536739 295.538085
0.787879 0.131313 295.687020 295.688293
0.787879 0.136364 295.841313 295.842514
0.787879 0.141414 295.999443 296.000575
0.787879 0.146465 296.161239 296.162303
0.787879 0.151515 296.326525 296.327524
0.787879 0.156566 296.495127 296.496063
0.787879 0.161616 296.666871 296.667746
0.787879 0.166667 296.841584 296.842399
0.787879 0.171717 297.019091 297.019848
0.787879 0.176768 297.199219 297.199921
0.787879 0.181818 297.381796 297.382443
0.787879 0.186869 297.566648 297.567243
0.787879 0.191919 297.753605 297.754149
0.787879 0.196970 297.942495 297.942990
0.787879 0.202020 298.133147 298.133594
0.787879 0.207071 298.325392 298.325792
0.787879 0.212121 298.519060 298.519415
0.787879 0.217172 298.713982 298.714292
0.787879 0.222222 298.909990 298.910257
0.787879 0.227273 299.106917 299.107141
0.787879 0.232323 299.304594 299.304775
0.787879 0.237374 299.502854 299.502994
0.787879 0.242424 299.701532 299.701630
0.787879 0.247475 299.900459 299.900515
0.787879 0.252525 300.099469 300.099485
0.787879 0.257576 300.298396 300.298370
0.787879 0.262626 300.497073 300.497006
0.787879 0.267677 300.695334 300.695225
0.787879 0.272727 300.893011 300.892859
0.787879 0.277778 301.089937 301.089743
0.787879 0.282828 301.285946 301.285708
0.787879 0.287879 301.480868 301.480585
0.787879 0.292929 301.674536 301.674208
0.787879 0.297980 301.866781 301.866406
0.787879 0.303030 302.057433 302.057010
0.787879 0.308081 302.246323 302.245851
0.787879 0.313131 302.433279 302.432757
0.787879 0.318182 302.618132 302.617557
0.787879 0.323232 302.800708 302.800079
0.787879 0.328283 302.980836 302.980152
0.787879 0.333333 303.158344 303.157601
0.787879 0.338384 303.333056 303.332254
0.787879 0.343434 303.504801 303.503937
0.787879 0.348485 303.673403 303.672476
0.787879 0.353535 303.838689 303.837697
0.787879 0.358586 304.000484 303.999425
0.787879 0.363636 304.158615 304.157486
0.787879 0.368687 304.312907 304.311707
0.787879 0.373737 304.463188 304.461915
0.787879 0.378788 304.609285 304.607938
0.787879 0.383838 304.751028 304.749604
0.787879 0.388889 304.888245 304.886744
0.787879 0.393939 305.020771 305.019191
0.787879 0.398990 305.148438 305.146779
0.787879 0.404040 305.271085 305.269346
0.787879 0.409091 305.388550 305.386731
0.787879 0.414141 305.500678 305.498780
0.787879 0.419192 305.607317 305.605339
0.787879 0.424242 305.708318 305.706262
0.787879 0.429293 305.803538 305.801406
0.787879 0.434343 305.892842 305.890634
0.787879 0.439394 305.976097 305.973818
0.787879 0.444444 306.053180 306.050832
0.787879 0.449495 306.123974 306.121561
0.787879 0.454545 306.188371 306.185896
0.787879 0.459596 306.246269 306.243739
0.787879 0.464646 306.297579 306.294997
0.787879 0.469697 306.342217 306.339590
0.787879 0.474747 306.380112 306.377446
0.787879 0.479798 306.411203 306.408504
0.787879 0.484848 306.435438 306.432713
0.787879 0.489899 306.452777 306.450034
0.787879 0.494949 306.463192 306.460438
0.787879 0.500000 306.466666 306.463908
0.797980 0.000000 293.101986 293.104958
0.797980 0.005051 293.105725 293.108693
0.797980 0.010101 293.116937 293.119892
0.797980 0.015152 293.135600 293.138534
0.797980 0.020202 293.161684 293.164588
0.797980 0.025253 293.195141 293.198008
0.797980 0.030303 293.235914 293.238736
0.797980 0.035354 293.283933 293.286703
0.797980 0.040404 293.339115 293.341827
0.797980 0.045455 293.401368 293.404016
0.797980 0.050505 293.470588 293.473167
0.797980 0.055556 293.546662 293.549167
0.797980 0.060606 293.629466 293.631893
0.797980 0.065657 293.718869 293.721216
0.797980 0.070707 293.814733 293.816996
0.797980 0.075758 293.916909 293.919087
0.797980 0.080808 294.025245 294.027337
0.797980 0.085859 294.139582 294.141587
0.797980 0.090909 294.259755 294.261673
0.797980 0.095960 294.385596 294.387426
0.797980 0.101010 294.516932 294.518676
0.797980 0.106061 294.653586 294.655245
0.797980 0.111111 294.795380 294.796954
0.797980 0.116162 294.942132 294.943624
0.797980 0.121212 295.093660 295.095071
0.797980 0.126263 295.249778 295.251110
0.797980 0.131313 295.410300 295.411557
0.797980 0.136364 295.575042 295.576224
0.797980 0.141414 295.743816 295.744926
0.797980 0.146465 295.916435 295.917476
0.797980 0.151515 296.092712 296.093686
0.797980 0.156566 296.272463 296.273372
0.797980 0.161616 296.455500 296.456348
0.797980 0.166667 296.641640 296.642428
0.797980 0.171717 296.830697 296.831427
0.797980 0.176768 297.022489 297.023164
0.797980 0.181818 297.216833 297.217455
0.797980 0.186869 297.413548 297.414118
0.797980 0.191919 297.612453 297.612973
0.797980 0.196970 297.813369 297.813841
0.797980 0.202020 298.016117 298.016543
0.797980 0.207071 298.220520 298.220901
0.797980 0.212121 298.426401 298.426738
0.797980 0.217172 298.633584 298.633878
0.797980 0.222222 298.841893 298.842146
0.797980 0.227273 299.051155 299.051367
0.797980 0.232323 299.261196 299.261368
0.797980 0.237374 299.471841 299.471973
0.797980 0.242424 299.682918 299.683011
0.797980 0.247475 299.894254 299.894308
0.797980 0.252525 300.105676 300.105692
0.797980 0.257576 300.317012 300.316989
0.797980 0.262626 300.528090 300.528027
0.797980 0.267677 300.738735 300.738632
0.797980 0.272727 300.948775 300.948633
0.797980 0.277778 301.158037 301.157854
0.797980 0.282828 301.366347 301.366122
0.797980 0.287879 301.573530 301.573262
0.797980 0.292929 301.779410 301.779099
0.797980 0.297980 301.983813 301.983457
0.797980 0.303030 302.186561 302.186159
0.797980 0.308081 302.387477 302.387027
0.797980 0.313131 302.586382 302.585882
0.797980 0.318182 302.783097 302.782545
0.797980 0.323232 302.977441 302.976836
0.797980 0.328283 303.169233 303.168573
0.797980 0.333333 303.358290 303.357572
0.797980 0.338384 303.544430 303.543652
0.797980 0.343434 303.727468 303.726628
0.797980 0.348485 303.907218 303.906314
0.797980 0.353535 304.083496 304.082524
0.797980 0.358586 304.256115 304.255074
0.797980 0.363636 304.424888 304.423776
0.797980 0.368687 304.589630 304.588443
0.797980 0.373737 304.750153 304.748890
0.797980 0.378788 304.906271 304.904929
0.797980 0.383838 305.057798 305.056376
0.797980 0.388889 305.204550 305.203046
0.797980 0.393939 305.346344 305.344755
0.797980 0.398990 305.482999 305.481324
0.797980 0.404040 305.614334 305.612574
0.797980 0.409091 305.740175 305.738327
0.797980 0.414141 305.860349 305.858413
0.797980 0.419192 305.974686 305.972663
0.797980 0.424242 306.083022 306.080913
0.797980 0.429293 306.185198 306.183004
0.797980 0.434343 306.281061 306.278784
0.797980 0.439394 306.370464 306.368107
0.797980 0.444444 306.453269 306.450833
0.797980 0.449495 306.529342 306.526833
0.797980 0.454545 306.598562 306.595984
0.797980 0.459596 306.660815 306.658173
0.797980 0.464646 306.715998 306.713297
0.797980 0.469697 306.764016 306.761264
0.797980 0.474747 306.804789 306.801992
0.797980 0.479798 306.838247 306.835412
0.797980 0.484848 306.864330 306.861466
0.797980 0.489899 306.882994 306.880108
0.797980 0.494949 306.894205 306.891307
0.797980 0.500000 306.897945 306.895042
0.808081 0.000000 292.640795 292.643922
0.808081 0.005051 292.644826 292.647948
0.808081 0.010101 292.656913 292.660020
0.808081 0.015152 292.677033 292.680115
0.808081 0.020202 292.705147 292.708195
0.808081 0.025253 292.741203 292.744208
0.808081 0.030303 292.785135 292.788088
0.808081 0.035354 292.836862 292.839755
0.808081 0.040404 292.896289 292.899115
0.808081 0.045455 292.963311 292.966064
0.808081 0.050505 293.037809 293.040483
0.808081 0.055556 293.119653 293.122244
0.808081 0.060606 293.208705 293.211207
0.808081 0.065657 293.304814 293.307226
0.808081 0.070707 293.407824 293.410142
0.808081 0.075758 293.517568 293.519792
0.808081 0.080808 293.633876 293.636004
0.808081 0.085859 293.756569 293.758600
0.808081 0.090909 293.885463 293.887399
0.808081 0.095960 294.020370 294.022211
0.808081 0.101010 294.161100 294.162847
0.808081 0.106061 294.307457 294.309113
0.808081 0.111111 294.459245 294.460810
0.808081 0.116162 294.616264 294.617742
0.808081 0.121212 294.778315 294.779707
0.808081 0.126263 294.945196 294.946506
0.808081 0.131313 295.116706 295.117936
0.808081 0.136364 295.292643 295.293796
0.808081 0.141414 295.472806 295.473885
0.808081 0.146465 295.656995 295.658003
0.808081 0.151515 295.845010 295.845950
0.808081 0.156566 296.036651 296.037526
0.808081 0.161616 296.231721 296.232534
0.808081 0.166667 296.430025 296.430777
0.808081 0.171717 296.631366 296.632061
0.808081 0.176768 296.835551 296.836192
0.808081 0.181818 297.042388 297.042977
0.808081 0.186869 297.251687 297.252226
0.808081 0.191919 297.463259 297.463749
0.808081 0.196970 297.676915 297.677359
0.808081 0.202020 297.892469 297.892869
0.808081 0.207071 298.109737 298.110094
0.808081 0.212121 298.328534 298.328850
0.808081 0.217172 298.548678 298.548954
0.808081 0.222222 298.769987 298.770224
0.808081 0.227273 298.992280 298.992479
0.808081 0.232323 299.215378 299.215539
0.808081 0.237374 299.439100 299.439224
0.808081 0.242424 299.663269 299.663356
0.808081 0.247475 299.887704 299.887756
0.808081 0.252525 300.112229 300.112244
0.808081 0.257576 300.336665 300.336644
0.808081 0.262626 300.560833 300.560776
0.808081 0.267677 300.784556 300.784461
0.808081 0.272727 301.007653 301.007521
0.808081 0.277778 301.229946 301.229776
0.808081 0.282828 301.451255 301.451046
0.808081 0.287879 301.671399 301.671150
0.808081 0.292929 301.890196 301.889906
0.808081 0.297980 302.107464 302.107131
0.808081 0.303030 302.323019 302.322641
0.808081 0.308081 302.536675 302.536251
0.808081 0.313131 302.748246 302.747774
0.808081 0.318182 302.957545 302.957023
0.808081 0.323232 303.164383 303.163808
0.808081 0.328283 303.368568 303.367939
0.808081 0.333333 303.569909 303.569223
0.808081 0.338384 303.768212 303.767466
0.808081 0.343434 303.963283 303.962474
0.808081 0.348485 304.154924 304.154050
0.808081 0.353535 304.342938 304.341997
0.808081 0.358586 304.527127 304.526115
0.808081 0.363636 304.707290 304.706204
0.808081 0.368687 304.883228 304.882064
0.808081 0.373737 305.054737 305.053494
0.808081 0.378788 305.221618 305.220293
0.808081 0.383838 305.383669 305.382258
0.808081 0.388889 305.540688 305.539190
0.808081 0.393939 305.692476 305.690887
0.808081 0.398990 305.838833 305.837153
0.808081 0.404040 305.979563 305.977789
0.808081 0.409091 306.114471 306.112601
0.808081 0.414141 306.243365 306.241400
0.808081 0.419192 306.366057 306.363996
0.808081 0.424242 306.482365 306.480208
0.808081 0.429293 306.592110 306.589858
0.808081 0.434343 306.695120 306.692774
0.808081 0.439394 306.791229 306.788793
0.808081 0.444444 306.880280 306.877756
0.808081 0.449495 306.962125 306.959517
0.808081 0.454545 307.036622 307.033936
0.808081 0.459596 307.103644 307.100885
0.808081 0.464646 307.163072 307.160245
0.808081 0.469697 307.214798 307.211912
0.808081 0.474747 307.258730 307.255792
0.808081 0.479798 307.294787 307.291805
0.808081 0.484848 307.322901 307.319885
0.808081 0.489899 307.343020 307.339980
0.808081 0.494949 307.355107 307.352052
0.808081 0.500000 307.359139 307.356078
0.818182 0.000000 292.147352 292.150648
0.818182 0.005051 292.151706 292.154997
0.818182 0.010101 292.164760 292.168033
0.818182 0.015152 292.186486 292.189730
0.818182 0.020202 292.216841 292.220045
0.818182 0.025253 292.255764 292.258918
0.818182 0.030303 292.303178 292.306271
0.818182 0.035354 292.358988 292.362012
0.818182 0.040404 292.423086 292.426033
0.818182 0.045455 292.495350 292.498212
0.818182 0.050505 292.575643 292.578414
0.818182 0.055556 292.663817 292.666493
0.818182 0.060606 292.759711 292.762288
0.818182 0.065657 292.863157 292.865631
0.818182 0.070707 292.973974 292.976343
0.818182 0.075758 293.091976 293.094239
0.818182 0.080808 293.216968 293.219124
0.818182 0.085859 293.348750 293.350800
0.818182 0.090909 293.487116 293.489061
0.818182 0.095960 293.631856 293.633698
0.818182 0.101010 293.782759 293.784498
0.818182 0.106061 293.939607 293.941248
0.818182 0.111111 294.102184 294.103728
0.818182 0.116162 294.270271 294.271722
0.818182 0.121212 294.443649 294.445011
0.818182 0.126263 294.622099 294.623374
0.818182 0.131313 294.805402 294.806594
0.818182 0.136364 294.993340 294.994453
0.818182 0.141414 295.185695 295.186733
0.818182 0.146465 295.382253 295.383218
0.818182 0.151515 295.582800 295.583696
0.818182 0.156566 295.787122 295.787953
0.818182 0.161616 295.995011 295.995780
0.818182 0.166667 296.206258 296.206968
0.818182 0.171717 296.420657 296.421311
0.818182 0.176768 296.638004 296.638605
0.818182 0.181818 296.858097 296.858647
0.818182 0.186869 297.080737 297.081239
0.818182 0.191919 297.305726 297.306181
0.818182 0.196970 297.532867 297.533279
0.818182 0.202020 297.761968 297.762338
0.818182 0.207071 297.992836 297.993166
0.818182 0.212121 298.225281 298.225572
0.818182 0.217172 298.459112 298.459366
0.818182 0.222222 298.694144 298.694362
0.818182 0.227273 298.930189 298.930371
0.818182 0.232323 299.167061 299.167209
0.818182 0.237374 299.404576 299.404690
0.818182 0.242424 299.642550 299.642631
0.818182 0.247475 299.880798 299.880846
0.818182 0.252525 300.119138 300.119154
0.818182 0.257576 300.357387 300.357369
0.818182 0.262626 300.595361 300.595310
0.818182 0.267677 300.832876 300.832791
0.818182 0.272727 301.069748 301.069629
0.818182 0.277778 301.305793 301.305638
0.818182 0.282828 301.540824 301.540634
0.818182 0.287879 301.774656 301.774428
0.818182 0.292929 302.007101 302.006834
0.818182 0.297980 302.237968 302.237662
0.818182 0.303030 302.467069 302.466721
0.818182 0.308081 302.694211 302.693819
0.818182 0.313131 302.919200 302.918761
0.818182 0.318182 303.141839 303.141353
0.818182 0.323232 303.361933 303.361395
0.818182 0.328283 303.579280 303.578689
0.818182 0.333333 303.793679 303.793032
0.818182 0.338384 304.004925 304.004220
0.818182 0.343434 304.212814 304.212047
0.818182 0.348485 304.417137 304.416304
0.818182 0.353535 304.617683 304.616782
0.818182 0.358586 304.814241 304.813267
0.818182 0.363636 305.006597 305.005547
0.818182 0.368687 305.194535 305.193406
0.818182 0.373737 305.377838 305.376626
0.818182 0.378788 305.556287 305.554989
0.818182 0.383838 305.729666 305.728278
0.818182 0.388889 305.897753 305.896272
0.818182 0.393939 306.060330 306.058752
0.818182 0.398990 306.217178 306.215502
0.818182 0.404040 306.368080 306.366302
0.818182 0.409091 306.512821 306.510939
0.818182 0.414141 306.651187 306.649200
0.818182 0.419192 306.782969 306.780876
0.818182 0.424242 306.907961 306.905761
0.818182 0.429293 307.025962 307.023657
0.818182 0.434343 307.136780 307.134369
0.818182 0.439394 307.240225 307.237712
0.818182 0.444444 307.336120 307.333507
0.818182 0.449495 307.424294 307.421586
0.818182 0.454545 307.504587 307.501788
0.818182 0.459596 307.576850 307.573967
0.818182 0.464646 307.640949 307.637988
0.818182 0.469697 307.696759 307.693729
0.818182 0.474747 307.744172 307.741082
0.818182 0.479798 307.783095 307.779955
0.818182 0.484848 307.813451 307.810270
0.818182 0.489899 307.835177 307.831967
0.818182 0.494949 307.848230 307.845003
0.818182 0.500000 307.852585 307.849352
0.828283 0.000000 291.619076 291.622560
0.828283 0.005051 291.623788 291.627265
0.828283 0.010101 291.637915 291.641371
0.828283 0.015152 291.661424 291.664845
0.828283 0.020202 291.694264 291.697639
0.828283 0.025253 291.736364 291.739679
0.828283 0.030303 291.787633 291.790877
0.828283 0.035354 291.847961 291.851124
0.828283 0.040404 291.917222 291.920294
0.828283 0.045455 291.995272 291.998247
0.828283 0.050505 292.081954 292.084825
0.828283 0.055556 292.177097 292.179857
0.828283 0.060606 292.280515 292.283161
0.828283 0.065657 292.392013 292.394543
0.828283 0.070707 292.511387 292.513799
0.828283 0.075758 292.638423 292.640716
0.828283 0.080808 292.772901 292.775075
0.828283 0.085859 292.914594 292.916651
0.828283 0.090909 293.063270 293.065212
0.828283 0.095960 293.218696 293.220525
0.828283 0.101010 293.380633 293.382352
0.828283 0.106061 293.548842 293.550455
0.828283 0.111111 293.723082 293.724593
0.828283 0.116162 293.903114 293.904526
0.828283 0.121212 294.088696 294.090014
0.828283 0.126263 294.279591 294.280818
0.828283 0.131313 294.475559 294.476701
0.828283 0.136364 294.676365 294.677426
0.828283 0.141414 294.881775 294.882759
0.828283 0.146465 295.091557 295.092469
0.828283 0.151515 295.305484 295.306327
0.828283 0.156566 295.523329 295.524107
0.828283 0.161616 295.744869 295.745585
0.828283 0.166667 295.969884 295.970542
0.828283 0.171717 296.198156 296.198761
0.828283 0.176768 296.429472 296.430025
0.828283 0.181818 296.663620 296.664125
0.828283 0.186869 296.900391 296.900850
0.828283 0.191919 297.139580 297.139996
0.828283 0.196970 297.380983 297.381358
0.828283 0.202020 297.624399 297.624735
0.828283 0.207071 297.869629 297.869928
0.828283 0.212121 298.116477 298.116741
0.828283 0.217172 298.364748 298.364977
0.828283 0.222222 298.614248 298.614445
0.828283 0.227273 298.864787 298.864952
0.828283 0.232323 299.116173 299.116307
0.828283 0.237374 299.368217 299.368321
0.828283 0.242424 299.620730 299.620805
0.828283 0.247475 299.873525 299.873570
0.828283 0.252525 300.126414 300.126430
0.828283 0.257576 300.379209 300.379195
0.828283 0.262626 300.631723 300.631679
0.828283 0.267677 300.883767 300.883693
0.828283 0.272727 301.135153 301.135048
0.828283 0.277778 301.385692 301.385555
0.828283 0.282828 301.635192 301.635023
0.828283 0.287879 301.883463 301.883259
0.828283 0.292929 302.130311 302.130072
0.828283 0.297980 302.375541 302.375265
0.828283 0.303030 302.618957 302.618642
0.828283 0.308081 302.860360 302.860004
0.828283 0.313131 303.099549 303.099150
0.828283 0.318182 303.336320 303.335875
0.828283 0.323232 303.570468 303.569975
0.828283 0.328283 303.801784 303.801239
0.828283 0.333333 304.030056 304.029458
0.828283 0.338384 304.255071 304.254415
0.828283 0.343434 304.476611 304.475893
0.828283 0.348485 304.694456 304.693673
0.828283 0.353535 304.908382 304.907531
0.828283 0.358586 305.118165 305.117241
0.828283 0.363636 305.323575 305.322574
0.828283 0.368687 305.524381 305.523299
0.828283 0.373737 305.720349 305.719182
0.828283 0.378788 305.911243 305.909986
0.828283 0.383838 306.096826 306.095474
0.828283 0.388889 306.276858 306.275407
0.828283 0.393939 306.451098 306.449545
0.828283 0.398990 306.619307 306.617648
0.828283 0.404040 306.781244 306.779475
0.828283 0.409091 306.936670 306.934788
0.828283 0.414141 307.085346 307.083349
0.828283 0.419192 307.227039 307.224925
0.828283 0.424242 307.361517 307.359284
0.828283 0.429293 307.488553 307.486201
0.828283 0.434343 307.607927 307.605457
0.828283 0.439394 307.719425 307.716839
0.828283 0.444444 307.822843 307.820143
0.828283 0.449495 307.917985 307.915175
0.828283 0.454545 308.004668 308.001753
0.828283 0.459596 308.082718 308.079706
0.828283 0.464646 308.151979 308.148876
0.828283 0.469697 308.212307 308.209123
0.828283 0.474747 308.263575 308.260321
0.828283 0.479798 308.305675 308.302361
0.828283 0.484848 308.338516 308.335155
0.828283 0.489899 308.362025 308.358629
0.828283 0.494949 308.376151 308.372735
0.828283 0.500000 308.380864 308.377440
0.838384 0.000000 291.053102 291.056795
0.838384 0.005051 291.058214 291.061898
0.838384 0.010101 291.073538 291.077197
0.838384 0.015152 291.099037 291.102655
0.838384 0.020202 291.134649 291.138211
0.838384 0.025253 291.180290 291.183780
0.838384 0.030303 291.235851 291.239258
0.838384 0.035354 291.301203 291.304514
0.838384 0.040404 291.376198 291.379403
0.838384 0.045455 291.460667 291.463758
0.838384 0.050505 291.554426 291.557395
0.838384 0.055556 291.657273 291.660116
0.838384 0.060606 291.768996 291.771708
0.838384 0.065657 291.889367 291.891946
0.838384 0.070707 292.018151 292.020597
0.838384 0.075758 292.155104 292.157416
0.838384 0.080808 292.299973 292.302154
0.838384 0.085859 292.452502 292.454553
0.838384 0.090909 292.612429 292.614353
0.838384 0.095960 292.779490 292.781291
0.838384 0.101010 292.953419 292.955102
0.838384 0.106061 293.133950 293.135519
0.838384 0.111111 293.320816 293.322277
0.838384 0.116162 293.513753 293.515110
0.838384 0.121212 293.712497 293.713756
0.838384 0.126263 293.916787 293.917953
0.838384 0.131313 294.126364 294.127442
0.838384 0.136364 294.340973 294.341969
0.838384 0.141414 294.560363 294.561282
0.838384 0.146465 294.784286 294.785132
0.838384 0.151515 295.012497 295.013274
0.838384 0.156566 295.244756 295.245470
0.838384 0.161616 295.480827 295.481482
0.838384 0.166667 295.720479 295.721078
0.838384 0.171717 295.963482 295.964029
0.838384 0.176768 296.209612 296.210111
0.838384 0.181818 296.458649 296.459102
0.838384 0.186869 296.710376 296.710786
0.838384 0.191919 296.964578 296.964949
0.838384 0.196970 297.221046 297.221379
0.838384 0.202020 297.479572 297.479870
0.838384 0.207071 297.739952 297.740216
0.838384 0.212121 298.001982 298.002215
0.838384 0.217172 298.265465 298.265667
0.838384 0.222222 298.530201 298.530374
0.838384 0.227273 298.795995 298.796141
0.838384 0.232323 299.062652 299.062771
0.838384 0.237374 299.329980 299.330072
0.838384 0.242424 299.597785 299.597852
0.838384 0.247475 299.865878 299.865919
0.838384 0.252525 300.134065 300.134081
0.838384 0.257576 300.402158 300.402148
0.838384 0.262626 300.669963 300.669928
0.838384 0.267677 300.937291 300.937229
0.838384 0.272727 301.203948 301.203859
0.838384 0.277778 301.469742 301.469626
0.838384 0.282828 301.734478 301.734333
0.838384 0.287879 301.997961 301.997785
0.838384 0.292929 302.259991 302.259784
0.838384 0.297980 302.520371 302.520130
0.838384 0.303030 302.778897 302.778621
0.838384 0.308081 303.035365 303.035051
0.838384 0.313131 303.289567 303.289214
0.838384 0.318182 303.541294 303.540898
0.838384 0.323232 303.790331 303.789889
0.838384 0.328283 304.036461 304.035971
0.838384 0.333333 304.279464 304.278922
0.838384 0.338384 304.519116 304.518518
0.838384 0.343434 304.755187 304.754530
0.838384 0.348485 304.987447 304.986726
0.838384 0.353535 305.215658 305.214868
0.838384 0.358586 305.439580 305.438718
0.838384 0.363636 305.658970 305.658031
0.838384 0.368687 305.873579 305.872558
0.838384 0.373737 306.083157 306.082047
0.838384 0.378788 306.287446 306.286244
0.838384 0.383838 306.486190 306.484890
0.838384 0.388889 306.679127 306.677723
0.838384 0.393939 306.865993 306.864481
0.838384 0.398990 307.046524 307.044898
0.838384 0.404040 307.220453 307.218709
0.838384 0.409091 307.387514 307.385647
0.838384 0.414141 307.547441 307.545447
0.838384 0.419192 307.699970 307.697846
0.838384 0.424242 307.844839 307.842584
0.838384 0.429293 307.981792 307.979403
0.838384 0.434343 308.110576 308.108054
0.838384 0.439394 308.230947 308.228292
0.838384 0.444444 308.342670 308.339884
0.838384 0.449495 308.445517 308.442605
0.838384 0.454545 308.539276 308.536242
0.838384 0.459596 308.623745 308.620597
0.838384 0.464646 308.698740 308.695486
0.838384 0.469697 308.764092 308.760742
0.838384 0.474747 308.819653 308.816220
0.838384 0.479798 308.865294 308.861789
0.838384 0.484848 308.900906 308.897345
0.838384 0.489899 308.926405 308.922803
0.838384 0.494949 308.941729 308.938102
0.838384 0.500000 308.946841 308.943205
0.848485 0.000000 290.446231 290.450158
0.848485 0.005051 290.451793 290.455710
0.848485 0.010101 290.468463 290.472350
0.848485 0.015152 290.496197 290.500034
0.848485 0.020202 290.534921 290.538690
0.848485 0.025253 290.584532 290.588216
0.848485 0.030303 290.644902 290.648486
0.848485 0.035354 290.715877 290.719346
0.848485 0.040404 290.797278 290.800621
0.848485 0.045455 290.888906 290.892114
0.848485 0.050505 290.990542 290.993609
0.848485 0.055556 291.101950 291.104870
0.848485 0.060606 291.222881 291.225650
0.848485 0.065657 291.353069 291.355687
0.848485 0.070707 291.492243 291.494709
0.848485 0.075758 291.640119 291.642435
0.848485 0.080808 291.796408 291.798577
0.848485 0.085859 291.960818 291.962844
0.848485 0.090909 292.133051 292.134939
0.848485 0.095960 292.312811 292.314566
0.848485 0.101010 292.499798 292.501426
0.848485 0.106061 292.693716 292.695223
0.848485 0.111111 292.894269 292.895662
0.848485 0.116162 293.101165 293.102450
0.848485 0.121212 293.314114 293.315298
0.848485 0.126263 293.532833 293.533922
0.848485 0.131313 293.757040 293.758040
0.848485 0.136364 293.986459 293.987377
0.848485 0.141414 294.220821 294.221661
0.848485 0.146465 294.459860 294.460629
0.848485 0.151515 294.703316 294.704018
0.848485 0.156566 294.950934 294.951575
0.848485 0.161616 295.202466 295.203050
0.848485 0.166667 295.457667 295.458198
0.848485 0.171717 295.716298 295.716781
0.848485 0.176768 295.978125 295.978563
0.848485 0.181818 296.242920 296.243316
0.848485 0.186869 296.510456 296.510813
0.848485 0.191919 296.780514 296.780835
0.848485 0.196970 297.052877 297.053165
0.848485 0.202020 297.327332 297.327588
0.848485 0.207071 297.603669 297.603896
0.848485 0.212121 297.881682 297.881881
0.848485 0.217172 298.161166 298.161340
0.848485 0.222222 298.441922 298.442071
0.848485 0.227273 298.723749 298.723874
0.848485 0.232323 299.006451 299.006553
0.848485 0.237374 299.289831 299.289911
0.848485 0.242424 299.573694 299.573753
0.848485 0.247475 299.857848 299.857885
0.848485 0.252525 300.142098 300.142115
0.848485 0.257576 300.426252 300.426247
0.848485 0.262626 300.710116 300.710089
0.848485 0.267677 300.993496 300.993447
0.848485 0.272727 301.276197 301.276126
0.848485 0.277778 301.558025 301.557929
0.848485 0.282828 301.838780 301.838660
0.848485 0.287879 302.118265 302.118119
0.848485 0.292929 302.396278 302.396104
0.848485 0.297980 302.672615 302.672412
0.848485 0.303030 302.947069 302.946835
0.848485 0.308081 303.219432 303.219165
0.848485 0.313131 303.489490 303.489187
0.848485 0.318182 303.757027 303.756684
0.848485 0.323232 304.021821 304.021437
0.848485 0.328283 304.283648 304.283219
0.848485 0.333333 304.542280 304.541802
0.848485 0.338384 304.797481 304.796950
0.848485 0.343434 305.049012 305.048425
0.848485 0.348485 305.296631 305.295982
0.848485 0.353535 305.540086 305.539371
0.848485 0.358586 305.779125 305.778339
0.848485 0.363636 306.013487 306.012623
0.848485 0.368687 306.242907 306.241960
0.848485 0.373737 306.467114 306.466078
0.848485 0.378788 306.685832 306.684702
0.848485 0.383838 306.898782 306.897550
0.848485 0.388889 307.105678 307.104338
0.848485 0.393939 307.306231 307.304777
0.848485 0.398990 307.500149 307.498574
0.848485 0.404040 307.687136 307.685434
0.848485 0.409091 307.866895 307.865061
0.848485 0.414141 308.039129 308.037156
0.848485 0.419192 308.203538 308.201423
0.848485 0.424242 308.359828 308.357565
0.848485 0.429293 308.507704 308.505291
0.848485 0.434343 308.646877 308.644313
0.848485 0.439394 308.777066 308.774350
0.848485 0.444444 308.897996 308.895130
0.848485 0.449495 309.009405 309.006391
0.848485 0.454545 309.111041 309.107886
0.848485 0.459596 309.202669 309.199379
0.848485 0.464646 309.284070 309.280654
0.848485 0.469697 309.355044 309.351514
0.848485 0.474747 309.415414 309.411784
0.848485 0.479798 309.465026 309.461310
0.848485 0.484848 309.503749 309.499966
0.848485 0.489899 309.531483 309.527650
0.848485 0.494949 309.548153 309.544290
0.848485 0.500000 309.553715 309.549842
0.858586 0.000000 289.794866 289.799060
0.858586 0.005051 289.800938 289.805118
0.858586 0.010101 289.819133 289.823277
0.858586 0.015152 289.849398 289.853480
0.858586 0.020202 289.891642 289.895641
0.858586 0.025253 289.945740 289.949636
0.858586 0.030303 290.011537 290.015311
0.858586 0.035354 290.088845 290.092482
0.858586 0.040404 290.177449 290.180936
0.858586 0.045455 290.277110 290.280438
0.858586 0.050505 290.387568 290.390728
0.858586 0.055556 290.508540 290.511529
0.858586 0.060606 290.639732 290.642547
0.858586 0.065657 290.780834 290.783474
0.858586 0.070707 290.931525 290.933994
0.858586 0.075758 291.091479 291.093779
0.858586 0.080808 291.260362 291.262499
0.858586 0.085859 291.437838 291.439818
0.858586 0.090909 291.623570 291.625399
0.858586 0.095960 291.817220 291.818907
0.858586 0.101010 292.018454 292.020006
0.858586 0.106061 292.226940 292.228365
0.858586 0.111111 292.442350 292.443655
0.858586 0.116162 292.664361 292.665555
0.858586 0.121212 292.892656 292.893747
0.858586 0.126263 293.126926 293.127920
0.858586 0.131313 293.366865 293.367771
0.858586 0.136364 293.612177 293.613001
0.858586 0.141414 293.862571 293.863320
0.858586 0.146465 294.117766 294.118446
0.858586 0.151515 294.377485 294.378101
0.858586 0.156566 294.641460 294.642018
0.858586 0.161616 294.909428 294.909932
0.858586 0.166667 295.181134 295.181590
0.858586 0.171717 295.456329 295.456741
0.858586 0.176768 295.734771 295.735142
0.858586 0.181818 296.016222 296.016556
0.858586 0.186869 296.300451 296.300750
0.858586 0.191919 296.587231 296.587499
0.858586 0.196970 296.876341 296.876579
0.858586 0.202020 297.167562 297.167774
0.858586 0.207071 297.460683 297.460870
0.858586 0.212121 297.755493 297.755657
0.858586 0.217172 298.051785 298.051928
0.858586 0.222222 298.349356 298.349479
0.858586 0.227273 298.648006 298.648109
0.858586 0.232323 298.947535 298.947620
0.858586 0.237374 299.247746 299.247814
0.858586 0.242424 299.548443 299.548494
0.858586 0.247475 299.849432 299.849466
0.858586 0.252525 300.150518 300.150534
0.858586 0.257576 300.451506 300.451506
0.858586 0.262626 300.752204 300.752186
0.858586 0.267677 301.052415 301.052380
0.858586 0.272727 301.351944 301.351891
0.858586 0.277778 301.650593 301.650521
0.858586 0.282828 301.948165 301.948072
0.858586 0.287879 302.244457 302.244343
0.858586 0.292929 302.539267 302.539130
0.858586 0.297980 302.832387 302.832226
0.858586 0.303030 303.123609 303.123421
0.858586 0.308081 303.412718 303.412501
0.858586 0.313131 303.699499 303.699250
0.858586 0.318182 303.983727 303.983444
0.858586 0.323232 304.265179 304.264858
0.858586 0.328283 304.543620 304.543259
0.858586 0.333333 304.818816 304.818410
0.858586 0.338384 305.090522 305.090068
0.858586 0.343434 305.358490 305.357982
0.858586 0.348485 305.622465 305.621899
0.858586 0.353535 305.882184 305.881554
0.858586 0.358586 306.137378 306.136680
0.858586 0.363636 306.387773 306.386999
0.858586 0.368687 306.633085 306.632229
0.858586 0.373737 306.873024 306.872080
0.858586 0.378788 307.107293 307.106253
0.858586 0.383838 307.335589 307.334445
0.858586 0.388889 307.557600 307.556345
0.858586 0.393939 307.773009 307.771635
0.858586 0.398990 307.981495 307.979994
0.858586 0.404040 308.182729 308.181093
0.858586 0.409091 308.376380 308.374601
0.858586 0.414141 308.562112 308.560182
0.858586 0.419192 308.739588 308.737501
0.858586 0.424242 308.908471 308.906221
0.858586 0.429293 309.068425 309.066006
0.858586 0.434343 309.219116 309.216526
0.858586 0.439394 309.360218 309.357453
0.858586 0.444444 309.491409 309.488471
0.858586 0.449495 309.612382 309.609272
0.858586 0.454545 309.722839 309.719562
0.858586 0.459596 309.822501 309.819064
0.858586 0.464646 309.911105 309.907518
0.858586 0.469697 309.988413 309.984689
0.858586 0.474747 310.054209 310.050364
0.858586 0.479798 310.108308 310.104359
0.858586 0.484848 310.150552 310.146520
0.858586 0.489899 310.180817 310.176723
0.858586 0.494949 310.199012 310.194882
0.858586 0.500000 310.205083 310.200940
0.868687 0.000000 289.094932 289.099431
0.868687 0.005051 289.101586 289.106070
0.868687 0.010101 289.121525 289.125962
0.868687 0.015152 289.154682 289.159043
0.868687 0.020202 289.200943 289.205202
0.868687 0.025253 289.260156 289.264287
0.868687 0.030303 289.332127 289.336109
0.868687 0.035354 289.416627 289.420441
0.868687 0.040404 289.513392 289.517026
0.868687 0.045455 289.622132 289.625575
0.868687 0.050505 289.742532 289.745776
0.868687 0.055556 289.874254 289.877297
0.868687 0.060606 290.016945 290.019787
0.868687 0.065657 290.170238 290.172881
0.868687 0.070707 290.333758 290.336206
0.868687 0.075758 290.507121 290.509381
0.868687 0.080808 290.689943 290.692022
0.868687 0.085859 290.881835 290.883742
0.868687 0.090909 291.082414 291.084158
0.868687 0.095960 291.291296 291.292888
0.868687 0.101010 291.508105 291.509554
0.868687 0.106061 291.732469 291.733787
0.868687 0.111111 291.964026 291.965221
0.868687 0.116162 292.202420 292.203502
0.868687 0.121212 292.447303 292.448281
0.868687 0.126263 292.698339 292.699222
0.868687 0.131313 292.955198 292.955994
0.868687 0.136364 293.217562 293.218279
0.868687 0.141414 293.485121 293.485766
0.868687 0.146465 293.757575 293.758155
0.868687 0.151515 294.034632 294.035153
0.868687 0.156566 294.316011 294.316477
0.868687 0.161616 294.601436 294.601854
0.868687 0.166667 294.890644 294.891018
0.868687 0.171717 295.183375 295.183710
0.868687 0.176768 295.479380 295.479679
0.868687 0.181818 295.778414 295.778681
0.868687 0.186869 296.080241 296.080479
0.868687 0.191919 296.384630 296.384842
0.868687 0.196970 296.691356 296.691543
0.868687 0.202020 297.000198 297.000363
0.868687 0.207071 297.310941 297.311086
0.868687 0.212121 297.623373 297.623500
0.868687 0.217172 297.937287 297.937398
0.868687 0.222222 298.252478 298.252574
0.868687 0.227273 298.568746 298.568827
0.868687 0.232323 298.885891 298.885959
0.868687 0.237374 299.203717 299.203771
0.868687 0.242424 299.522027 299.522069
0.868687 0.247475 299.840628 299.840657
0.868687 0.252525 300.159325 300.159343
0.868687 0.257576 300.477926 300.477931
0.868687 0.262626 300.796236 300.796229
0.868687 0.267677 301.114062 301.114041
0.868687 0.272727 301.431207 301.431173
0.868687 0.277778 301.747475 301.747426
0.868687 0.282828 302.062666 302.062602
0.868687 0.287879 302.376580 302.376500
0.868687 0.292929 302.689013 302.688914
0.868687 0.297980 302.999755 302.999637
0.868687 0.303030 303.308597 303.308457
0.868687 0.308081 303.615323 303.615158
0.868687 0.313131 303.919712 303.919521
0.868687 0.318182 304.221539 304.221319
0.868687 0.323232 304.520574 304.520321
0.868687 0.328283 304.816578 304.816290
0.868687 0.333333 305.109309 305.108982
0.868687 0.338384 305.398517 305.398146
0.868687 0.343434 305.683942 305.683523
0.868687 0.348485 305.965321 305.964847
0.868687 0.353535 306.242378 306.241845
0.868687 0.358586 306.514832 306.514234
0.868687 0.363636 306.782391 306.781721
0.868687 0.368687 307.044755 307.044006
0.868687 0.373737 307.301614 307.300778
0.868687 0.378788 307.552650 307.551719
0.868687 0.383838 307.797533 307.796498
0.868687 0.388889 308.035927 308.034779
0.868687 0.393939 308.267484 308.266213
0.868687 0.398990 308.491848 308.490446
0.868687 0.404040 308.708657 308.707112
0.868687 0.409091 308.917540 308.915842
0.868687 0.414141 309.118118 309.116258
0.868687 0.419192 309.310010 309.307978
0.868687 0.424242 309.492832 309.490619
0.868687 0.429293 309.666195 309.663794
0.868687 0.434343 309.829715 309.827119
0.868687 0.439394 309.983009 309.980213
0.868687 0.444444 310.125699 310.122703
0.868687 0.449495 310.257421 310.254224
0.868687 0.454545 310.377821 310.374425
0.868687 0.459596 310.486561 310.482974
0.868687 0.464646 310.583327 310.579559
0.868687 0.469697 310.667826 310.663891
0.868687 0.474747 310.739797 310.735713
0.868687 0.479798 310.799010 310.794798
0.868687 0.484848 310.845272 310.840957
0.868687 0.489899 310.878428 310.874038
0.868687 0.494949 310.898367 310.893930
0.868687 0.500000 310.905021 310.900569
0.878788 0.000000 288.341765 288.346620
0.878788 0.005051 288.349093 288.353929
0.878788 0.010101 288.371048 288.375825
0.878788 0.015152 288.407544 288.412225
0.878788 0.020202 288.458440 288.462991
0.878788 0.025253 288.523541 288.527932
0.878788 0.030303 288.602604 288.606810
0.878788 0.035354 288.695344 288.699344
0.878788 0.040404 288.801435 288.805215
0.878788 0.045455 288.920517 288.924067
0.878788 0.050505 289.052206 289.055520
0.878788 0.055556 289.196091 289.199168
0.878788 0.060606 289.351747 289.354591
0.878788 0.065657 289.518737 289.521353
0.878788 0.070707 289.696615 289.699011
0.878788 0.075758 289.884932 289.887118
0.878788 0.080808 290.083239 290.085227
0.878788 0.085859 290.291089 290.292891
0.878788 0.090909 290.508042 290.509670
0.878788 0.095960 290.733664 290.735132
0.878788 0.101010 290.967532 290.968851
0.878788 0.106061 291.209230 291.210414
0.878788 0.111111 291.458356 291.459416
0.878788 0.116162 291.714519 291.715467
0.878788 0.121212 291.977342 291.978188
0.878788 0.126263 292.246458 292.247212
0.878788 0.131313 292.521514 292.522184
0.878788 0.136364 292.802168 292.802764
0.878788 0.141414 293.088093 293.088622
0.878788 0.146465 293.378970 293.379440
0.878788 0.151515 293.674495 293.674911
0.878788 0.156566 293.974373 293.974741
0.878788 0.161616 294.278319 294.278644
0.878788 0.166667 294.586058 294.586346
0.878788 0.171717 294.897327 294.897582
0.878788 0.176768 295.211869 295.212093
0.878788 0.181818 295.529434 295.529632
0.878788 0.186869 295.849784 295.849958
0.878788 0.191919 296.172683 296.172837
0.878788 0.196970 296.497906 296.498041
0.878788 0.202020 296.825230 296.825349
0.878788 0.207071 297.154440 297.154545
0.878788 0.212121 297.485325 297.485416
0.878788 0.217172 297.817678 297.817757
0.878788 0.222222 298.151295 298.151364
0.878788 0.227273 298.485977 298.486036
0.878788 0.232323 298.821526 298.821576
0.878788 0.237374 299.157748 299.157789
0.878788 0.242424 299.494449 299.494482
0.878788 0.247475 299.831437 299.831462
0.878788 0.252525 300.168520 300.168538
0.878788 0.257576 300.505508 300.505518
0.878788 0.262626 300.842209 300.842211
0.878788 0.267677 301.178430 301.178424
0.878788 0.272727 301.513980 301.513964
0.878788 0.277778 301.848661 301.848636
0.878788 0.282828 302.182279 302.182243
0.878788 0.287879 302.514631 302.514584
0.878788 0.292929 302.845516 302.845455
0.878788 0.297980 303.174726 303.174651
0.878788 0.303030 303.502051 303.501959
0.878788 0.308081 303.827273 303.827163
0.878788 0.313131 304.150173 304.150042
0.878788 0.318182 304.470522 304.470368
0.878788 0.323232 304.788088 304.787907
0.878788 0.328283 305.102629 305.102418
0.878788 0.333333 305.413898 305.413654
0.878788 0.338384 305.721638 305.721356
0.878788 0.343434 306.025584 306.025259
0.878788 0.348485 306.325462 306.325089
0.878788 0.353535 306.620986 306.620560
0.878788 0.358586 306.911864 306.911378
0.878788 0.363636 307.197788 307.197236
0.878788 0.368687 307.478443 307.477816
0.878788 0.373737 307.753499 307.752788
0.878788 0.378788 308.022614 308.021812
0.878788 0.383838 308.285437 308.284533
0.878788 0.388889 308.541601 308.540584
0.878788 0.393939 308.790727 308.789586
0.878788 0.398990 309.032425 309.031149
0.878788 0.404040 309.266292 309.264868
0.878788 0.409091 309.491914 309.490330
0.878788 0.414141 309.708867 309.707109
0.878788 0.419192 309.916718 309.914773
0.878788 0.424242 310.115024 310.112882
0.878788 0.429293 310.303341 310.300989
0.878788 0.434343 310.481219 310.478647
0.878788 0.439394 310.648209 310.645409
0.878788 0.444444 310.803866 310.800832
0.878788 0.449495 310.947751 310.944480
0.878788 0.454545 311.079439 311.075933
0.878788 0.459596 311.198522 311.194785
0.878788 0.464646 311.304612 311.300656
0.878788 0.469697 311.397352 311.393190
0.878788 0.474747 311.476416 311.472068
0.878788 0.479798 311.541517 311.537009
0.878788 0.484848 311.592412 311.587775
0.878788 0.489899 311.628908 311.624175
0.878788 0.494949 311.650863 311.646071
0.878788 0.500000 311.658192 311.653380
0.888889 0.000000 287.529974 287.535249
0.888889 0.005051 287.538092 287.543341
0.888889 0.010101 287.562408 287.567581
0.888889 0.015152 287.602810 287.607859
0.888889 0.020202 287.659115 287.663998
0.888889 0.025253 287.731074 287.735753
0.888889 0.030303 287.818377 287.822823
0.888889 0.035354 287.920659 287.924849
0.888889 0.040404 288.037509 288.041428
0.888889 0.045455 288.168480 288.172120
0.888889 0.050505 288.313092 288.316450
0.888889 0.055556 288.470843 288.473923
0.888889 0.060606 288.641217 288.644025
0.888889 0.065657 288.823685 288.826233
0.888889 0.070707 289.017717 289.020019
0.888889 0.075758 289.222784 289.224855
0.888889 0.080808 289.438361 289.440217
0.888889 0.085859 289.663933 289.665590
0.888889 0.090909 289.898994 289.900469
0.888889 0.095960 290.143054 290.144363
0.888889 0.101010 290.395635 290.396794
0.888889 0.106061 290.656277 290.657300
0.888889 0.111111 290.924535 290.925437
0.888889 0.116162 291.199983 291.200775
0.888889 0.121212 291.482208 291.482904
0.888889 0.126263 291.770818 291.771427
0.888889 0.131313 292.065434 292.065966
0.888889 0.136364 292.365694 292.366159
0.888889 0.141414 292.671252 292.671657
0.888889 0.146465 292.981776 292.982128
0.888889 0.151515 293.296947 293.297253
0.888889 0.156566 293.616461 293.616726
0.888889 0.161616 293.940025 293.940255
0.888889 0.166667 294.267358 294.267557
0.888889 0.171717 294.598190 294.598362
0.888889 0.176768 294.932260 294.932410
0.888889 0.181818 295.269320 295.269449
0.888889 0.186869 295.609126 295.609237
0.888889 0.191919 295.951445 295.951541
0.888889 0.196970 296.296049 296.296133
0.888889 0.202020 296.642720 296.642792
0.888889 0.207071 296.991242 296.991305
0.888889 0.212121 297.341407 297.341462
0.888889 0.217172 297.693011 297.693059
0.888889 0.222222 298.045853 298.045896
0.888889 0.227273 298.399738 298.399775
0.888889 0.232323 298.754472 298.754504
0.888889 0.237374 299.109863 299.109892
0.888889 0.242424 299.465723 299.465748
0.888889 0.247475 299.821863 299.821885
0.888889 0.252525 300.178097 300.178115
0.888889 0.257576 300.534237 300.534252
0.888889 0.262626 300.890097 300.890108
0.888889 0.267677 301.245488 301.245496
0.888889 0.272727 301.600222 301.600225
0.888889 0.277778 301.954107 301.954104
0.888889 0.282828 302.306949 302.306941
0.888889 0.287879 302.658553 302.658538
0.888889 0.292929 303.008718 303.008695
0.888889 0.297980 303.357240 303.357208
0.888889 0.303030 303.703911 303.703867
0.888889 0.308081 304.048516 304.048459
0.888889 0.313131 304.390834 304.390763
0.888889 0.318182 304.730640 304.730551
0.888889 0.323232 305.067700 305.067590
0.888889 0.328283 305.401771 305.401638
0.888889 0.333333 305.732602 305.732443
0.888889 0.338384 306.059935 306.059745
0.888889 0.343434 306.383499 306.383274
0.888889 0.348485 306.703013 306.702747
0.888889 0.353535 307.018184 307.017872
0.888889 0.358586 307.328708 307.328343
0.888889 0.363636 307.634266 307.633841
0.888889 0.368687 307.934527 307.934034
0.888889 0.373737 308.229142 308.228573
0.888889 0.378788 308.517752 308.517096
0.888889 0.383838 308.799977 308.799225
0.888889 0.388889 309.075425 309.074563
0.888889 0.393939 309.343683 309.342700
0.888889 0.398990 309.604325 309.603206
0.888889 0.404040 309.856906 309.855637
0.888889 0.409091 310.100966 310.099531
0.888889 0.414141 310.336027 310.334410
0.888889 0.419192 310.561599 310.559783
0.888889 0.424242 310.777176 310.775145
0.888889 0.429293 310.982243 310.979981
0.888889 0.434343 311.176275 311.173767
0.888889 0.439394 311.358743 311.355975
0.888889 0.444444 311.529117 311.526077
0.888889 0.449495 311.686868 311.683550
0.888889 0.454545 311.831480 311.827880
0.888889 0.459596 311.962451 311.958572
0.888889 0.464646 312.079301 312.075151
0.888889 0.469697 312.181583 312.177177
0.888889 0.474747 312.268886 312.264247
0.888889 0.479798 312.340845 312.336002
0.888889 0.484848 312.397150 312.392141
0.888889 0.489899 312.437552 312.432419
0.888889 0.494949 312.461868 312.456659
0.888889 0.500000 312.469986 312.464751
0.898990 0.000000 286.653241 286.659020
0.898990 0.005051 286.662299 286.668043
0.898990 0.010101 286.689422 286.695065
0.898990 0.015152 286.734461 286.739941
0.898990 0.020202 286.797175 286.802436
0.898990 0.025253 286.877234 286.882232
0.898990 0.030303 286.974233 286.978931
0.898990 0.035354 287.087698 287.092074
0.898990 0.040404 287.217103 287.221143
0.898990 0.045455 287.361878 287.365577
0.898990 0.050505 287.521421 287.524783
0.898990 0.055556 287.695108 287.698143
0.898990 0.060606 287.882306 287.885029
0.898990 0.065657 288.082375 288.084804
0.898990 0.070707 288.294680 288.296836
0.898990 0.075758 288.518595 288.520499
0.898990 0.080808 288.753506 288.755181
0.898990 0.085859 288.998818 289.000285
0.898990 0.090909 289.253953 289.255234
0.898990 0.095960 289.518356 289.519471
0.898990 0.101010 289.791495 289.792461
0.898990 0.106061 290.072858 290.073694
0.898990 0.111111 290.361959 290.362679
0.898990 0.116162 290.658333 290.658951
0.898990 0.121212 290.961538 290.962067
0.898990 0.126263 291.271152 291.271604
0.898990 0.131313 291.586776 291.587160
0.898990 0.136364 291.908029 291.908354
0.898990 0.141414 292.234548 292.234824
0.898990 0.146465 292.565991 292.566223
0.898990 0.151515 292.902029 292.902223
0.898990 0.156566 293.242349 293.242511
0.898990 0.161616 293.586655 293.586790
0.898990 0.166667 293.934661 293.934773
0.898990 0.171717 294.286096 294.286188
0.898990 0.176768 294.640698 294.640774
0.898990 0.181818 294.998219 294.998281
0.898990 0.186869 295.358417 295.358468
0.898990 0.191919 295.721062 295.721104
0.898990 0.196970 296.085929 296.085964
0.898990 0.202020 296.452802 296.452831
0.898990 0.207071 296.821471 296.821496
0.898990 0.212121 297.191733 297.191755
0.898990 0.217172 297.563388 297.563408
0.898990 0.222222 297.936242 297.936260
0.898990 0.227273 298.310104 298.310121
0.898990 0.232323 298.684787 298.684803
0.898990 0.237374 299.060104 299.060121
0.898990 0.242424 299.435875 299.435892
0.898990 0.247475 299.811916 299.811934
0.898990 0.252525 300.188048 300.188066
0.898990 0.257576 300.564089 300.564108
0.898990 0.262626 300.939859 300.939879
0.898990 0.267677 301.315177 301.315197
0.898990 0.272727 301.689859 301.689879
0.898990 0.277778 302.063721 302.063740
0.898990 0.282828 302.436575 302.436592
0.898990 0.287879 302.808230 302.808245
0.898990 0.292929 303.178492 303.178504
0.898990 0.297980 303.547162 303.547169
0.898990 0.303030 303.914035 303.914036
0.898990 0.308081 304.278902 304.278896
0.898990 0.313131 304.641546 304.641532
0.898990 0.318182 305.001745 305.001719
0.898990 0.323232 305.359265 305.359226
0.898990 0.328283 305.713868 305.713812
0.898990 0.333333 306.065303 306.065227
0.898990 0.338384 306.413309 306.413210
0.898990 0.343434 306.757614 306.757489
0.898990 0.348485 307.097935 307.097777
0.898990 0.353535 307.433973 307.433777
0.898990 0.358586 307.765415 307.765176
0.898990 0.363636 308.091935 308.091646
0.898990 0.368687 308.413188 308.412840
0.898990 0.373737 308.728812 308.728396
0.898990 0.378788 309.038426 309.037933
0.898990 0.383838 309.341630 309.341049
0.898990 0.388889 309.638004 309.637321
0.898990 0.393939 309.927105 309.926306
0.898990 0.398990 310.208469 310.207539
0.898990 0.404040 310.481607 310.480529
0.898990 0.409091 310.746011 310.744766
0.898990 0.414141 311.001146 310.999715
0.898990 0.419192 311.246457 311.244819
0.898990 0.424242 311.481369 311.479501
0.898990 0.429293 311.705283 311.703164
0.898990 0.434343 311.917588 311.915196
0.898990 0.439394 312.117657 312.114971
0.898990 0.444444 312.304855 312.301857
0.898990 0.449495 312.478543 312.475217
0.898990 0.454545 312.638086 312.634423
0.898990 0.459596 312.782860 312.778857
0.898990 0.464646 312.912266 312.907926
0.898990 0.469697 313.025731 313.021069
0.898990 0.474747 313.122729 313.117768
0.898990 0.479798 313.202788 313.197564
0.898990 0.484848 313.265502 313.260059
0.898990 0.489899 313.310542 313.304935
0.898990 0.494949 313.337665 313.331957
0.898990 0.500000 313.346722 313.340980
0.909091 0.000000 285.704047 285.710442
0.909091 0.005051 285.714245 285.720593
0.909091 0.010101 285.744769 285.750978
0.909091 0.015152 285.795416 285.801403
0.909091 0.020202 285.865854 285.871548
0.909091 0.025253 285.955638 285.960982
0.909091 0.030303 286.064221 286.069177
0.909091 0.035354 286.190978 286.195522
0.909091 0.040404 286.335218 286.339341
0.909091 0.045455 286.496204 286.499910
0.909091 0.050505 286.673170 286.676473
0.909091 0.055556 286.865333 286.868255
0.909091 0.060606 287.071910 287.074477
0.909091 0.065657 287.292122 287.294361
0.909091 0.070707 287.525206 287.527149
0.909091 0.075758 287.770420 287.772097
0.909091 0.080808 288.027050 288.028489
0.909091 0.085859 288.294408 288.295638
0.909091 0.090909 288.571839 288.572884
0.909091 0.095960 288.858719 288.859603
0.909091 0.101010 289.154456 289.155200
0.909091 0.106061 289.458490 289.459113
0.909091 0.111111 289.770291 289.770810
0.909091 0.116162 290.089361 290.089791
0.909091 0.121212 290.415229 290.415581
0.909091 0.126263 290.747448 290.747736
0.909091 0.131313 291.085602 291.085834
0.909091 0.136364 291.429295 291.429480
0.909091 0.141414 291.778154 291.778299
0.909091 0.146465 292.131826 292.131938
0.909091 0.151515 292.489979 292.490064
0.909091 0.156566 292.852298 292.852360
0.909091 0.161616 293.218483 293.218526
0.909091 0.166667 293.588250 293.588278
0.909091 0.171717 293.961330 293.961346
0.909091 0.176768 294.337464 294.337472
0.909091 0.181818 294.716408 294.716408
0.909091 0.186869 295.097925 295.097920
0.909091 0.191919 295.481789 295.481781
0.909091 0.196970 295.867784 295.867774
0.909091 0.202020 296.255699 296.255689
0.909091 0.207071 296.645332 296.645322
0.909091 0.212121 297.036487 297.036478
0.909091 0.217172 297.428971 297.428964
0.909091 0.222222 297.822599 297.822595
0.909091 0.227273 298.217188 298.217187
0.909091 0.232323 298.612559 298.612562
0.909091 0.237374 299.008536 299.008542
0.909091 0.242424 299.404943 299.404953
0.909091 0.247475 299.801608 299.801622
0.909091 0.252525 300.198359 300.198378
0.909091 0.257576 300.595024 300.595047
0.909091 0.262626 300.991431 300.991458
0.909091 0.267677 301.387408 301.387438
0.909091 0.272727 301.782779 301.782813
0.909091 0.277778 302.177368 302.177405
0.909091 0.282828 302.570996 302.571036
0.909091 0.287879 302.963481 302.963522
0.909091 0.292929 303.354635 303.354678
0.909091 0.297980 303.744268 303.744311
0.909091 0.303030 304.132183 304.132226
0.909091 0.308081 304.518178 304.518219
0.909091 0.313131 304.902042 304.902080
0.909091 0.318182 305.283559 305.283592
0.909091 0.323232 305.662503 305.662528
0.909091 0.328283 306.038637 306.038654
0.909091 0.333333 306.411717 306.411722
0.909091 0.338384 306.781485 306.781474
0.909091 0.343434 307.147669 307.147640
0.909091 0.348485 307.509988 307.509936
0.909091 0.353535 307.868141 307.868062
0.909091 0.358586 308.221813 308.221701
0.909091 0.363636 308.570672 308.570520
0.909091 0.368687 308.914365 308.914166
0.909091 0.373737 309.252519 309.252264
0.909091 0.378788 309.584739 309.584419
0.909091 0.383838 309.910606 309.910209
0.909091 0.388889 310.229676 310.229190
0.909091 0.393939 310.541477 310.540887
0.909091 0.398990 310.845512 310.844800
0.909091 0.404040 311.141249 311.140397
0.909091 0.409091 311.428128 311.427116
0.909091 0.414141 311.705559 311.704362
0.909091 0.419192 311.972917 311.971511
0.909091 0.424242 312.229547 312.227903
0.909091 0.429293 312.474762 312.472851
0.909091 0.434343 312.707845 312.705639
0.909091 0.439394 312.928057 312.925523
0.909091 0.444444 313.134634 313.131745
0.909091 0.449495 313.326798 313.323527
0.909091 0.454545 313.503763 313.500090
0.909091 0.459596 313.664749 313.660659
0.909091 0.464646 313.808989 313.804478
0.909091 0.469697 313.935746 313.930823
0.909091 0.474747 314.044329 314.039018
0.909091 0.479798 314.134113 314.128452
0.909091 0.484848 314.204551 314.198597
0.909091 0.489899 314.255198 314.249022
0.909091 0.494949 314.285722 314.279407
0.909091 0.500000 314.295920 314.289558
0.919192 0.000000 284.673270 284.680437
0.919192 0.005051 284.684884 284.691983
0.919192 0.010101 284.719626 284.726529
0.919192 0.015152 284.777206 284.783796
0.919192 0.020202 284.857153 284.863337
0.919192 0.025253 284.958841 284.964553
0.919192 0.030303 285.081517 285.086714
0.919192 0.035354 285.224327 285.228993
0.919192 0.040404 285.386347 285.390486
0.919192 0.045455 285.566610 285.570240
0.919192 0.050505 285.764127 285.767280
0.919192 0.055556 285.977906 285.980621
0.919192 0.060606 286.206974 286.209292
0.919192 0.065657 286.450380 286.452344
0.919192 0.070707 286.707208 286.708861
0.919192 0.075758 286.976585 286.977965
0.919192 0.080808 287.257679 287.258824
0.919192 0.085859 287.549707 287.550650
0.919192 0.090909 287.851929 287.852699
0.919192 0.095960 288.163652 288.164275
0.919192 0.101010 288.484228 288.484727
0.919192 0.106061 288.813050 288.813444
0.919192 0.111111 289.149551 289.149857
0.919192 0.116162 289.493201 289.493435
0.919192 0.121212 289.843508 289.843681
0.919192 0.126263 290.200009 290.200132
0.919192 0.131313 290.562273 290.562355
0.919192 0.136364 290.929898 290.929946
0.919192 0.141414 291.302504 291.302525
0.919192 0.146465 291.679738 291.679738
0.919192 0.151515 292.061268 292.061251
0.919192 0.156566 292.446780 292.446751
0.919192 0.161616 292.835980 292.835941
0.919192 0.166667 293.228590 293.228544
0.919192 0.171717 293.624344 293.624294
0.919192 0.176768 294.022994 294.022942
0.919192 0.181818 294.424303 294.424249
0.919192 0.186869 294.828042 294.827989
0.919192 0.191919 295.233996 295.233945
0.919192 0.196970 295.641956 295.641909
0.919192 0.202020 296.051724 296.051681
0.919192 0.207071 296.463108 296.463068
0.919192 0.212121 296.875919 296.875885
0.919192 0.217172 297.289979 297.289951
0.919192 0.222222 297.705112 297.705090
0.919192 0.227273 298.121145 298.121129
0.919192 0.232323 298.537911 298.537901
0.919192 0.237374 298.955243 298.955241
0.919192 0.242424 299.372979 299.372983
0.919192 0.247475 299.790957 299.790968
0.919192 0.252525 300.209014 300.209032
0.919192 0.257576 300.626991 300.627017
0.919192 0.262626 301.044727 301.044759
0.919192 0.267677 301.462060 301.462099
0.919192 0.272727 301.878825 301.878871
0.919192 0.277778 302.294859 302.294910
0.919192 0.282828 302.709991 302.710049
0.919192 0.287879 303.124051 303.124115
0.919192 0.292929 303.536863 303.536932
0.919192 0.297980 303.948246 303.948319
0.919192 0.303030 304.358014 304.358091
0.919192 0.308081 304.765975 304.766055
0.919192 0.313131 305.171929 305.172011
0.919192 0.318182 305.575668 305.575751
0.919192 0.323232 305.976976 305.977058
0.919192 0.328283 306.375626 306.375706
0.919192 0.333333 306.771381 306.771456
0.919192 0.338384 307.163990 307.164059
0.919192 0.343434 307.553190 307.553249
0.919192 0.348485 307.938703 307.938749
0.919192 0.353535 308.320232 308.320262
0.919192 0.358586 308.697467 308.697475
0.919192 0.363636 309.070073 309.070054
0.919192 0.368687 309.437697 309.437645
0.919192 0.373737 309.799962 309.799868
0.919192 0.378788 310.156463 310.156319
0.919192 0.383838 310.506769 310.506565
0.919192 0.388889 310.850420 310.850143
0.919192 0.393939 311.186921 311.186556
0.919192 0.398990 311.515743 311.515273
0.919192 0.404040 311.836319 311.835725
0.919192 0.409091 312.148042 312.147301
0.919192 0.414141 312.450264 312.449350
0.919192 0.419192 312.742292 312.741176
0.919192 0.424242 313.023386 313.022035
0.919192 0.429293 313.292763 313.291139
0.919192 0.434343 313.549591 313.547656
0.919192 0.439394 313.792997 313.790708
0.919192 0.444444 314.022064 314.019379
0.919192 0.449495 314.235844 314.232720
0.919192 0.454545 314.433361 314.429760
0.919192 0.459596 314.613623 314.609514
0.919192 0.464646 314.775644 314.771007
0.919192 0.469697 314.918454 314.913286
0.919192 0.474747 315.041130 315.035447
0.919192 0.479798 315.142818 315.136663
0.919192 0.484848 315.222765 315.216204
0.919192 0.489899 315.280344 315.273471
0.919192 0.494949 315.315087 315.308017
0.919192 0.500000 315.326701 315.319563
0.929293 0.000000 283.549582 283.557744
0.929293 0.005051 283.563008 283.571069
0.929293 0.010101 283.603136 283.610904
0.929293 0.015152 283.669527 283.676839
0.929293 0.020202 283.761484 283.768217
0.929293 0.025253 283.878094 283.884169
0.929293 0.030303 284.018275 284.023659
0.929293 0.035354 284.180835 284.185528
0.929293 0.040404 284.364508 284.368541
0.929293 0.045455 284.568002 284.571424
0.929293 0.050505 284.790029 284.792898
0.929293 0.055556 285.029329 285.031708
0.929293 0.060606 285.284686 285.286640
0.929293 0.065657 285.554946 285.556533
0.929293 0.070707 285.839017 285.840294
0.929293 0.075758 286.135878 286.136893
0.929293 0.080808 286.444577 286.445372
0.929293 0.085859 286.764228 286.764842
0.929293 0.090909 287.094013 287.094478
0.929293 0.095960 287.433176 287.433518
0.929293 0.101010 287.781018 287.781260
0.929293 0.106061 288.136894 288.137055
0.929293 0.111111 288.500210 288.500306
0.929293 0.116162 288.870418 288.870461
0.929293 0.121212 289.247010 289.247012
0.929293 0.126263 289.629517 289.629486
0.929293 0.131313 290.017505 290.017449
0.929293 0.136364 290.410571 290.410497
0.929293 0.141414 290.808342 290.808254
0.929293 0.146465 291.210469 291.210371
0.929293 0.151515 291.616627 291.616523
0.929293 0.156566 292.026513 292.026406
0.929293 0.161616 292.439842 292.439734
0.929293 0.166667 292.856347 292.856240
0.929293 0.171717 293.275777 293.275672
0.929293 0.176768 293.697893 293.697793
0.929293 0.181818 294.122473 294.122377
0.929293 0.186869 294.549301 294.549211
0.929293 0.191919 294.978174 294.978091
0.929293 0.196970 295.408900 295.408823
0.929293 0.202020 295.841290 295.841221
0.929293 0.207071 296.275168 296.275106
0.929293 0.212121 296.710359 296.710306
0.929293 0.217172 297.146698 297.146653
0.929293 0.222222 297.584022 297.583986
0.929293 0.227273 298.022173 298.022145
0.929293 0.232323 298.460995 298.460977
0.929293 0.237374 298.900338 298.900328
0.929293 0.242424 299.340050 299.340049
0.929293 0.247475 299.779983 299.779992
0.929293 0.252525 300.219991 300.220008
0.929293 0.257576 300.659924 300.659951
0.929293 0.262626 301.099637 301.099672
0.929293 0.267677 301.538979 301.539023
0.929293 0.272727 301.977802 301.977855
0.929293 0.277778 302.415952 302.416014
0.929293 0.282828 302.853276 302.853347
0.929293 0.287879 303.289615 303.289694
0.929293 0.292929 303.724807 303.724894
0.929293 0.297980 304.158684 304.158779
0.929293 0.303030 304.591075 304.591177
0.929293 0.308081 305.021800 305.021909
0.929293 0.313131 305.450674 305.450789
0.929293 0.318182 305.877502 305.877623
0.929293 0.323232 306.302081 306.302207
0.929293 0.328283 306.724198 306.724328
0.929293 0.333333 307.143627 307.143760
0.929293 0.338384 307.560133 307.560266
0.929293 0.343434 307.973462 307.973594
0.929293 0.348485 308.383347 308.383477
0.929293 0.353535 308.789505 308.789629
0.929293 0.358586 309.191632 309.191746
0.929293 0.363636 309.589403 309.589503
0.929293 0.368687 309.982469 309.982551
0.929293 0.373737 310.370458 310.370514
0.929293 0.378788 310.752965 310.752988
0.929293 0.383838 311.129556 311.129539
0.929293 0.388889 311.499764 311.499694
0.929293 0.393939 311.863080 311.862945
0.929293 0.398990 312.218957 312.218740
0.929293 0.404040 312.566799 312.566482
0.929293 0.409091 312.905961 312.905522
0.929293 0.414141 313.235747 313.235158
0.929293 0.419192 313.555398 313.554628
0.929293 0.424242 313.864096 313.863107
0.929293 0.429293 314.160957 314.159706
0.929293 0.434343 314.445028 314.443467
0.929293 0.439394 314.715288 314.713360
0.929293 0.444444 314.970646 314.968292
0.929293 0.449495 315.209945 315.207102
0.929293 0.454545 315.431972 315.428576
0.929293 0.459596 315.635467 315.631459
0.929293 0.464646 315.819140 315.814472
0.929293 0.469697 315.981699 315.976341
0.929293 0.474747 316.121881 316.115831
0.929293 0.479798 316.238490 316.231783
0.929293 0.484848 316.330447 316.323161
0.929293 0.489899 316.396838 316.389096
0.929293 0.494949 316.436966 316.428931
0.929293 0.500000 316.450392 316.442256
0.939394 0.000000 282.318487 282.327980
0.939394 0.005051 282.334324 282.343655
0.939394 0.010101 282.381592 282.390462
0.939394 0.015152 282.459586 282.467755
0.939394 0.020202 282.567208 282.574517
0.939394 0.025253 282.703056 282.709431
0.939394 0.030303 282.865523 282.870959
0.939394 0.035354 283.052887 283.057430
0.939394 0.040404 283.263382 283.267114
0.939394 0.045455 283.495264 283.498280
0.939394 0.050505 283.746843 283.749246
0.939394 0.055556 284.016519 284.018404
0.939394 0.060606 284.302790 284.304246
0.939394 0.065657 284.604266 284.605371
0.939394 0.070707 284.919668 284.920488
0.939394 0.075758 285.247823 285.248414
0.939394 0.080808 285.587662 285.588070
0.939394 0.085859 285.938212 285.938476
0.939394 0.090909 286.298587 286.298737
0.939394 0.095960 286.667983 286.668045
0.939394 0.101010 287.045668 287.045662
0.939394 0.106061 287.430978 287.430919
0.939394 0.111111 287.823306 287.823208
0.939394 0.116162 288.222098 288.221971
0.939394 0.121212 288.626851 288.626703
0.939394 0.126263 289.037100 289.036939
0.939394 0.131313 289.452423 289.452253
0.939394 0.136364 289.872428 289.872254
0.939394 0.141414 290.296756 290.296581
0.939394 0.146465 290.725074 290.724901
0.939394 0.151515 291.157075 291.156905
0.939394 0.156566 291.592472 291.592307
0.939394 0.161616 292.030999 292.030840
0.939394 0.166667 292.472406 292.472255
0.939394 0.171717 292.916461 292.916318
0.939394 0.176768 293.362943 293.362809
0.939394 0.181818 293.811647 293.811522
0.939394 0.186869 294.262377 294.262261
0.939394 0.191919 294.714947 294.714841
0.939394 0.196970 295.169181 295.169085
0.939394 0.202020 295.624909 295.624824
0.939394 0.207071 296.081971 296.081896
0.939394 0.212121 296.540210 296.540145
0.939394 0.217172 296.999477 296.999422
0.939394 0.222222 297.459625 297.459580
0.939394 0.227273 297.920512 297.920477
0.939394 0.232323 298.382000 298.381975
0.939394 0.237374 298.843952 298.843938
0.939394 0.242424 299.306235 299.306231
0.939394 0.247475 299.768716 299.768722
0.939394 0.252525 300.231262 300.231278
0.939394 0.257576 300.693743 300.693769
0.939394 0.262626 301.156026 301.156062
0.939394 0.267677 301.617978 301.618025
0.939394 0.272727 302.079466 302.079523
0.939394 0.277778 302.540353 302.540420
0.939394 0.282828 303.000501 303.000578
0.939394 0.287879 303.459767 303.459855
0.939394 0.292929 303.918007 303.918104
0.939394 0.297980 304.375069 304.375176
0.939394 0.303030 304.830797 304.830915
0.939394 0.308081 305.285031 305.285159
0.939394 0.313131 305.737601 305.737739
0.939394 0.318182 306.188331 306.188478
0.939394 0.323232 306.637035 306.637191
0.939394 0.328283 307.083517 307.083682
0.939394 0.333333 307.527572 307.527745
0.939394 0.338384 307.968979 307.969160
0.939394 0.343434 308.407506 308.407693
0.939394 0.348485 308.842903 308.843095
0.939394 0.353535 309.274904 309.275099
0.939394 0.358586 309.703222 309.703419
0.939394 0.363636 310.127550 310.127746
0.939394 0.368687 310.547555 310.547747
0.939394 0.373737 310.962878 310.963061
0.939394 0.378788 311.373127 311.373297
0.939394 0.383838 311.777880 311.778029
0.939394 0.388889 312.176672 312.176792
0.939394 0.393939 312.569000 312.569081
0.939394 0.398990 312.954309 312.954338
0.939394 0.404040 313.331995 313.331955
0.939394 0.409091 313.701391 313.701263
0.939394 0.414141 314.061766 314.061524
0.939394 0.419192 314.412316 314.411930
0.939394 0.424242 314.752155 314.751586
0.939394 0.429293 315.080310 315.079512
0.939394 0.434343 315.395712 315.394629
0.939394 0.439394 315.697188 315.695754
0.939394 0.444444 315.983459 315.981596
0.939394 0.449495 316.253135 316.250754
0.939394 0.454545 316.504714 316.501720
0.939394 0.459596 316.736596 316.732886
0.939394 0.464646 316.947091 316.942570
0.939394 0.469697 317.134455 317.129041
0.939394 0.474747 317.296922 317.290569
0.939394 0.479798 317.432770 317.425483
0.939394 0.484848 317.540392 317.532245
0.939394 0.489899 317.618386 317.609538
0.939394 0.494949 317.665654 317.656345
0.939394 0.500000 317.681491 317.672020
0.949495 0.000000 280.960694 280.972059
0.949495 0.005051 280.979916 280.990999
0.949495 0.010101 281.037143 281.047439
0.949495 0.015152 281.131135 281.140286
0.949495 0.020202 281.260027 281.267853
0.949495 0.025253 281.421542 281.428016
0.949495 0.030303 281.613187 281.618391
0.949495 0.035354 281.832409 281.836489
0.949495 0.040404 282.076714 282.079841
0.949495 0.045455 282.343734 282.346078
0.949495 0.050505 282.631273 282.632988
0.949495 0.055556 282.937325 282.938544
0.949495 0.060606 283.260072 283.260906
0.949495 0.065657 283.597885 283.598423
0.949495 0.070707 283.949305 283.949618
0.949495 0.075758 284.313032 284.313175
0.949495 0.080808 284.687906 284.687923
0.949495 0.085859 285.072895 285.072820
0.949495 0.090909 285.467078 285.466936
0.949495 0.095960 285.869632 285.869444
0.949495 0.101010 286.279823 286.279603
0.949495 0.106061 286.696990 286.696749
0.949495 0.111111 287.120540 287.120287
0.949495 0.116162 287.549939 287.549680
0.949495 0.121212 287.984702 287.984443
0.949495 0.126263 288.424392 288.424137
0.949495 0.131313 288.868610 288.868361
0.949495 0.136364 289.316993 289.316752
0.949495 0.141414 289.769208 289.768976
0.949495 0.146465 290.224950 290.224729
0.949495 0.151515 290.683938 290.683728
0.949495 0.156566 291.145913 291.145714
0.949495 0.161616 291.610633 291.610446
0.949495 0.166667 292.077876 292.077701
0.949495 0.171717 292.547432 292.547270
0.949495 0.176768 293.019108 293.018957
0.949495 0.181818 293.492718 293.492580
0.949495 0.186869 293.968092 293.967965
0.949495 0.191919 294.445065 294.444950
0.949495 0.196970 294.923482 294.923378
0.949495 0.202020 295.403196 295.403103
0.949495 0.207071 295.884065 295.883983
0.949495 0.212121 296.365953 296.365883
0.949495 0.217172 296.848730 296.848671
0.949495 0.222222 297.332270 297.332221
0.949495 0.227273 297.816449 297.816411
0.949495 0.232323 298.301146 298.301119
0.949495 0.237374 298.786245 298.786229
0.949495 0.242424 299.271630 299.271623
0.949495 0.247475 299.757185 299.757189
0.949495 0.252525 300.242797 300.242811
0.949495 0.257576 300.728352 300.728377
0.949495 0.262626 301.213736 301.213771
0.949495 0.267677 301.698835 301.698881
0.949495 0.272727 302.183533 302.183589
0.949495 0.277778 302.667712 302.667779
0.949495 0.282828 303.151251 303.151329
0.949495 0.287879 303.634029 303.634117
0.949495 0.292929 304.115917 304.116017
0.949495 0.297980 304.596786 304.596897
0.949495 0.303030 305.076500 305.076622
0.949495 0.308081 305.554917 305.555050
0.949495 0.313131 306.031890 306.032035
0.949495 0.318182 306.507263 306.507420
0.949495 0.323232 306.980874 306.981043
0.949495 0.328283 307.452549 307.452730
0.949495 0.333333 307.922106 307.922299
0.949495 0.338384 308.389349 308.389554
0.949495 0.343434 308.854069 308.854286
0.949495 0.348485 309.316043 309.316272
0.949495 0.353535 309.775031 309.775271
0.949495 0.358586 310.230773 310.231024
0.949495 0.363636 310.682988 310.683248
0.949495 0.368687 311.131371 311.131639
0.949495 0.373737 311.575589 311.575863
0.949495 0.378788 312.015279 312.015557
0.949495 0.383838 312.450043 312.450320
0.949495 0.388889 312.879441 312.879713
0.949495 0.393939 313.302991 313.303251
0.949495 0.398990 313.720158 313.720397
0.949495 0.404040 314.130349 314.130556
0.949495 0.409091 314.532904 314.533064
0.949495 0.414141 314.927087 314.927180
0.949495 0.419192 315.312076 315.312077
0.949495 0.424242 315.686950 315.686825
0.949495 0.429293 316.050676 316.050382
0.949495 0.434343 316.402096 316.401577
0.949495 0.439394 316.739909 316.739094
0.949495 0.444444 317.062657 317.061456
0.949495 0.449495 317.368708 317.367012
0.949495 0.454545 317.656248 317.653922
0.949495 0.459596 317.923268 317.920159
0.949495 0.464646 318.167572 318.163511
0.949495 0.469697 318.386795 318.381609
0.949495 0.474747 318.578439 318.571984
0.949495 0.479798 318.739954 318.732147
0.949495 0.484848 318.868847 318.859714
0.949495 0.489899 318.962839 318.952561
0.949495 0.494949 319.020066 319.009001
0.949495 0.500000 319.039287 319.027941
0.959596 0.000000 279.449129 279.463321
0.959596 0.005051 279.473488 279.487116
0.959596 0.010101 279.545633 279.557769
0.959596 0.015152 279.663082 279.673215
0.959596 0.020202 279.822355 279.830378
0.959596 0.025253 280.019511 280.025591
0.959596 0.030303 280.250539 280.254974
0.959596 0.035354 280.511603 280.514726
0.959596 0.040404 280.799183 280.801299
0.959596 0.045455 281.110127 281.111492
0.959596 0.050505 281.441656 281.442473
0.959596 0.055556 281.791346 281.791771
0.959596 0.060606 282.157093 282.157241
0.959596 0.065657 282.537076 282.537031
0.959596 0.070707 282.929717 282.929541
0.959596 0.075758 283.333650 283.333388
0.959596 0.080808 283.747689 283.747372
0.959596 0.085859 284.170801 284.170451
0.959596 0.090909 284.602081 284.601715
0.959596 0.095960 285.040738 285.040367
0.959596 0.101010 285.486073 285.485705
0.959596 0.106061 285.937470 285.937110
0.959596 0.111111 286.394382 286.394034
0.959596 0.116162 286.856320 286.855986
0.959596 0.121212 287.322847 287.322528
0.959596 0.126263 287.793571 287.793269
0.959596 0.131313 288.268139 288.267853
0.959596 0.136364 288.746230 288.745961
0.959596 0.141414 289.227553 289.227300
0.959596 0.146465 289.711842 289.711606
0.959596 0.151515 290.198856 290.198635
0.959596 0.156566 290.688370 290.688164
0.959596 0.161616 291.180178 291.179988
0.959596 0.166667 291.674090 291.673914
0.959596 0.171717 292.169929 292.169767
0.959596 0.176768 292.667531 292.667381
0.959596 0.181818 293.166739 293.166603
0.959596 0.186869 293.667410 293.667286
0.959596 0.191919 294.169405 294.169294
0.959596 0.196970 294.672597 294.672497
0.959596 0.202020 295.176861 295.176772
0.959596 0.207071 295.682080 295.682002
0.959596 0.212121 296.188140 296.188073
0.959596 0.217172 296.694935 296.694878
0.959596 0.222222 297.202359 297.202312
0.959596 0.227273 297.710309 297.710273
0.959596 0.232323 298.218688 298.218661
0.959596 0.237374 298.727397 298.727380
0.959596 0.242424 299.236342 299.236334
0.959596 0.247475 299.745427 299.745429
0.959596 0.252525 300.254559 300.254571
0.959596 0.257576 300.763644 300.763666
0.959596 0.262626 301.272588 301.272620
0.959596 0.267677 301.781297 301.781339
0.959596 0.272727 302.289676 302.289727
0.959596 0.277778 302.797627 302.797688
0.959596 0.282828 303.305050 303.305122
0.959596 0.287879 303.811845 303.811927
0.959596 0.292929 304.317906 304.317998
0.959596 0.297980 304.823124 304.823228
0.959596 0.303030 305.327388 305.327503
0.959596 0.308081 305.830580 305.830706
0.959596 0.313131 306.332576 306.332714
0.959596 0.318182 306.833246 306.833397
0.959596 0.323232 307.332455 307.332619
0.959596 0.328283 307.830056 307.830233
0.959596 0.333333 308.325895 308.326086
0.959596 0.338384 308.819807 308.820012
0.959596 0.343434 309.311616 309.311836
0.959596 0.348485 309.801129 309.801365
0.959596 0.353535 310.288143 310.288394
0.959596 0.358586 310.772432 310.772700
0.959596 0.363636 311.253755 311.254039
0.959596 0.368687 311.731846 311.732147
0.959596 0.373737 312.206414 312.206731
0.959596 0.378788 312.677138 312.677472
0.959596 0.383838 313.143665 313.144014
0.959596 0.388889 313.605603 313.605966
0.959596 0.393939 314.062515 314.062890
0.959596 0.398990 314.513912 314.514295
0.959596 0.404040 314.959248 314.959633
0.959596 0.409091 315.397904 315.398285
0.959596 0.414141 315.829185 315.829549
0.959596 0.419192 316.252296 316.252628
0.959596 0.424242 316.666335 316.666612
0.959596 0.429293 317.070268 317.070459
0.959596 0.434343 317.462909 317.462969
0.959596 0.439394 317.842892 317.842759
0.959596 0.444444 318.208639 318.208229
0.959596 0.449495 318.558329 318.557527
0.959596 0.454545 318.889859 318.888508
0.959596 0.459596 319.200802 319.198701
0.959596 0.464646 319.488383 319.485274
0.959596 0.469697 319.749447 319.745026
0.959596 0.474747 319.980474 319.974409
0.959596 0.479798 320.177630 320.169622
0.959596 0.484848 320.336904 320.326785
0.959596 0.489899 320.454352 320.442231
0.959596 0.494949 320.526498 320.512884
0.959596 0.500000 320.550857 320.536679
0.969697 0.000000 277.742690 277.761662
0.969697 0.005051 277.775913 277.793474
0.969697 0.010101 277.872913 277.887217
0.969697 0.015152 278.027728 278.038301
0.969697 0.020202 278.233150 278.240403
0.969697 0.025253 278.481998 278.486665
0.969697 0.030303 278.767743 278.770554
0.969697 0.035354 279.084732 279.086276
0.969697 0.040404 279.428198 279.428910
0.969697 0.045455 279.794178 279.794359
0.969697 0.050505 280.179394 280.179245
0.969697 0.055556 280.581140 280.580793
0.969697 0.060606 280.997173 280.996715
0.969697 0.065657 281.425632 281.425117
0.969697 0.070707 281.864960 281.864423
0.969697 0.075758 282.313846 282.313310
0.969697 0.080808 282.771185 282.770661
0.969697 0.085859 283.236031 283.235529
0.969697 0.090909 283.707578 283.707101
0.969697 0.095960 284.185128 284.184678
0.969697 0.101010 284.668076 284.667654
0.969697 0.106061 285.155894 285.155500
0.969697 0.111111 285.648119 285.647752
0.969697 0.116162 286.144343 286.144001
0.969697 0.121212 286.644203 286.643886
0.969697 0.126263 287.147377 287.147082
0.969697 0.131313 287.653575 287.653302
0.969697 0.136364 288.162538 288.162285
0.969697 0.141414 288.674031 288.673796
0.969697 0.146465 289.187840 289.187623
0.969697 0.151515 289.703771 289.703572
0.969697 0.156566 290.221648 290.221464
0.969697 0.161616 290.741307 290.741137
0.969697 0.166667 291.262597 291.262441
0.969697 0.171717 291.785379 291.785237
0.969697 0.176768 292.309524 292.309394
0.969697 0.181818 292.834911 292.834792
0.969697 0.186869 293.361426 293.361319
0.969697 0.191919 293.888964 293.888867
0.969697 0.196970 294.417422 294.417336
0.969697 0.202020 294.946707 294.946630
0.969697 0.207071 295.476726 295.476659
0.969697 0.212121 296.007393 296.007335
0.969697 0.217172 296.538624 296.538576
0.969697 0.222222 297.070339 297.070299
0.969697 0.227273 297.602458 297.602427
0.969697 0.232323 298.134906 298.134883
0.969697 0.237374 298.667608 298.667593
0.969697 0.242424 299.200491 299.200484
0.969697 0.247475 299.733481 299.733483
0.969697 0.252525 300.266508 300.266517
0.969697 0.257576 300.799498 300.799516
0.969697 0.262626 301.332381 301.332407
0.969697 0.267677 301.865083 301.865117
0.969697 0.272727 302.397531 302.397573
0.969697 0.277778 302.929650 302.929701
0.969697 0.282828 303.461365 303.461424
0.969697 0.287879 303.992596 303.992665
0.969697 0.292929 304.523263 304.523341
0.969697 0.297980 305.053282 305.053370
0.969697 0.303030 305.582567 305.582664
0.969697 0.308081 306.111025 306.111133
0.969697 0.313131 306.638563 306.638681
0.969697 0.318182 307.165078 307.165208
0.969697 0.323232 307.690465 307.690606
0.969697 0.328283 308.214610 308.214763
0.969697 0.333333 308.737392 308.737559
0.969697 0.338384 309.258682 309.258863
0.969697 0.343434 309.778341 309.778536
0.969697 0.348485 310.296217 310.296428
0.969697 0.353535 310.812149 310.812377
0.969697 0.358586 311.325958 311.326204
0.969697 0.363636 311.837451 311.837715
0.969697 0.368687 312.346414 312.346698
0.969697 0.373737 312.852612 312.852918
0.969697 0.378788 313.355786 313.356114
0.969697 0.383838 313.855646 313.855999
0.969697 0.388889 314.351870 314.352248
0.969697 0.393939 314.844095 314.844500
0.969697 0.398990 315.331913 315.332346
0.969697 0.404040 315.814861 315.815322
0.969697 0.409091 316.292411 316.292899
0.969697 0.414141 316.763958 316.764471
0.969697 0.419192 317.228804 317.229339
0.969697 0.424242 317.686143 317.686690
0.969697 0.429293 318.135029 318.135577
0.969697 0.434343 318.574357 318.574883
0.969697 0.439394 319.002816 319.003285
0.969697 0.444444 319.418849 319.419207
0.969697 0.449495 319.820595 319.820755
0.969697 0.454545 320.205811 320.205641
0.969697 0.459596 320.571791 320.571090
0.969697 0.464646 320.915257 320.913724
0.969697 0.469697 321.232246 321.229446
0.969697 0.474747 321.517991 321.513335
0.969697 0.479798 321.766839 321.759597
0.969697 0.484848 321.972261 321.961699
0.969697 0.489899 322.127076 322.112783
0.969697 0.494949 322.224075 322.206526
0.969697 0.500000 322.257298 322.238338
0.979798 0.000000 275.770468 275.799342
0.979798 0.005051 275.823234 275.846952
0.979798 0.010101 275.968929 275.984413
0.979798 0.015152 276.189946 276.198643
0.979798 0.020202 276.470243 276.474519
0.979798 0.025253 276.796897 276.798612
0.979798 0.030303 277.159971 277.160306
0.979798 0.035354 277.551950 277.551586
0.979798 0.040404 277.967158 277.966469
0.979798 0.045455 278.401284 278.400468
0.979798 0.050505 278.851016 278.850176
0.979798 0.055556 279.313781 279.312967
0.979798 0.060606 279.787552 279.786789
0.979798 0.065657 280.270715 280.270010
0.979798 0.070707 280.761965 280.761320
0.979798 0.075758 281.260235 281.259647
0.979798 0.080808 281.764646 281.764111
0.979798 0.085859 282.274462 282.273976
0.979798 0.090909 282.789064 282.788622
0.979798 0.095960 283.307926 283.307524
0.979798 0.101010 283.830597 283.830231
0.979798 0.106061 284.356688 284.356354
0.979798 0.111111 284.885862 284.885557
0.979798 0.116162 285.417821 285.417542
0.979798 0.121212 285.952305 285.952050
0.979798 0.126263 286.489085 286.488851
0.979798 0.131313 287.027953 287.027739
0.979798 0.136364 287.568727 287.568531
0.979798 0.141414 288.111242 288.111062
0.979798 0.146465 288.655347 288.655182
0.979798 0.151515 289.200907 289.200756
0.979798 0.156566 289.747799 289.747661
0.979798 0.161616 290.295910 290.295783
0.979798 0.166667 290.845135 290.845019
0.979798 0.171717 291.395378 291.395272
0.979798 0.176768 291.946550 291.946454
0.979798 0.181818 292.498568 292.498481
0.979798 0.186869 293.051355 293.051276
0.979798 0.191919 293.604836 293.604766
0.979798 0.196970 294.158944 294.158881
0.979798 0.202020 294.713613 294.713558
0.979798 0.207071 295.268781 295.268733
0.979798 0.212121 295.824389 295.824347
0.979798 0.217172 296.380380 296.380345
0.979798 0.222222 296.936699 296.936670
0.979798 0.227273 297.493292 297.493269
0.979798 0.232323 298.050109 298.050092
0.979798 0.237374 298.607097 298.607086
0.979798 0.242424 299.164208 299.164203
0.979798 0.247475 299.721392 299.721393
0.979798 0.252525 300.278601 300.278607
0.979798 0.257576 300.835785 300.835797
0.979798 0.262626 301.392896 301.392914
0.979798 0.267677 301.949884 301.949908
0.979798 0.272727 302.506700 302.506731
0.979798 0.277778 303.063294 303.063330
0.979798 0.282828 303.619612 303.619655
0.979798 0.287879 304.175603 304.175653
0.979798 0.292929 304.731211 304.731267
0.979798 0.297980 305.286379 305.286442
0.979798 0.303030 305.841048 305.841119
0.979798 0.308081 306.395156 306.395234
0.979798 0.313131 306.948638 306.948724
0.979798 0.318182 307.501424 307.501519
0.979798 0.323232 308.053442 308.053546
0.979798 0.328283 308.604615 308.604728
0.979798 0.333333 309.154858 309.154981
0.979798 0.338384 309.704083 309.704217
0.979798 0.343434 310.252193 310.252339
0.979798 0.348485 310.799085 310.799244
0.979798 0.353535 311.344646 311.344818
0.979798 0.358586 311.888751 311.888938
0.979798 0.363636 312.431265 312.431469
0.979798 0.368687 312.972039 312.972261
0.979798 0.373737 313.510908 313.511149
0.979798 0.378788 314.047687 314.047950
0.979798 0.383838 314.582172 314.582458
0.979798 0.388889 315.114131 315.114443
0.979798 0.393939 315.643304 315.643646
0.979798 0.398990 316.169396 316.169769
0.979798 0.404040 316.692067 316.692476
0.979798 0.409091 317.210929 317.211378
0.979798 0.414141 317.725531 317.726024
0.979798 0.419192 318.235347 318.235889
0.979798 0.424242 318.739757 318.740353
0.979798 0.429293 319.238028 319.238680
0.979798 0.434343 319.729277 319.729990
0.979798 0.439394 320.212440 320.213211
0.979798 0.444444 320.686212 320.687033
0.979798 0.449495 321.148977 321.149824
0.979798 0.454545 321.598709 321.599532
0.979798 0.459596 322.032834 322.033531
0.979798 0.464646 322.448043 322.448414
0.979798 0.469697 322.840022 322.839694
0.979798 0.474747 323.203095 323.201388
0.979798 0.479798 323.529749 323.525481
0.979798 0.484848 323.810047 323.801357
0.979798 0.489899 324.031064 324.015587
0.979798 0.494949 324.176758 324.153048
0.979798 0.500000 324.229524 324.200658
0.989899 0.000000 273.376118 273.434313
0.989899 0.005051 273.498840 273.526993
0.989899 0.010101 273.763657 273.772666
0.989899 0.015152 274.115040 274.116508
0.989899 0.020202 274.521911 274.520972
0.989899 0.025253 274.966116 274.964581
0.989899 0.030303 275.436580 275.435064
0.989899 0.035354 275.926249 275.924910
0.989899 0.040404 276.430450 276.429313
0.989899 0.045455 276.945965 276.945007
0.989899 0.050505 277.470506 277.469697
0.989899 0.055556 278.002393 278.001709
0.989899 0.060606 278.540366 278.539779
0.989899 0.065657 279.083452 279.082948
0.989899 0.070707 279.630888 279.630448
0.989899 0.075758 280.182064 280.181682
0.989899 0.080808 280.736486 280.736147
0.989899 0.085859 281.293747 281.293450
0.989899 0.090909 281.853509 281.853242
0.989899 0.095960 282.415486 282.415251
0.989899 0.101010 282.979438 282.979223
0.989899 0.106061 283.545155 283.544966
0.989899 0.111111 284.112461 284.112286
0.989899 0.116162 284.681197 284.681043
0.989899 0.121212 285.251229 285.251085
0.989899 0.126263 285.822435 285.822308
0.989899 0.131313 286.394709 286.394590
0.989899 0.136364 286.967956 286.967851
0.989899 0.141414 287.542089 287.541989
0.989899 0.146465 288.117033 288.116945
0.989899 0.151515 288.692716 288.692633
0.989899 0.156566 289.269077 289.269004
0.989899 0.161616 289.846056 289.845986
0.989899 0.166667 290.423600 290.423540
0.989899 0.171717 291.001661 291.001603
0.989899 0.176768 291.580193 291.580144
0.989899 0.181818 292.159153 292.159105
0.989899 0.186869 292.738502 292.738463
0.989899 0.191919 293.318204 293.318164
0.989899 0.196970 293.898222 293.898190
0.989899 0.202020 294.478524 294.478492
0.989899 0.207071 295.059078 295.059054
0.989899 0.212121 295.639854 295.639830
0.989899 0.217172 296.220825 296.220808
0.989899 0.222222 296.801960 296.801943
0.989899 0.227273 297.383235 297.383225
0.989899 0.232323 297.964622 297.964611
0.989899 0.237374 298.546096 298.546093
0.989899 0.242424 299.127632 299.127628
0.989899 0.247475 299.709205 299.709208
0.989899 0.252525 300.290791 300.290792
0.989899 0.257576 300.872364 300.872372
0.989899 0.262626 301.453900 301.453907
0.989899 0.267677 302.035374 302.035389
0.989899 0.272727 302.616761 302.616775
0.989899 0.277778 303.198036 303.198057
0.989899 0.282828 303.779172 303.779192
0.989899 0.287879 304.360142 304.360170
0.989899 0.292929 304.940918 304.940946
0.989899 0.297980 305.521473 305.521508
0.989899 0.303030 306.101775 306.101810
0.989899 0.308081 306.681793 306.681836
0.989899 0.313131 307.261494 307.261537
0.989899 0.318182 307.840843 307.840895
0.989899 0.323232 308.419804 308.419856
0.989899 0.328283 308.998335 308.998397
0.989899 0.333333 309.576396 309.576460
0.989899 0.338384 310.153941 310.154014
0.989899 0.343434 310.730920 310.730996
0.989899 0.348485 311.307280 311.307367
0.989899 0.353535 311.882964 311.883055
0.989899 0.358586 312.457907 312.458011
0.989899 0.363636 313.032040 313.032149
0.989899 0.368687 313.605287 313.605410
0.989899 0.373737 314.177561 314.177692
0.989899 0.378788 314.748767 314.748915
0.989899 0.383838 315.318799 315.318957
0.989899 0.388889 315.887536 315.887714
0.989899 0.393939 316.454841 316.455034
0.989899 0.398990 317.020559 317.020777
0.989899 0.404040 317.584510 317.584749
0.989899 0.409091 318.146488 318.146758
0.989899 0.414141 318.706249 318.706550
0.989899 0.419192 319.263510 319.263853
0.989899 0.424242 319.817932 319.818318
0.989899 0.429293 320.369109 320.369552
0.989899 0.434343 320.916545 320.917052
0.989899 0.439394 321.459630 321.460221
0.989899 0.444444 321.997603 321.998291
0.989899 0.449495 322.529491 322.530303
0.989899 0.454545 323.054031 323.054993
0.989899 0.459596 323.569546 323.570687
0.989899 0.464646 324.073747 324.075090
0.989899 0.469697 324.563417 324.564936
0.989899 0.474747 325.033880 325.035419
0.989899 0.479798 325.478085 325.479028
0.989899 0.484848 325.884956 325.883492
0.989899 0.489899 326.236340 326.227334
0.989899 0.494949 326.501157 326.473007
0.989899 0.500000 326.623878 326.565687
1.000000 0.000000 270.000000 270.121581
1.000000 0.005051 270.606061 270.592952
1.000000 0.010101 271.212121 271.215913
1.000000 0.015152 271.818182 271.816939
1.000000 0.020202 272.424242 272.424465
1.000000 0.025253 273.030303 273.030583
1.000000 0.030303 273.636364 273.635801
1.000000 0.035354 274.242424 274.243160
1.000000 0.040404 274.848485 274.847635
1.000000 0.045455 275.454545 275.455475
1.000000 0.050505 276.060606 276.059620
1.000000 0.055556 276.666667 276.667695
1.000000 0.060606 277.272727 277.271667
1.000000 0.065657 277.878788 277.879874
1.000000 0.070707 278.484848 278.483743
1.000000 0.075758 279.090909 279.092031
1.000000 0.080808 279.696970 279.695835
1.000000 0.085859 280.303030 280.304176
1.000000 0.090909 280.909091 280.907936
1.000000 0.095960 281.515152 281.516314
1.000000 0.101010 282.121212 282.120043
1.000000 0.106061 282.727273 282.728448
1.000000 0.111111 283.333333 283.332153
1.000000 0.116162 283.939394 283.940578
1.000000 0.121212 284.545455 284.544267
1.000000 0.126263 285.151515 285.152706
1.000000 0.131313 285.757576 285.756382
1.000000 0.136364 286.363636 286.364833
1.000000 0.141414 286.969697 286.968498
1.000000 0.146465 287.575758 287.576959
1.000000 0.151515 288.181818 288.180615
1.000000 0.156566 288.787879 288.789083
1.000000 0.161616 289.393939 289.392734
1.000000 0.166667 290.000000 290.001207
1.000000 0.171717 290.606061 290.604852
1.000000 0.176768 291.212121 291.213331
1.000000 0.181818 291.818182 291.816972
1.000000 0.186869 292.424242 292.425454
1.000000 0.191919 293.030303 293.029091
1.000000 0.196970 293.636364 293.637576
1.000000 0.202020 294.242424 294.241211
1.000000 0.207071 294.848485 294.849698
1.000000 0.212121 295.454545 295.453331
1.000000 0.217172 296.060606 296.061820
1.000000 0.222222 296.666667 296.665452
1.000000 0.227273 297.272727 297.273942
1.000000 0.232323 297.878788 297.877573
1.000000 0.237374 298.484848 298.486064
1.000000 0.242424 299.090909 299.089694
1.000000 0.247475 299.696970 299.698185
1.000000 0.252525 300.303030 300.301815
1.000000 0.257576 300.909091 300.910306
1.000000 0.262626 301.515152 301.513936
1.000000 0.267677 302.121212 302.122427
1.000000 0.272727 302.727273 302.726058
1.000000 0.277778 303.333333 303.334548
1.000000 0.282828 303.939394 303.938180
1.000000 0.287879 304.545455 304.546669
1.000000 0.292929 305.151515 305.150302
1.000000 0.297980 305.757576 305.758789
1.000000 0.303030 306.363636 306.362424
1.000000 0.308081 306.969697 306.970909
1.000000 0.313131 307.575758 307.574546
1.000000 0.318182 308.181818 308.183028
1.000000 0.323232 308.787879 308.786669
1.000000 0.328283 309.393939 309.395148
1.000000 0.333333 310.000000 309.998793
1.000000 0.338384 310.606061 310.607266
1.000000 0.343434 311.212121 311.210917
1.000000 0.348485 311.818182 311.819385
1.000000 0.353535 312.424242 312.423041
1.000000 0.358586 313.030303 313.031502
1.000000 0.363636 313.636364 313.635167
1.000000 0.368687 314.242424 314.243618
1.000000 0.373737 314.848485 314.847294
1.000000 0.378788 315.454545 315.455733
1.000000 0.383838 316.060606 316.059422
1.000000 0.388889 316.666667 316.667847
1.000000 0.393939 317.272727 317.271552
1.000000 0.398990 317.878788 317.879957
1.000000 0.404040 318.484848 318.483686
1.000000 0.409091 319.090909 319.092064
1.000000 0.414141 319.696970 319.695824
1.000000 0.419192 320.303030 320.304165
1.000000 0.424242 320.909091 320.907969
1.000000 0.429293 321.515152 321.516257
1.000000 0.434343 322.121212 322.120126
1.000000 0.439394 322.727273 322.728333
1.000000 0.444444 323.333333 323.332305
1.000000 0.449495 323.939394 323.940380
1.000000 0.454545 324.545455 324.544525
1.000000 0.459596 325.151515 325.152365
1.000000 0.464646 325.757576 325.756840
1.000000 0.469697 326.363636 326.364199
1.000000 0.474747 326.969697 326.969417
1.000000 0.479798 327.575758 327.575535
1.000000 0.484848 328.181818 328.183061
1.000000 0.489899 328.787879 328.784087
1.000000 0.494949 329.393939 329.407048
1.000000 0.500000 330.000000 329.878419
